上海临港(600848)投资价值分析报告：服务实体 领军产园,公司,中信证券股份有限公司,张全国/陈聪/刘易,2023-05-04,"我们认为，产业园区板块之所以企业质素参差不齐，核心是一部分企业致力于服务实体经济，提升片区运营效率和价值，另一部分企业却把产业园区当做住宅圈地的口号，把园区运营当做铺摊子的说辞。公司聚焦大上海五大新城产业规划，具备长期片区运营提效的经验，收入和利润结构不断优化，经营性资产规模不断增加，所持梯度园区资产符合REITs 市场对存量资产和回收资金再投资的双重需要。我们认为，公司是真正具备发展可持续性的园区领军企业，也是我们在园区板块的首选标的。   
    能否有效服务实体经济，是产业园区企业能否可持续发展的根本鉴别标准。园区企业存在的根本目的是为了服务实体经济，底层价值在优化营商环境，发展路径通常体现为可租赁不动产空间（即经营性资产）的积累和提质。由于存在不少志在圈地和住宅开发的“伪园区公司”，园区行业在可持续发展方面的显著优势确实被市场低估。真正聚焦优势区域的园区运营服务商和传统地产企业并不相同，拿地和融资只是其发展的通常路径，并没有激烈的竞争和成本的抬升，伴随实体经济发展而发展是“真园区公司”的长远前景。“伪园区公司”通常表现为过分看重住宅开发，过分进入不熟悉的区域，缺乏实质的片区运营能力。   
    公司积极聚焦大上海五大新城，服务实体经济发展。公司是少见的既重视跨区域园区运营，又强调聚焦最熟悉城市的园区开发企业。公司所布局的重点园区，紧跟上海五大新城的产业规划布局，实体产业先行。2022 年，公司下属园区内企业固定资产投资同比上升50%，纳税总额同比上升12%。公司克服阶段性外部困难因素，深耕不同产业服务需求，形成了不同成熟梯度、围绕大上海实体经济发展需要的优质园区组合。   
    公司经营性业务不断发展，收入结构持续改善，规模增长有望重新适度提速。   
    2022 年，公司租赁和其他经营服务类业务的毛利占比已经超过了58%，2023年一季度末，公司出租物业规模达到304 万平米，收入和利润结构已经较之五年前发生根本性变化。公司不仅可以分享园区实体经济发展带来的空间付费意愿和能力持续提升的红利，还可以持续在园区范围内获取新的建设用地资源，兴建产业载体和配套不动产。仅就2023 年而言，租金减免的结束预计也会显著改善公司盈利水平。我们认为，这种产园业务的成长是高度可持续的，并不会像传统房地产开发企业那样面临激烈土地市场竞争。随着外部因素的变化，我们预计2023 年公司新增土储建面将达到60 万平米，回到历史高点，这也有望推动公司未来几年收入保持双位数的增长。   
    稳定杠杆率和持续上升的分红水平。和服务实体经济、逐渐优化公司营收结构相匹配的，是公司的杠杆率保持稳定。公司2022 年末净负债率为37.4%。公司的股利支付率则不断提升，到2022 年达到50%的水平。长期来看，我们认为随着投融管退的进一步打通，公司能更大程度取得扩大园区规模、保证投资者分红收益、保证园区经营质量之间的平衡。   
    风险因素：公司部分园区走向成熟尚需时间的风险；公司无法切入REITs 市场盘活存量优质资产的风险；公司围绕园区产业的部分基金化投资或参股投资可能出现损失的风险。   
    盈利预测、估值与评级：我们以多元视角考虑公司的估值。参考当前REITs 市场的现金分派水平和估值水平，我们测算完全不考虑公司在建和储备项目的经营性资产剔除净负债当前约322 亿市值，考虑在建和储备项目未来走向成熟的重估资产价值为694 亿市值。参考2022 年底公司全资子公司引战估值，考虑全资子公司约占公司整体利润比例，我们认为产业投资者可能长期认可的公司合    理价值约为480 亿元。我们预测公司2023E/24E/25E 的归母净利润为16.4/17.3/19.2 亿元，参考可比公司（如张江高科， Wind 一致预期）的估值，给予2023 年22 倍PE 估值，对应市值362 亿元。综合以上三种估值方法，我们给予公司421 亿目标市值，对应16.70 元/股的目标价（现价12.29 元/股），维持“买入”的投资评级。"
上海临港(600848)公司信息更新报告：经营企稳提质增效 投招联动持续突破,公司,开源证券股份有限公司,齐东,2023-05-04,"经营企稳提质增效，投招联动持续突破，维持“买入”评级上海临港发布2023 年一季报，1-3 月公司实现营业收入10.0 亿元，同比下降46.9%；实现归母净利润2.6 亿元，同比下降9.9%。公司2022 年实现营业收入60.0 亿元，同比下降4.6%；实现归母净利润10.1 亿元，同比下降33.0%。公司收入下降主要受销售物业的竣工节奏影响，而出租业务和运营业务基本保持稳定。受项目竣工延后影响，我们下调公司2023-2024 年并新增2025 年盈利预测，预计公司2023-2025 年归母净利润为11.9、15.8 和18.0 亿元（2023-2024 年原值为19.7、23.6 亿元），对应EPS 为0.47、0.63、0.71 元，当前股价对应PE 为26.2、19.7、17.3 倍。公司开发销售和运营租赁业务发展稳健，维持“买入”评级。   
　　经营企稳，提质增效   
　　2022 年，公司积极加大招商引资和存量盘活力度，投招联动实现多个重大产业项目落地，实现生物医药、新能源、半导体材料等多个领域项目落地。2022 年公司主动调整收入结构：（1）园区物业签约销售面积22.6 万平方米，园区物业销售收入33.1 亿元，园区销售物业毛利率41.4%；（2）租金收入24.3 亿元，同比增长8.8%，园区物业租赁毛利率72.6%，同比增加2.1 个百分点；（3）公司园区服务及其他收入实现2.6 亿元。2022 年，公司下属园区企业全年固定资产投资总额达到314 亿元，同比增长50.36%，园区企业营收规模超过11731 亿元，同比增长11%，纳税总额超过320 亿元，同比增长12%。   
　　土地储备充裕，多个重大项目实现开工   
　　公司2022 年新增土地储备面积约18.8 万平方米，新开工面积约184.6 万平方米，竣工面积约58.2 万平方米。数字江海首期项目实现“当年拿地、当年开工”，滴水湖金融湾二期、大飞机研创中心等重点项目实现年内开工建设。截至2022 年末，公司持土地储备39.8 万平方米，各类物业载体总在建面积达562.1 万平方米，同比增加94.63%；截至2023 年一季度末，公司在租园区房地产总面积约304.1万平方米。   
　　风险提示：拿地拓展不及预期、项目开竣工潜在风险。"
上海临港(600848)：优质园区稳健运营 新开工加速蓄力增长,公司,光大证券股份有限公司,何缅南,2023-04-21,"事件：公司发布2022 年年报。22 年，公司实现营业收入60.0 亿元，同比减少4.6%，归母净利润10.1 亿元，同比减少33.0%。   
　　点评：销售结算承压拖累业绩，优质园区运营稳健，新开工加速，资金回笼高效。   
　　销售结算承压，租赁稳健增长：22 年，公司实现营收60.0 亿元，其中房屋销售、房屋租赁分别实现收入33.1 亿元、24.3 亿元，同比分别为-10.8%、+8.8%，销售收入下滑主要受22 年结算结构影响，结算单价有所下滑，租赁收入保持稳健增长；公司综合毛利率为54.7%，同比降低5.2pct，归母净利润10.1 亿元，同比减少33.0%，归母净利率为16.8%，同比降低7.7pct，盈利下滑主要原因：1）销售结算收入减少，且低毛利项目集中结算，结算毛利率同比下滑13.8pct；2）金融工具持有期间的投资收益同比减少3.2 亿元，主要为产业投资收到的基金分红同比减少；3）结算项目权益结构变动等；公司扣非归母净利润为11.5 亿元，同比减少25.9%，好于归母净利润的同比表现，核心经营能力相对稳健。   
　　扩充优质园区，新开工加速：22 年，公司新增土地储备18.8 万平米，新开工184.6 万平米，同比大幅增长185.3%，实现数字江海首期、滴水湖金融湾二期、大飞机研创中心等重点项目开工。截至22 年末，公司各类物业载体总在建面积达 562.1 万平方米，同比增加94.6%，总在租面积301.6 万平米，同比增长14.6%，在建规模大幅提升，为业绩提升积蓄力量、奠定基础。   
　　核心园区租金稳定，品牌价值凸显：22 年，公司整体出租房地产的月平均租金为67.2 元/㎡/月，同比降低5.1%，其中漕河泾园区和浦江园区月平均租金分别同比增长3.1%、11.7%，租金稳中有升，其余园区月平均租金同比存在不同程度下滑，受疫情与减租影响明显，疫后恢复弹性较大。   
　　资金高效回笼，财务杠杆适度：截至22 年末，公司合同负债余额30.5 亿元，同比增长88.5%，经营性现金净流入6.3 亿元，同比增加25 亿元（经重列），经营效率提升明显；期末融资总额224.3 亿元，同比增长26.5%，平均融资成本3.30%，同比降低39bp，资产负债率59%，融资渠道畅通，资金成本持续优化。   
　　盈利预测、估值与评级：考虑公司销售业务结算增速和毛利率下滑，下调公司23-24 年EPS 预测分别为0.77 元（下调12.7%）、1.03 元（下调12.2%），新增公司25 年EPS 预测为1.29 元，当前股价对应23-25 年PE 为16.4、12.2、9.7 倍，公司在上海产业园业内具有品牌与规模优势，背靠临港集团资源丰富，作为临港新片区的开发主力军，业务发展稳健，维持“买入”评级。   
　　风险提示：项目销售、结算不及预期，园区出租率不及预期，产业投资亏损等。"
上海临港(600848)跟踪点评：加强临港布局 兑现股东资源,公司,中信证券股份有限公司,张全国/刘易/陈聪,2023-01-20,"公司是园区公司内少数股东资源丰富，具备规模扩张属性的企业之一，受租金减免及投资收益波动影响，短期业绩增速预计有所放缓。但是我们认为公司可出租面积及租金规模弹性较大，产金融合模式长期也具备良好发展前景。   
　　 收购新片区经济公司，增强临港新片区核心承载区布局。公司发布公告，拟收购大股东持有的新片区经济公司85.7%的股权，收购后新片区经济公司将成为全资子公司，相关议案已经股东大会通过。根据评估报告，新片区公司持有三个开发项目（权益比51%），合计土地面积130 万平米，31 个子地块中4 个已结构封顶，其他均处在前期开发和桩基施工阶段。我们相信，本次收购将推动滴水湖金融湾开发进程，也有助于提升公司未来可出租面积业态和规模，增加可售货值。   
　　 丰富的股东资源是公司相较同业重要优势。根据公司公告，自2015 年7 月起，公司大股东临港集团承接大丰园区、临港科技创新城及临港创新创业带的前期开发任务，并承诺上述园区开展实际经营、取得土地资源、剥离一级土地开发业务并实现盈利后将相关子公司股权按照经审计/评估的公允价值转让予公司。   
　　2022 年上半年末，临港集团总资产、净资产分别为公司的3.4 及2.8 倍，我们相信随着上述园区前期投入结束，进入盈利阶段，上市公司业务规模成长性将会体现出来。   
　　 疫情减租，影响租金收入增速。根据“临港集团”微信公众号，2022 年临港集团下属经营性物业，对小微企业和个体工商户租户普遍免除3 个月租金，部分免除6 个月租金。2022 年9 月末，公司在租面积为292 万平米，同比增长13.9%，前三季度租金收入（减免后）为18.4 亿元，同比增长13.2%。我们认为，减免租金是2022 年一次性的，预计2023 年租金的增速会明显超过在租面积的增速。   
　　 从“房东”到“股东”，分享产业发展红利。公司积极探索“基金+基地”、产金融合的创新业务模式，加大产业投资和直接投资力度，为公司可持续发展创造新的利润增长点。公司形成“基金+基地+服务”的综合优势，做大特色产业集群，分享产业发展红利。公司已投资多个园区头部企业和科创企业。   
　　 风险因素：投资业务受市场波动收益不及预期的风险，公司投资性房地产空置率上升、租金不及预期的风险。   
　　 投资建议：公司是园区公司内少数股东资源丰富，具备规模扩张属性的企业之一，受租金减免及投资收益波动影响，短期业绩增速预计有所放缓。但是我们认为公司可出租面积有望持续提升，产金融合模式长期看具备良好发展前景。   
　　考虑到短期因素影响，我们调整公司2022/23/24 年EPS 预测0.61/0.70/0.79元（原预测2022/2023 年预测为0.84/0.96 元）。可比公司，如张江高科估值市场一致预期2022 年26 倍PE。公司所在临港片区可谓中国发展前景最好，区域竞争优势最强的片区之一，公司股东资源丰富，规模增长可期，我们给予公司2022 年25 倍PE，对应目标价15.0 元，维持“买入”评级。"
上海临港(600848)动态跟踪：优质资产再获注入 增添金融业态因子,公司,光大证券股份有限公司,何缅南,2022-11-11,"事件：2022 年11 月10 日，公司公告称拟以现金人民币约33.02 亿元收购公司实际控制人上海临港经济发展（集团）有限公司（以下简称“临港集团”）持有的上海临港新片区经济发展有限公司（以下简称“新片区经济公司”）85.7143%股权，交易完成后新片区经济公司将成为公司的全资子公司。   
    点评：本次交易将为公司注入优质土储资源与金融业态因子，提升公司产业园规模，同时增强公司服务性收入水平和盈利能力。   
    优质资产再注入，业绩增长添动力：新片区经济公司是滴水湖金融湾的开发主体，成立于2019 年8 月，本次交易前公司持有新片区经济公司14.2857%股份，本次交易完成后公司将持有新片区经济公司100%股份。截至本次交易评估基准日（22 年6 月30 日），新片区经济公司净资产评估值约38.53 亿元，较账面净资产增值13.21%，公司收购85.7143%股权对应股权溢价约3.85 亿元。于评估基准日，新片区经济公司旗下3 家子公司合计持有上海市临港新片区105 社区金融东九/金融西九项目、滴水湖金融湾二期项目可开发土地面积约124.6 万平米，新片区经济公司权益占比为51%，其中多数地块处于待开发阶段。本次交易完成后，公司土储将得到充分补充，未来园区管理规模将继续扩大，业绩增长可期。   
    产业布局拓展，增添金融业态因子：滴水湖金融湾是临港新片区推进开放型特殊经济功能区建设的核心承载区之一，是临港构建金融服务新生态的重要窗口。本次交易完成后，一方面将为公司注入金融业态因子，有利于公司融合金融资源要素，构建更丰富的现代服务业功能平台体系，为公司落实“一体两翼”发展战略提供更广阔的施展空间；另一方面，打造滴水湖金融湾品牌，将丰富公司的品牌内涵，增强上海临港品牌影响力，有助于提升公司内在价值及核心竞争力。   
    背靠临港集团，深耕临港新片区，资源拓展空间大：公司是上海市国资委下属的临港集团旗下专业从事产业载体开发的上市公司，作为临港新片区开发建设的主力军，具有极高政策资源禀赋。目前公司与临港集团合作开发的特色园区还包括临港新片区信息飞鱼、临港新片区国际氢能谷等项目，未来有希望承接临港集团更多核心优质资产，作为公司独立外拓业务过程中的重要补充。   
    盈利预测、估值与评级：公司在上海产业园业内具有品牌与规模优势，背靠临港集团资源丰富，作为临港新片区的开发主力军，业务发展稳健。维持公司22-24年EPS 预测分别为0.65、0.88、1.17 元，当前股价对应22-24 年PE 为18.4、13.6、10.2 倍，维持“买入”评级。   
    风险提示：竣工、销售与租赁不及预期，产业投资亏损，疫情反复超预期等风险。"
上海临港(600848)2022年三季报点评：营收结算提速 租赁稳健增长,公司,光大证券股份有限公司,何缅南,2022-11-03,"事件：2022 年10 月27 日，公司发布22 年三季报。22 年前三季度公司实现营业收入49.2 亿元，同比增长2.63%；扣非归母净利润8.7 亿元，同比减少34.1%。   
　　点评：Q3 营收结算提速，盈利短期下滑，租赁业务发展向好，销售承压明显。   
　　营收结算提速，非经常性因素困扰盈利：22 年Q3，公司实现营收15.6 亿元，同比增长13.85%；归母净利润1.6 亿元，同比减少53.5%；毛利率为44.0%，显著低于历史平均水平。Q3 公司加快复工节奏，营收结算提速明显，盈利表现阶段性下滑。22 年前三季度，公司实现营收49.2 亿元，同比增长2.63%；归母净利润7.8 亿元，同比减少42.6%，盈利下滑显著的主要原因包括：1）受疫情影响，上半年开工及竣工进度搁置，影响产品销售与结算进度；2）由于交付的研发办公、标准厂房等产品价值量较大，低毛利产品阶段性大量交付容易对业绩产生脉冲式影响；3）产业投资基金的投资收益及金融资产公允价值变动损益同比大幅减少；4）为园区内企业提供减租支持。公司作为上海园区开发龙头之一，园区销售与租赁业务保持较高毛利，丰富的园区资源为业绩增长提供保障，产业投资赛道长期将释放价值，剔除短期非经常性因素影响，公司经营保持稳健。   
　　租赁规模扩大，销售业务承压：22 年Q3，公司实现租金收入5.5 亿元，同比减少7.2%，主要受减租影响。截至22 年三季度末，公司在租房产总面积292.2万平米，同比增长13.9%。22 年前三季度，公司累计实现租金收入18.4 亿元，同比增长13.2%；月每平米租金为69.8 元，在减租影响下同比仅下降0.6%。   
　　同时，公司前三季度已公告的园区销售额10.9 亿元，销售压力较大。总体上，公司园区租赁业务发展稳健，产品溢价率较高，扣除减租影响后产品月租金单价依然保持高水平，待疫情影响消退，租赁和销售业务将恢复贡献更多业绩。   
　　融资渠道畅通，财务运营稳健：截至22 年三季报发布日，公司年内已发行8 期超短融资券，平均票面利率在2%以内，资金充沛。截至22 年Q3，公司在手货币资金43.6 亿元，同比增长44.5%；资产负债率61.3%，有息负债规模可控，经营管控稳健。   
　　盈利预测、估值与评级：公司在上海产业园业内具有品牌与规模优势，作为临港新片区的开发主力军，业务发展稳健。考虑公司公允价值变动损益波动与投资收益减少等因素，我们下调公司22-24 年EPS 预测分别为0.65/0.88/1.17 元（分别下调13.9%、4.2%、0.6%），当前股价对应22-24 年PE 为18.3/13.5/10.1倍，维持“买入”评级。   
　　风险提示：竣工、销售与租赁不及预期，产业投资亏损，疫情反复超预期等风险。"
上海临港(600848)公司首次覆盖报告：立足上海走向全国 园区经营稳中向好,公司,开源证券股份有限公司,齐东,2022-10-24,"立足上海走向全国，园区经营稳中向好，给予“买入”评级上海临港作为具有国资背景的园区开发运营企业，拥有依托国家战略发展的产业优势，立足上海、融入长三角、走向全国的布局优势和受市场认可的品牌优势，公司开发销售和运营租赁业务发展稳健，土地储备充足，资金保障稳健，未来业绩有望持续释放。我们预计公司2022-2024 年归母净利润为18.7、19.7 和23.6亿元，对应EPS 为0.74、0.78、0.94 元，当前股价对应PE 为16.1、15.3、12.8倍。首次覆盖，给予“买入”评级。   
    三大业务稳健发展，充裕土储保障未来规模增长公司主营业务包括产业园区开发、园区运营租赁及服务和其他业务。园区开发业务以园区物业销售为主，2022H1 园区物业销售收入19.46 亿元，且公司获地成本远低于市场价格，利润空间较充分，土地储备可满足3-4 年的开发周期。公司园区以三个国家战略为承载进行布局，立足上海深入长三角，具备产业发展空间优势；2022H1 租金收入达12.89 亿元，同比增长24.9%；总可租售面积365 万方，总在租面积281 万方，较2021 年底分别提升34 万方和18 万方，贡献持续稳定的现金流，保障公司中长期业绩释放。公司结合园区区位和产业特色，构建了六大现代化园区服务体系，2022H1 园区服务和其他业务收入1.18 亿元，创立了轻资产运营服务团队进一步强化域外园区的发展规模。同时公司对园区产业积极赋能，培育了一批创新型产业项目，投资收入稳步提升。   
    利润水平持续增长，融资优势明显   
    公司利润水平连续四年实现增长，2022H1 公司实现归母净利润6.13 亿元，其中园区租赁业务毛利率达到77.1%，对业绩贡献显著。公司融资渠道畅通，2022年至今公开市场发债共62 亿元，发行利率1.7%-3.27%，平均融资成本由2018年的5.13%降至2021 年的3.69%，有助于盈利空间的释放。   
    风险提示：受到疫情反复影响，拿地拓展不及预期、项目开竣工潜在风险。"
上海临港(600848)：疫情冲击短期业绩 看好长期运营能力,公司,光大证券股份有限公司,何缅南,2022-09-06,"事件：2022 年8 月29 日，公司发布2022 年半年度报告。22 年H1，公司实现营收33.5 亿元，同比减少1.9%；归母净利润6.1 亿元，同比减少38.7%。   
    点评：疫情冲击收入结算进度，毛利率下滑与产业投资收益减少致短期盈利承压，园区综合开发与运营能力加强，资金充裕，经营稳健兼顾国企责任。   
    营收小幅下滑，盈利短期承压。22 年H1，公司实现营收33.5 亿元，同比减少1.9%，其中园区销售收入19.5 亿元，同比减少11.5%，园区租赁业务收入12.9亿元，同比增长24.9%，园区销售与园区配比约1.5 倍，收入结构合理稳定。22年H1 公司综合毛利率56.9%，较21 年H1 下降1.1pct，其中园区销售业务毛利率较21 年H1 下降6.8pct 至45%，园区租赁业务毛利率较21 年H1 提升3.4pct 至77%，保持较好表现。22 年H1 盈利承压原因主要如下：1）受疫情影响，22 年H1 公司累计竣工4.4 万平米，较21 年H1 减少81.7%，拖累结算进度；2）园区销售毛利率下滑，主要系结算产品结构变动影响；3）产业投资分红、金融工具公允价值变动收益分别较21 年H1 减少2.13 亿元、2.34亿元。我们认为以上为非经常性扰动因素，不影响公司长期发展，22 年H2公司聚力复工，营收增速有望提高，展望未来，业绩提升空间依然广阔。同时，22 年H1 公司为园区内小微企业减免租金，截至22 年H1 期末预收租金同比减少43.7%至2.2 亿元，稳健经营兼顾国企责任，提升园区客户粘性。   
    土储充足，深耕临港新片区强化竞争力。22 年H1，公司新增土储12.3 万平米，截至22 年H1 期末，全口径待开发土地面积60.6 万平米，各类物业总在建面积284.6 万平米，未来可租售资源供应充足。公司持续投入临港新片区的人工智能、航空航天、氢能源等重点领域相关园区的开发，加强在临港新片区的竞争力，未来2-3 年内临港新片区将逐步兑现开发业绩，助力公司盈利。   
    财务稳健，低成本融渠道畅通。截至22 年H1 期末，公司在手货币资金38 亿，较21 年末提升19.4%；流动比率自21 年末的1.58 倍提升至1.65 倍，资产负债率为60.7%。公司22 年H1 发行的公司债、短期融资券评级均为AAA 级，利率介于2.65%~3.5%区间。整体上公司财务稳健，流动性充裕，融资渠道畅通。   
    盈利预测、估值与评级：公司在上海产业园业内具有品牌与规模优势，作为临港新片区的开发主力军，业绩增长空间广阔。我们维持公司22-24 年归母净利润预测分别为19.0/23.2/29.8 亿元，当前股价对应22-24 年PE 为16.8/13.8/10.7倍，维持“买入”评级。   
    风险提示：开工与竣工不及预期，销售与租赁不及预期，疫情反复超预期等风险。"
上海临港(600848)：资产布局享政策优势 园区租售业务高增长,公司,光大证券股份有限公司,何缅南,2022-08-23,"上海市园区开发龙头，优质资产丰富，具品牌和管理优势。上海临港是上海市国资委下属的临港集团旗下专业从事产业载体开发的国有控股上市公司，公司旗下管理着漕河泾园区、松江园区、康桥园区、南桥园区、浦江园区和金山园区等核心资产，2021 年末总在租面积263.1 万平方米，总在建面积288.8 万平米，均位于国家战略发展和上海市重点发展区域及中外环产业金腰带，区位优势显著，园区品牌影响力大。   
    国家战略的领头践行者，具有政策资源禀赋。上海临港坚持围绕上海自贸区临港新片区、上海科创中心及长三角一体化国家发展战略开展业务布局，重点深耕临港新片区，截至21 年末约53.3%待开发土地分布在临港新片区大飞机航空产业园。临港集团被上海国资委确定为功能保障类企业、临港新片区开发建设的主力军，在临港新片区产业建设过程中能得到政府资源的支持，助力公司加快开发速度、节约开发成本、便捷招商引资等。   
    业务增速快，盈利水平高，收入结构优化。2017-2021 年，公司营业收入从20.7亿增长到62.7 亿，四年复合增长率达32%；归母净利润从4.1 亿增长到15.4亿，四年复合增长率39%，增长速度较快。公司毛利率长期保持在50%以上，归母净利率近三年平均值达31.5%，盈利水平较高。2019-2021 年租售业务配比约4：6，较2017-2018 年的表现（约1：9）更均衡，经营发展更加稳健均衡。   
    财务状况稳健，具低成本融资优势。2021 年末公司剔除预收账款后的资产负债率57.7%，低于70%的水平；净负债率73.7%，保持低于1 的水平；权益乘数2.47，整体上财务状况稳健，财务杠杆水平较低。公司主体信用评级为AAA 级，近四年平均融资利率从5.1%下降到3.7%，融资渠道畅通，有助于持续降低开发成本、提升拿地补货的能力。   
    盈利预测、估值与评级：目标价17.33 元，首次覆盖给予“买入”评级预测公司2022-2024 年的营业收入为77.3/96.0/118.1 亿元，营收增速分别为23.3%、24.2%、23.0%；归母净利润分别为19.0/23.2/29.8 亿元，分别同比增长24.0%、21.8%、28.5%。根据绝对估值法，我们认为公司合理价格约为17.33元/股；根据相对估值法，我们认为公司合理价格约为18.00 元/股。综合绝对估值法与相对估值法，根据审慎性原则，我们给予公司目标价17.33 元/股。鉴于公司在上海产业园业内的丰富经验与规模优势，作为临港新片区的开发主力军，享有政策优势，业绩增长空间广阔，首次覆盖给予“买入”评级。   
    风险提示：国内新冠疫情反复影响开工、市场拓展效果不及预期、不动产价格下滑、产业投资对象经营表现不佳。"
上海临港(600848)投资价值分析报告：园区运营龙头 集团资源丰富,公司,中信证券股份有限公司,张全国/刘易/陈聪/李宗儒,2021-12-13,"临港集团下属唯一上市平台，政策、招商引资等方面的天然优势。公司体内的松江园区、康桥园区、南桥园区、自贸区（洋山）陆域部分均位于上海市城市发展的重点板块，能够享受“双特”机制、科技创新中心重要承载区、产业引导基金、人才引进、推进国有经济布局优化和结构调整等各方面的政策聚焦及支持。集团资源丰富，在临港集团“区区合作、品牌联动”和“走出去”结合的拓展模式之下，公司作为集团旗下的园区运营专业公司，未来运营管理更多成熟优质园区资产值得期待。   
　　 强园区运营管理能力。在疫情影响下，公司积极应对，将管理服务体系线上化、精细化，同时设立“上海临港同舟共济新冠病毒防控专项资金”，积极支持公司下属园区内企业抗击新冠肺炎疫情。截至2020 年末，公司总可租售面积超过560 万平米，主要资产模拟平均出租率超过70%。公司同样注重综合配套服务能力的培养，在优质物业产品的基础上，致力于为园区内企业和人才发展营造更加完善的软硬件配套服务环境。   
　　 高品牌美誉度及市场认可度。公司以“国家亟需、战略必需”为园区产业发展导向，注重引进一系列关键重要领域的突破性高新项目，逐步打造了“临港”、“漕河泾”、“科技绿洲”等品牌。2021 年一季度，漕河泾园区在上海的产业园区中具备最高的平均租金达到4.96 元/平米/天，园区空置率为18.6%，出租率及平均租金的出色表现也从市场层面印证了公司的高品牌美誉度。同时，公司注重开发新生态，打造“科创+文旅”融合的创新品牌，推出“G60 工业互联体验之旅”、“零食博物馆之旅”等项目，也有较好的市场反响。   
　　 土地储备资源丰富，大力发展临港新片区。截至2020 年末，公司实现销售金额约22.4 亿元，销售面积约9.7 万平米，待开发土地总规划建面达60 万平米（剔除合作方应占开发面积），约为同报告期内签约销售面积的6 倍，土地资源较为丰富。2021 年以来，公司通过招拍挂形式新获取了三块位于自贸区临港新片区的土地，合计面积达47.7 万平米。   
　　 融资成本优势明显，产业投资收益值得期待。公司为“绿档”企业，融资渠道畅通，平均融资成本2020 年仅为4.05%。公司坚持“一体两翼”发展布局，以园区开发为主体，以产业投资、配套服务为辅，这意味着，公司不仅能获得产业集聚的空间运营收入，还可以获得参与产业孵化和赋能的回报。公司通过统筹方式进行投资项目管理，逐步向投管协同转型，近年产业投资能力持续提升，在市场机遇及政策支持下，未来产业投资收益值得期待。   
　　 风险因素：宏观经济增速下行；疫情超预期反复；房地产信用风险持续蔓延导致系统性风险等事件；对公司租赁及销售业务造成影响的风险；园区资产所在区域供给超预期上行带来租金及出租率压力的风险。   
　　 投资建议：公司是上海市国资委下属唯一产业园区投资企业，在政策、招商引资、融资等方面具备天然优势。公司已打造较强园区运营管理能力，高品牌美誉度及市场认可度，在丰富资源、政策红利和市场机遇下，自我造血能力有望进一步加强。我们给予公司2021/22/23 年EPS 预测0.67/0.84/0.96 元，参考可比公司估值并给予公司一定的估值溢价，给予2022 年22 倍PE，对应目标价18.50 元，首次覆盖，给予“买入”评级。"
上海临港(600848)：业绩稳定增长,公司,兴业证券股份有限公司,郭毅/阎常铭/徐鸥鹭/靳璐瑜,2020-05-18,"投资要点   
    业绩总体稳健，利润指标向好。2019 年，公司实现总营业收入39.50 亿元，同比下降17.70%；归母净利润13.47 亿元，同比增长10.12%。其中房地产业务综合毛利率71.7%，较上年同期增加0.61 个百分点。公司产业集群效应进一步扩增，今年一季度业绩表现靓眼。公司营收同比增长69.24%，归母净利润同比增长5.48%；扣非归母净利润同比增长110.94%。   
    优质资产注入，园区板块补强。2019 年漕河泾园区优质资产并入公司旗下园区板块，显著提升公司整体产业规模和综合实力。重组完成后，公司2019 年总在租面积达到180 万方，较上年末增长309.09%，报告期内出售面积达12.8 万方，较上年末增长93.94%。租、售两端均取得跨越式增长。   
    土地储备充裕优良，为业绩增长奠定基础。按待开发项目+在建项目的计容建面口径计算，2019 年末公司总土储共计352.56 万方，较2018 年增加160.4 万方。土地储备大幅增长得益于（1）漕河泾重大资产重组交割完成后，漕河泾园区等优质资产纳入并表范围，公司储备资源得到明显扩充；（2）公司适时投资，2019 年新增土储面积约44 万方。   
    融资端渠道与成本优势明显。2019 年，公司重大资产重组共募集配套资金约47.67亿元，融资渠道通畅。此外，公司持续保持较低的资金成本。2019 年在行业金融政策整体收紧的背景下，整体融资成本仅为4.55%，较2018 年下降0.6 个百分点。   
    投资建议：上海临港重大资产重组顺利收官，产业集群效应进一步扩增，业绩稳健增长，土地储备充裕优良，负债水平较低，融资端有优势。预计公司2020 年、2021 年公司EPS 为0.69 元、0.76 元，以2020 年5 月14 日收盘价计算，对应PE分别为29 倍、27 倍，维持审慎增持评级。   
    风险提示：产业园区招商项目下滑、融资环境收紧。"
上海临港(600848)点评：坚持科创中心建设 业绩持续稳定增长,公司,东北证券股份有限公司,高建,2017-09-06,"报告摘要：   
　　事件：2017上半年公司实现营业收入9.05亿元，同比增长60.41%；归母净利润1.91亿元，同比增长116.72%；EPS0.1715元，加权平均净资产收益率为3.14%。   
　　业绩持续稳定增长，盈利能力亮眼。受益于公司重组注入资产陆续开始进入结算周期和公司品牌效应的逐步提升，公司营业收入和归母净利润较上年同期均有较大幅度增长。公司上半年毛利率达52.3%，净利率达21.26%，作为园区开发运营企业，公司的盈利能力维持在较高水平。   
　　提升综合服务能力，打造一流园区品牌。公司作为建设上海全球科创中心重要承载体，涉及开发的园区包括松江园区、南桥园区、康桥园区和自贸区（洋山）陆域部分，各园区上半年引入企业情况良好，园区综合服务能力不断提升，预期公司未来可持续收益于上海“科创中心”的建设。   
　　土储资源丰富，打下业绩基础。2017年上半年，公司共签约销售面积万平方米，公司总在租面积34.1万平方米。公司新开工面积万平方米，在建面积约129万平方米，陆续有新建厂房于未来2-3年竣工，公司未来可租可售面积有保证。公司上半年预收账款达7.88亿元，较2016年末增加68%，公司未来业绩兑现有保证。   
　　盈利预测与投资评级：首次覆盖，给予“增持”评级。预计2017、和2019年EPS分别为0.42元、0.48元和0.52元。当前股价对应2017、2018和2019年PE分别为60.25倍、51.78倍和倍。   
　　风险提示：行业政策调控持续收紧；园区建设推进缓慢。"
上海临港(600848)半年报点评：房产销售结转增加推升公司业绩,公司,海通证券股份有限公司,涂力磊/谢盐,2017-08-30,"公司公布 2017 年半年报。报告期内，公司实现营业收入 9.05 亿元，同比增加 60.4%；归属于上市公司股东的净利润 1.91 亿元，同比增加 1.17 倍；实现基本每股收益 0.17 元。   
　　2017 年上半年，受房产销售结转增加推动，公司营收增加 60.4%；同期费用水平下降使得净利润增幅扩大至 1.17 倍。2017 年 1-6 月，公司共签约销售面积 4.95 万平。截至 2017 年 6 月 30 日，公司总在租面积 34.1 万平。报告期内，公司新开工面积 5.9 万平，在建面积约 129 万平，无竣工面积。其中松江园区南部新兴产业综合体已结构封顶，科技绿洲一期（高层）正在办理竣工备案；浦江园区 A1 地块工业厂房项目三期、F 地块工业厂房三期 2 标 B项目已进入室外总体施工阶段，A2 地块移动互联网产业（一期）项目正在施工基坑围护桩，D2 地块生命健康产业园期二项目(A)已完成桩基工程，正在进行主体施工准备；康桥园区二期-2 项目已完成装饰安装工程，正在进行室外总体施工。2017 年上半年，松江园区新引入企业超过两百家；园区企业实现工业产值、营业总收入等指标同比实现翻番。浦江园区新增企业 50 余家。   
　　康桥园区累计导入企业近三十家。南桥园区累计导入企业近二十家。洋山自贸区（陆域部分）成功引进了服装跨境电商分拨中心、日用品分拨中心（明绍）、汽车配件亚太分拨中心等项目。   
    2017 年 8 月，公司共同出资设立上海临港金山新兴产业发展有限公司，共同推进上海西南智能制造中心建设。   
    投资建议。定增注入浦江高科技园区和双创园区开发运营资产，受益自贸区和迪斯尼建设，“增持”评级。公司是以园区开发与经营、园区服务为核心业务，涵盖战略性新兴产业及生产性服务业基地、高科技民营制造企业基地、国际创造力中心、国际现代化物流服务中心的大型园区类投资控股公司。公司涉及开发的园区包括松江园区、南桥园区、康桥园区和自贸区（洋山）陆域部分。本次临港集团再次注入浦江高科技园区和双创园区资产（预估值为16.5 亿元，扣除已出售建面合计是 56.3 万平），同时募集配套资金 15 亿元，引入了普洛斯等产业地产巨头。目前，公司已完工、在建及拟开发项目权益总建面 182 万平。我们预计公司 2017-2018 年 EPS 分别 0.45 元和 0.61 元。   
　　考虑到临港集团未来仍有资产注入的预期，且处于大张江范围内，我们给予公司 2017 年 60 倍 PE，对应未来 6 个月 27.0 元目标价，给予“增持”评级。   
    风险提示：公司面临租售不及预期风险。"
上海临港(600848)：业绩增速略超预期 将持续受益于“科创中心”建设,公司,东方证券股份有限公司,竺劲,2017-08-29,"业绩增速略超预期，负债情况持续优化。2017H1 公司实现营业收入9.1 亿元，同比增长60.4%，实现归母净利润1.9 亿元，同比增长116.7%。公司重组注入资产浦江园区中的项目陆续开始进入结算周期，贡献了可观的业绩，重组时的业绩承诺大概率可以完成。受到结算项目结构的影响，毛利率略下滑至52.3%，净利率保持在21.0%，整体盈利能力维持在较高水平。资产负债率及净负债率持续走低，分别为43.0%和0.9%。   
    公司租售规模扩张迅速，预收账款锁定未来业绩。公司2017H1 实现签约销售面积5.0 万平米，同比增长57.1%；可租面积增长超过了销售面积增长，同比增长58.3%，可租面积已达34.1 万平米，租售结构进一步优化。同时在建面积约129 万平米，未来可售及可租储备充足。公司2017 年H1 预收账款达到7.9 亿元，同比大增69%，且2016 年来销售项目的毛利率逐步走高，保障了未来1-2 年业绩的稳定释放。   
    园区经济蓬勃发展，公司有望受益于上海科创中心建设加速。2017 年上半年，公司松江园区、浦江园区、康桥园区和南桥园区分别新引入企业200 家以上、50 家以上、近30 家、近20 家，引入企业涵盖智能制造、工业机器人研发、人工智能产业、新能源、新材料产业、电子信息技术产业等高新产业。上海市推进科技创新中心建设领导小组会议8 月23 日召开，“科创中心”建设将不断加速，公司始终聚焦高新技术及其相关公司，有望从中受益。   
    财务预测与投资建议   
    维持买入评级，上调目标价至26.00 元（原目标价24.48 元）。我们预测公司2017-2019 年EPS 分别为0.50/0.57/0.64 元（原为0.48/0.55/0.63 元）。   
    运用可比公司法，可比公司2017 年PE 为52X，对应目标价26.00 元，维持买入评级。   
    风险提示   
    部分项目达到可租售状态时间与预计可能存在差异。   
    上海科创中心建设进展低于预期。"
上海临港(600848)深度研究：上海市属优质园区平台 科创中心建设标兵,公司,安信证券股份有限公司,陈天诚,2017-06-27,"两次资产注入，实现集团上海四个园区上市。公司原名自仪股份，是由上海临港集团旗下专业从事产业载体开发运营的上市公司1）2015 年底首次注入，实现借壳上市：首批注入上市公司的园区资产包括松江、康桥、南桥3 个园区资产。临港集团注入时承诺5 年内注入漕河泾和浦江两个园区，以及在3 年内将已处于筹建阶段的桃浦智慧城、盐城园区、海宁园区注入上市公司平台，以解决同业竞争问题。2）2016年6 月，集团首次履行上市时承诺。上市公司通过本次交易新增浦江园区项目，获得98.4 万方的权益可租售建面。根据公司年报，本次拟注入资产2016 年实现归母净利润为1.09 亿元，按本次交易价格计算PE 15X，低于上市公司今年以来平均水平。   
　　业绩亮丽，在手188 万方优质园区资源。根据公司2016 年年报。公司共实现营收18.0 亿元，同比+12.1%（一季报同比+494%）；归属于上市公司股东的净利润4.03 亿元，同比+20.2%（一季报同比增16 倍）；截至年末，公司在开发面积91 万方，土地储备63 万方，公司总在租面积34.5 万方，合计拥有优质园区可租售资源188 万方。   
　　背靠临港集团，上海“自贸区”和“科创中心”建设的战略主体。上海临港产业区是上海规模最大的产业开发项目，待开发资源最丰富，承接重大战略性项目的可能性最大。临港集团是唯一市属园区地产集团，是临港产业区及漕河泾开发区的开发主体。作为是上海建设“全球科创中心”和“自贸区”战略的重要载体。根据公司公告，临港集团目前从事土地一级开发业务，代政府行使相关非市场化业务职能。   
　　公司土地获取与集团行政职能密不可分（与一级开发及招商引资、园区规划联动），潜在资源可观。   
　　投资建议：近期彭博社及路透社报导了“特斯拉落户临港产业区”的传闻，特斯拉方面也有透过媒体回应，但目前中方尚未有任何代表发布正式公告，也不明确落地具体位置。6 月22 日晚，公司发布公告称截至目前，本公司未与特斯拉公司进行过接触，亦未与特斯拉公司就其在中国建厂事项有合作意向，并且未签署任何协议。   
　　我们不妨作两方面假设，1、假设特斯拉如传闻落地：公司除了有土地资源增值和租金增值预期外，也存在股权合作的预期。但由于之前合资车企主要是车企之间的股权合作，比较少车企和非车企合作，如若参与特斯拉合资公司投资，对公司业绩贡献弹性非常可观。若未有参股合资公司，上市公司是集团主要二级开发主体，未来预计将参与到特斯拉整车厂的规划、设计、建设中去，是本次投资的最大受益者之一。2、本次传闻并无实质进展：目前特斯拉已经官方回应正与上海市政府探讨建设工厂的可能性，即便落地进展不如预期，仍并不能否认临港产业园在全国有独一无二的价值，相信市场对该区域土储价值会有重新认识，值得持续跟踪。   
　　风险提示：国企体制僵化，业务推进缓慢，资源获取能力低于预期。"
上海临港(600848)季报点评：房产结转大幅增加推动业绩高增长,公司,海通证券股份有限公司,涂力磊/谢盐,2017-04-28,"投资要点:   
    事件。公司公布2017 年一季度。报告期内,公司实现营业收入3.49 亿元,同比增加494%;归属于上市公司股东的净利润5599 万元,同比增加16 倍;实现基本每股收益0.05 元。   
    2017 年一季度,受结转大幅度增加推动,公司营收升494%;受费用水平下降推动,公司净利润增幅扩大至16 倍。   
    2017 年1-3 月,公司地产业务签约销售面积为1.49 万平,签约销售合同金额为19358.4 万元。截止2017 年3 月底,公司出租房地产总面积34.3 万平。2017 年1-3 月,公司出租房地产的租金总收入为4533.7 万元。2017 年1-3月,公司园区运营服务相关收入为38.1 万元。   
    投资建议。定增注入浦江高科技园区和双创园区开发和运营业务资产,受益自贸区和迪斯尼建设,“增持”评级。公司是以园区开发与经营、园区服务为核心业务,涵盖战略性新兴产业及生产性服务业基地、高科技民营制造企业基地、国际创造力中心、国际现代化物流服务中心的大型园区类投资控股公司。公司涉及开发的园区包括松江园区、南桥园区、康桥园区和自贸区(洋山)陆域部分。本次临港集团再次注入浦江高科技园区和双创园区资产(预估值为16.5 亿元,扣除已出售建面合计是56.3 万平),同时募集配套资金15亿元,引入了普洛斯等产业地产巨头。目前,公司已完工、在建及拟开发项目权益总建面182 万平。我们预计公司2017-2018 年EPS分别0.45 元和0.61元。考虑到临港集团未来仍有资产注入的预期,且处于大张江范围内,我们给予公司2017 年55 倍PE,对应未来6 个月24.8 元目标价,给予“增持”评级。   
    风险提示:行业面临加息和政策调控两大风险。"
上海临港(600848)年报点评：盈利能力持续改善 受益上海科创中心建设,公司,海通证券股份有限公司,涂力磊/谢盐,2017-04-13,"投资要点：   
　　事件。公司公布2016年年报。报告期内，公司实现营业收入18.0亿元，同比增加99.7%；归属于上市公司股东的净利润4.03亿元，同比增加68.5%；实现基本每股收益0.40元（全面摊薄每股收益0.36元）。   
　　2016年，受租售增加推动，公司营收大增99.7%；同时租赁毛利率较低使得公司净利润增幅缩窄至68.5%。2016年，公司共新增出租面积22,832 平米，出售面积170,239 平米。截至2016年底，公司总在租面积34.5万平。2016年，浦江园区为公司贡献了22.34万平土地储备。   
　　盈利能力保持增长。公司每股收益下滑的主要原因主要来自16年注入优质资产带来股本增厚。从归母净利润这一真实盈利能力看，企业保持较好增长水平。此外，公司当期未能有效分红的主要原因在于弥补重组前原企业亏损。   
　　截至2016年底，公司持有待开发土地面积约36.67万平。2016年，公司当年竣工面积0.8万平；新开工面积约83万平；续建面积约40.1万平。全年总施工面积124万平，实际完成投资额10.3亿元。2016年，公司对外股权投资共计2540万元。   
　　2016年5月，公司发布了《发行股份购买资产并募集配套资金暨关联交易预案》。我们认为，通过本次资产重组，首先，公司拟注入浦江高科技园二级开发业务资产，由此公司的盈利能力将进一步增强。其次，本次交易将有利于进一步减少临港集团与上市公司的潜在同业竞争。第三，为了解决同业竞争问题，临港集团后期的临港产业区、漕河泾园区等产业地产开发和运营资产仍有进一步注入的可能性   
　　投资建议。定增注入浦江高科技园区和双创园区开发和运营业务资产，受益自贸区和迪斯尼建设，“增持”评级。公司是以园区开发与经营、园区服务为核心业务，涵盖战略性新兴产业及生产性服务业基地、高科技民营制造企业基地、国际创造力中心、国际现代化物流服务中心的大型园区类投资控股公司。公司涉及开发的园区包括松江园区、南桥园区、康桥园区和自贸区（洋山）陆域部分。目前，公司已完工、在建及拟开发项目权益总建面182万平。   
　　我们预计公司2017-2018年EPS 分别0.45元和0.61元。考虑到临港集团未来仍有资产注入的预期，且处于大张江范围内，我们给予公司2017年55 倍PE，对应未来6 个月24.8元目标价，给予“增持”评级。   
　　风险提示：行业面临加息和政策调控两大风险。"
上海临港(600848)年报点评：资产注入增强盈利能力 土储充足后续发展可期,公司,东方证券股份有限公司,竺劲,2017-04-12,"业绩稳健增长,盈利能力有所提高。公司2016 年营业收入、归母净利润分别为18.0 亿元、4.0 亿元,同比增长12.1%、20.2%。其中房产销售、租赁业务的营收分别为15.1 亿元、1.6 亿元,同比增长10.2%、9.5%。公司2016年毛利率为56.9%,较去年提高4.3 个百分点;归母净利润率为22.4%,较去年提高1.5 个百分点,盈利能力有所提高。   
    重组注入资产交割完成,资产负债情况显著改善。公司在2016 年底公告完成浦星公司100%股权和双创公司85%股权的交割过户,资产注入及配套融资的到位使公司资产负债情况改善明显。2016 年公司资产负债率为51.0%,较15 年下降2.2 个百分点。公司2016 年净资产负债率下降至28.8%,较15 年下降13.2 个百分点,负债率在同类公司中处于较低水平。   
    土地储备充裕,后续资产继续注入值得期待。截至2016 年12 月,公司共持有待开发土地面积约36.7 万平方米,其中浦江园区就贡献了22.3 万平方米土地储备。2016 年公司共新增出租面积2.3 万平方米、出售面积17.0 万平方米,目前公司总在租面积为34.5 万平方米。此外,集团在借壳上市时已作出承诺,明确提出将在3-5 年内,分别将漕河泾园区及目前处于筹建阶段的相关园区剥离代政府行使职能的非市场化业务及一级开发业务,并且相关子公司经营步入正轨后,将这些子公司股权转让予上市公司。后续其他园区资产注入也值得期待。   
    财务预测与投资建议   
    维持“买入”评级,上调目标价至24.48 元(原目标价23.00 元)。我们预测公司未来三年2017-2019 年EPS 分别为0.48、0.55、0.63。可比公司2017年平均估值为51X,给予公司2017 年51X 估值,对应目标价24.48 元。   
    风险提示   
    部分项目达到可租售状态时间与预计可能存在差异。   
    上海科创中心建设进展低于预期。"
上海临港(600848)点评：园区资源丰富 受益于科创中心建设,公司,财达证券股份有限公司,蒋卓晓,2017-03-27,"摘要:   
    公司控股股东临港集团是上海市唯一直属园区企业,临港集团负责开发的临港、漕河泾两品牌园区已被确定为全市建设科创中心的重要承载区,未来在园区开发和产业培育方面有很大发展空间。公司目前旗下主要产业园区有四个:松江园区、康桥园区、南桥园区、自贸园区,园区产业各具特色,致力打造各自区域的产业项目标杆。   
    2016 年公司成功完成发行股份购买资产并募集配套资金,收购浦星公司100%股权及双创公司85%股权的同时引入莘庄工业区、诚鼎新扬子、东久投资、盛睿投资、普洛斯、赛领博达、上海并购基金等机构,其中东久投资、普洛斯在工业地产及园区运营方面具有丰富经验,未来或将与公司进一步合作。目前集团旗下园区资源众多,根据2015 年集团出具的承诺,未来仍有部分园区资产将注入到上市公司。   
    盈利预测:公司披露2016 年业绩预告,公司实现归属于上市公司股东的净利润与上年同期相比将增加60%-80%,公司收购浦星公司100%股权及双创公司85%股权将于2016 年实现并表,对前期报表追溯调整后归母净利润预计将增加10%到30%。公司产业园区受益于科创中心及自贸区建设,未来集团资产仍存在注入的预期。预计公司2016-2018 年EPS 分别为0.35 元、0.41 元和0.44 元,给予“增持”评级。   
    风险提示:1)房地产项目销售不达预期的风险;2)相关政策变动的风险。"
上海临港(600848)公司跟踪报告：临港模式独一无二 “双特”政策持续发力,公司,海通证券股份有限公司,涂力磊/谢盐,2017-02-26,"投资要点:   
    临港2.0 版“双特”政策启动,2017 年聚焦国际智能制造中心建设。2017 年始,临港聚焦推进国际智能制造中心建设,五大功能性平台17 年有望逐步投入运营。为助推科技成果转化,临港还将打造“一城六园”为主体的孵化转化平台。“一城六园”三年内将形成300 万平科研办公空间。公司战略重点涉足智能制造生态体系,集聚产业技术平台、智能制造应用示范以及科技金融、园区等要素,推进整个临港智能制造产业生态体系建设。到2020 年,临港要初步形成上海具有全球影响力科技创新中心主体承载区框架。   
    独特的“地权-股权结合拓展模式”,全市场唯一,实现共赢。该模式中动拆迁的农民通过村镇资产管理公司间接参股平台开发公司(临港集团则管理平台公司有控股权),平台开发公司注入上市公司后,农民则间接获得了上市公司的参股权(村镇资产管理公司是上市公司的直接小股东)的“地权-股权结合模式”。以上模式属市场首创,价值巨大。这种模式有效降低土地获取成本,减少征地矛盾,使农民能分享公司发展红利和资本增值收益。考虑上海土地价格持续上涨,临港模式对农民吸引力大,集团具备开发所有类型园区牌照,将为企业多点布局,区区合作,品牌联动带来契机。   
    借壳和定增后,公司拥有浦江、松江、康桥、南桥和自贸区等优质园区资产。公司是上海临港集团旗下专业从事产业载体开发和运营的国有控股上市公司。这些园区是上海建设“科技创新中心”和“中国自贸区”战略的重要载体。公司通过定增引入优质战略股东。2016 年三季度末,公司下属开发园区已开发面积达到5177 亩(不包括洋山区域)。目前,临港集团已在临港、漕河泾、松江、浦江、康桥、南桥、自贸区、枫泾等区域开发建设了国家新型工业化产业示范基地、国家级经济技术开发区、高科技园区、保税港区、新兴产业园等各种类型的产业园区。为了解决同业竞争问题,临港集团后期的产业地产开发和运营资产仍有进一步注入的可能性。   
    投资建议。优质园区资产上市,大张江和大科创概念。公司通过定增方式注入浦江高科技园区优质资产,有效提升上市公司经营实力。注入的浦江高科技园兼具国家级经济技术开发区、上海张江国家自主创新示范区功能。以上园区目前正重点围绕“大科创”、“大健康”、“大文化”、“大电商”、“大检测”等5+X的产业布局。根据发行后总股本,我们预计公司2016-2017 年EPS 分别0.38元和0.46 元。考虑到临港集团未来仍有资产注入的预期,且处于大张江范围内,并叠加了“双特”政策催化,我们给予公司2016 年70 倍PE,对应未来6个月26.6 元目标价,给予“增持”评级。   
    风险提示:企业转型不达预期风险,公司重心下移。"
上海临港(600848)简报：2016业绩略超预期 持续看好未来发展回调正是买入良机,公司,光大证券股份有限公司,陈浩武,2017-01-25,"公司发布2016年度业绩预增公告追溯调整后净利润预增10%~30%   
    1月24日公司发布2016年年度业绩预增公告,预计公司2016年实现归属于上市公司股东的净利润与上年同期(2015年度报告披露数据)相比增加60%到80%,与2015年度实现归属于上市公司股东净利润(追溯调整后)相比预计增加10%到30%。追溯调整后2015年归属于上市公司股东净利润约为3.36亿元,预计2016年为3.96~4.37亿元。   
    2016业绩大幅增加主要来自于关联企业合并报表   
    截止2016年末公司已完成重大资产重组事项(向浦江公司发行股份购买资产及相关资产交割过户),公司向浦江公司发行股份购买资产属同一控制下企业合并,相关标的公司将纳入公司2016年合并财务报表范围,同时对2016年及以前年度财务数据进行追溯调整,导致公司2016年度合并报表后收入、费用、利润较上年同期产生较大幅度增长。报告期内影响公司2016年度非经常性损益的金额约在1.05亿元到1.25亿元之间。   
    短期受房地产行业调控影响股价下挫,长期持续看好公司未来发展   
    短期来看,公司股价此前已达到我们的目标价24.80元。近期受房地产行业调控影响地产板块估值整体下挫,公司股价随之下滑明显;长期来看,临港占据得天独厚的地缘优势和交通优势,江运、海运、公路、高铁、地铁、机场等多重交通汇集,已成为上海核心战略新兴产业和先进制造业基地;双特新政下高端制造从业人口不断聚集,地价房价涨幅明显,昔日价格洼地不断填平;2017年2月17日即将出让临港三块纯宅地起拍楼板价高达2.1万元/平方米;公司新任总裁具有丰富的产业园区开发、规划、管理及运营经验;下属四个产业园土储丰富,优势互补,集群联动;上海再工业化大背景下,长期看好公司未来发展。   
    调高盈利预测,目标价调整为23.80元,上调至买入评级   
    上调公司2016-2018年EPS为0.40元/0.41元/0.46元,对应P/E为48/47/41,六个月目标价调整至23.8元,上调至买入评级。   
    风险提示   
    临港新城公共交通设施不足成为发展瓶颈,导致人口流入过慢;资产整合后管理未能及时跟上,导致产业规模聚集效应未能有效发挥。"
上海临港(600848)动态跟踪：重组注入资产交割完成 公司发展值得期待,公司,东方证券股份有限公司,竺劲,2017-01-06,"核心观点   
    重组注入资产交割完成,公司盈利能力将大幅提升。公司公告已完成浦星公司100%股权和双创公司85%股权的交割过户。公司此次发行股份购买资产及募集配套资金已获证监会批复。收购浦星公司和双创公司合计价格16.6亿元,对应2015 年静态市盈率为17X 远低于公司目前市盈率。我们认为公司收购完成盈利能力将大幅提升,预计公司2017/2018 年EPS 将从收购前的0.35/0.42 上调至0.46/0.54(假设2017 年重组及募集配套资金都完成),RNAV 估值重估后每股净资产提升至18.20 元。   
    集团资产注入利于解决同业竞争,后续资产注入值得期待。大股东临港集团在上市公司体外仍有大量优质园区资产,本次浦星公司和双创公司的注入利于解决同业竞争,同时提升上市公司盈利能力。集团在2015 年底部分资产借壳上市时已作出承诺,明确提出将在3-5 年内,分别将漕河泾园区、浦江园区及目前处于筹建阶段的相关园区(包括桃浦智慧城、盐城园区、海宁园区)剥离代政府行使职能的非市场化业务及一级开发业务,并且相关子公司经营步入正轨后,将这些子公司股权转让予上市公司。除了本次已注入的浦星公司、双创公司外,后续的其他园区资产注入也值得期待。   
    财务预测与投资建议   
    上调评级至买入,上调目标价至23.00 元(原目标价18.30 元)。浦江公司和双创公司已完成过户,我们预测从2017 年开始并表,预测公司2016-2018年EPS 分别为0.30,0.46,0.54(原预测为0.30,0.35,0.42,预测上调主要源于浦江公司与双创公司的并表)。可比公司2017 年平均估值为50X,给予公司2017 年50X 估值,对应目标价23.00 元。   
    风险提示   
    部分项目达到可租售状态时间与预计可能存在差异。   
    上海科创中心建设进展低于预期。"
上海临港(600848)季报点评：园区综合服务收入推升公司业绩增长,公司,海通证券股份有限公司,涂力磊/谢盐,2016-10-28,"投资要点：   
　　事件 前三季度，公司实现营业收入6.09 亿元，同比增加18.3%；归属于上市公司股东的净利润1.55 亿元，同比增加38.0%；实现基本每股收益0.17元。   
　　2016 年前三季度，受综合服务收入增加推动，公司营收增加18％；受结转毛利率较高推动，净利润增速扩大至38%。   
　　投资建议。优质园区资产上市，大张江和大科创概念。公司通过定增方式注入浦江高科技园区优质资产，有效提升上市公司经营实力。注入的浦江高科技园兼具国家级经济技术开发区、上海张江国家自主创新示范区功能。以上园区目前正重点围绕“大科创”、“大健康”、“大文化”、“大电商”、“大检测”等5+X的产业布局。根据发行后总股本，我们预计公司2016-2017 年EPS 分别0.32元和0.38 元。考虑到临港集团未来仍有资产注入的预期，且处于大张江范围内，并叠加了“双特”政策催化，我们给予公司2016 年80 倍PE，对应未来6 个月25.6 元目标价，给予“增持”评级。   
　　风险提示：行业面临加息和政策调控两大风险。"
上海临港(600848)简报：临港科创中心主体“创新晶体”开工 高端研发引领产业聚集和人口流入,公司,光大证券股份有限公司,陈浩武,2016-10-11,"中科院脑智科研落户临港,科创中心主体“创新晶体”开工   
    近日临港科技城“创新晶体”开工,预计2018 年竣工。上海中科院脑智工程项目团队、上海智能制造研究院、上海科大讯飞信息科技有限公司等一批科研机构和企业将在竣工后入驻,众多高端科创项目将纷纷落地,为临港新城成为高端装备制造中心起到不可忽视的引领作用,加快集聚科技研发和先进制造业企业;   
    上海临港完善产业服务,或借此良机进行自主或合作项目开发随着众多科研企业落户,上海临港不断完善园区和综合服务体系,以“平台+中心+服务”为目标,为各类型的科研企业提供科研中试基地。不完全统计,临港目前已为智能制造研究院提供了6 万平方米厂房用于各项科研成果的产业化试验,其中包括每年50 万套产能的上海交大燃料电池项目;   
    临港建设紧锣密鼓,限购后房屋销售仍表现良好,涨幅远超上海平均   
    随着科研中心的加快建设与相关公司的落户,临港主城区建设项目紧锣密鼓。随着产业和人群加速聚集,即便全面限购后,临港房屋销售仍表现优异,典型楼盘同润金色橘园房屋销售均价半年(2016.3-2016.9)涨幅57%,丽都璟庭房屋销售均价半年(2016.3-2016.9)涨幅61%,远超上海房屋销售均价半年(2016.3-2016.9)涨幅15%。   
    既是产业新城也是旅游胜地,国庆长假七天共吸引游客51.3 万人次   
    国庆长假七天,临港新城旅游总客流超过50 万人次,最大日均客流达到11万人次,酒店爆满。临港未来将成为上海近郊短途旅游的重点目的地之一,提升城区知名度,利于人口导入。   
    预计2016-2018 年上海临港营收增长约为38.72%/10.40%/28.99%,增发摊薄后EPS 分别为0.34 元/0.38 元/0.49 元,对应P/E 为63/56/44,12 个月目标价24.80 元,维持增持评级。   
    风险提示:临港新城公共交通设施不足成为发展瓶颈,导致人口流入过慢;资产整合后管理未能及时跟上,导致产业规模聚集效应未能有效发挥。"
上海临港(600848)中报点评：业绩继续攀升 园区产业瞄准新兴产业,公司,海通证券股份有限公司,涂力磊/谢盐,2016-08-29,"事件。公司公布2016年半年报。报告期内，公司实现营业收入2.92亿元，同比下滑10.8%；归属于上市公司股东的净利润6403万元，同比增加37.4%；实现基本每股收益0.07元。   
　　2016年上半年，受结转减少影响，公司营收下滑10.8%；受结转项目毛利率较高推动，公司净利润增长37.4%。截至今年6月底，公司共实现园区地产签约销售面积3.15万平，签约销售金额4.06亿元。截至6月底，公司实现园区地产签约出租面积21.54万平，实现租赁收入3,695.11万元。报告期内，公司实现了园区综合服务收入6064.52万元。报告期内，公司各园区形成区域产业特色。其中，松江园区积极拓展3D打印产业，在生命健康领域继续拓展，打造互联网医疗生态圈。此外，松江园区布局VR/AR和智能制造/机器人两大新兴产业。南桥园区大力发展大健康大医疗产业，并与中欧国际工商学院签订了项目合作意向书，拟打造“中欧众创平台”；康桥园区则在上半年与英保能源签署了项目合作协议。自贸区（洋山）陆域部分大力推动高端机械保税维修业务，上半年实现了曼恩保税维修车间项目的顺利落地。2016年5月，公司发布了《发行股份购买资产并募集配套资金暨关联交易预案》。   
　　投资建议。优质园区资产上市，大张江和大科创概念。公司通过定增方式注入浦江高科技园区优质资产，有效提升上市公司经营实力。注入的浦江高科技园兼具国家级经济技术开发区、上海张江国家自主创新示范区功能。以上园区目前正重点围绕“大科创”、“大健康”、“大文化”、“大电商”、“大检测”等5+X的产业布局。根据发行后总股本，我们预计公司2016-2017年EPS分别0.32元和0.38元。考虑到临港集团未来仍有资产注入的预期，且处于大张江范围内，并叠加了“双特”政策催化，我们给予公司2016年80倍PE，对应未来6个月25.6元目标价，给予“增持”评级。   
　　风险提示：公司面临政策调控风险。"
上海临港(600848)点评：公司受益“双特”2.0版叠加科创中心建设,公司,海通证券股份有限公司,涂力磊/谢盐,2016-08-26,"2016 年8 月24 日，东方网报道称，上海市政府常务会议日前审议通过了《关于深化完善“双特”政策支持临港地区新一轮发展的若干意见》，这被称为临港2.0 版“双特”政策。《若干意见》提出了到2020 年，基本建成国家新型工业化示范产业基地、战略性新兴产业示范区和现代化滨海新城，成为上海建设具有全球影响力科技创新中心的重要承载区。   
　　2016 年8 月，临港2.0 版“双特”政策正式出台。《若干意见》推出了六方面共17 项政策措施。与前一轮临港特殊政策相比，2.0 版“双特”政策在产业、人才、城市功能等三个方面予以重点扶持。其中，人才配套政策方面包括人才引进、人才培养、人才奖励；城市功能配套政策方面包括城市综合服务、交通基础设施、城市文化生态等；产业配套政策方面包括产业引导基金、智能制造、产业能级提升。为推进《若干意见》落地实施，临港管委会结合临港开发实际，推动形成“1+3+X”政策框架体系。其中，“1”是指由市发改委牵头制订、市政府发布的《若干意见》；“3”是指根据《若干意见》，由管委会制订出台的新一轮产业、人才、城市功能的配套政策；“X”是对落实上述政策制定的实施细则和操作办法。公司将充分受益上海临港地区“双特”政策的推进。   
　　投资建议。优质园区资产上市，大张江和大科创概念。公司通过定增方式注入浦江高科技园区优质资产，有效提升上市公司经营实力。注入的浦江高科技园兼具国家级经济技术开发区、上海张江国家自主创新示范区功能。以上园区目前正重点围绕“大科创”、“大健康”、“大文化”、“大电商”、“大检测”等5+X的产业布局。根据发行后总股本，我们预计公司2016-2017 年EPS 分别0.32元和0.38 元。考虑到临港集团未来仍有资产注入的预期，且处于大张江范围内，并叠加了“双特”政策催化，我们给予公司2016 年80 倍PE，对应未来6 个月25.6 元目标价，给予“增持”评级。   
　　风险提示：企业转型不达预期风险，公司重心下移。"
上海临港(600848)深度研究：政策品牌双红利 资产注入拓空间,公司,中信证券股份有限公司,陈聪,2016-07-15,"投资要点   
　　上海市唯一国资委直属的园区开发运营龙头。临港集团是上海市国资委下属的唯一一家产业园区投资集团，公司是其下属上市平台，2015 年通过借壳自仪股份成功上市。当前大股东已经注入的资产主要包括松江园区、南桥园区、康桥园区以及自贸区（洋山港）陆域部分，土地资源非常丰富。   
　　公司2015 年实现营业收入9.01 亿元，同比增长7.38%；实现归属母公司净利润2.39 亿元，同比增长102.4%；上市时，公司承诺注入资产2015 年、2016 年和2017 年合计实现扣非归母净利润不低于7.7 亿元。我们认为，公司是一家起点高、土储广、潜力足的园区开发运营企业。   
　　园区土地储备丰裕，充分受益上海区位。公司体内的松江园区、康桥园区、南桥园区、自贸区（洋山）陆域部分均位于上海市未来城市发展的重点板块，是上海建设“全球科技创新中心”和“自贸区”战略的重要载体，各园区充分受益迪士尼、自贸区等区位优势。目前松江、康桥和南桥园区合计规划面积9642 亩，已开发1408 亩，自贸区（洋山港）陆域部分规划面积6.8 平方公里，已开发2.86 平方公里，升值潜力巨大。   
　　注入浦江园区履行承诺，集团资产证券化再启程。2016 年6 月，公司公告拟以14.07 元/股的价格，向浦江公司发行股份购买资产，同时引入7 名战略投资者，募集配套资金约15 亿元。浦江园区是集团核心资产，产业包括电子信息、生物医药、节能环保等，2015 年实现营收和归母净利润分别为7.04 亿元和0.96 亿元。集团此次注入浦江园区属履行上市承诺，其他承诺注入资产包括漕河泾（五年内）和桃浦智慧城、盐城、海宁（三年内），后续进程仍然值得期待。   
　　政策品牌双红利，产业集群促发展。我们认为，公司的经营优势在于依托政策、打造品牌和集聚产业三大方面。1）临港集团直属市国资委，具备享受政策红利的天然优势，往往能够在招商环节占得先机；2）以漕河泾为代表的园区运营历史长，配套服务好，凭借大量500 强企业入驻成功打造品牌美誉度，使公司具备走出去的外延能力；3）集团旗下临港、漕河泾、自贸区等多个品牌产品之间并非相互竞争的关系，而是相互支撑，构成了层次分明的空间载体，具备更强的承接力。同时公司通过引入产业龙头公司和相关核心资源，双管齐下打造产业集群，最终实现园区发展的良性循环。   
　　风险因素。资产注入方案不能完成实施；现有园区开发和结算进度不及预期；经济增速下滑拖累实业，公司租赁业务下滑的风险等。   
　　盈利预测、估值及投资评级。公司是上海市规格高、禀赋好、能力强的园区运营龙头，具备较强的品牌效应和产业集聚，也将受益于迪士尼、自贸区等政策红利。我们预测公司2016-2018 年EPS 分别为0.27/0.38/0.45 元（按增发完成后股本摊薄）。公司有明确资产注入预期（且漕河泾盈利能力较现有资产更强），参考可比公司2017 年49 倍平均估值水平，我们给予公司目标价18.42 元，对应2017 年49 倍PE，首次覆盖给予“增持”评级。"
上海临港(600848)深度报告：园区产业投行 改革经典案例 注入股东优质资产 引入价值战投股东,公司,海通证券股份有限公司,涂力磊/谢盐,2016-07-06,"投资要点：   
　　 注入优质资产，企业价值再度提升。2016 年6 月，公司拟以14.07 元/股发行1.17 亿股购买浦星公司100%股权及双创公司85%股权（全部拟注入资产价值16.5 亿元）。同时，公司拟以14.07 元/股发行1.07 亿股募集15 亿元。   
　　 产业园区定位清晰。本次注入的浦江高科技园兼具国家级经济技术开发区、上海张江国家自主创新示范区功能。以上园区目前正重点围绕“大科创”、“大健康”、“大文化”、“大电商”、“大检测”等5+X 的产业布局。   
　　 科创发展带来企业历史性使命。2016 年，上海政府已明确指出临港产业区要始终围绕和服务国家战略，在多年来大型装备、高端制造、自主品牌研发的基础上，继续瞄准国际水平，不断提升国际竞争力，成为上海科创中心建设的主体承载区。从政府定位角度看，公司大股东临港在科创中心中所占据的重要地位和发展空间明显增强。以上定位将为企业未来打造投行型园区创造更大空间。本次注入资产中包括漕河泾双创园区。考虑漕河泾同样属于科创中心组成部分。企业未来双创发展值得期待。   
　　 打造投行型园区：国资改革再迈步，战投股东价值非凡。本次配套融资战投引入工作既包括国有资本、又包含有限合伙和外资成分。国有资本在本次募资中占比最大（占65.29%），有力保障国有资产控股地位，保证国有资产不流失。成功引入具备产业地产开发背景的东久投资、普洛斯等外资企业，将对上市公司未来与国际先进产业地产投资方加大合作。外部有限合伙企业的引入，有利股东结构多元化，可充分保障内部权利与外部监督相互制衡，同时也有利于引入更多元化的社会主体参与园区开发。   
　　 大股东优势资源丰富，潜力价值巨大。临港集团已在临港、漕河泾、松江、浦江、康桥、南桥、自贸区、枫泾等区域开发建设大量产业园区。同时在金融、教育、科技服务等产业发展配套产业中拥有大量优质资产。考虑目前临港区位优势不断提升，不排除未来进一步加大资产证券化速度。   
　　 投资建议。公司通过定增方式注入浦江高科技园区优质资产，有效提升上市公司经营实力。根据发行后总股本，我们预计公司2016-2017 年EPS 分别0.32 元和0.38 元。考虑到临港集团未来仍有资产注入的预期，且处于大张江范围内，我们给予公司2016 年55 倍PE，对应未来6 个月17.6 元目标价，给予“增持”评级。   
　　 风险提示：公司面临政策调控风险。"
上海临港(600848)深度研究：大股东履行首次资产注入承诺 航母级园区标的轮廓已现,公司,东方证券股份有限公司,竺劲,2016-07-06,"核心观点   
　　控股股东是上海唯一市属产业园区企业集团，公司盈利增长稳健。公司控股股东临港集团为上海国资委下属唯一园区企业集团，旗下园区遍布上海。目前上市公司主要持有集团旗下四大园区，分别为松江园区、康桥园区、南桥园区以及自贸区洋山港（陆域）部分。四大园区区位优势显著、土地储备丰富，有利于保障公司实现稳健的销售及租赁收益，我们预计公司在现有的招商力度下，2016-2018 年归母净利润增速将分别达到11.2%、16.8%、21.3%。   
　　公司管理层园区管理经验丰富、招商能力卓越，集团园区运营模式国内领先。临港集团及上市公司管理层主要来自漕河泾，具备丰富的园区管理经验和卓越的招商能力。从上市公司收入结构上看，管理层卓越的经营能力已经有所体现：截至2015 年年末，上市公司园区衍生服务收入（非房地产业务收入）占比已达8%，并且1.7 亿的预收款项中，预收综合服务费占比高达60%，对公司未来服务费收入的持续增长形成有力支撑。   
　　拟注入浦江园区核心物业，后续集团资产注入计划值得期待。公司在上市之初明确公告，将在未来3-5 年内将集团相关资产注入上市公司，近期公司公告拟以发行股份形式收购集团浦江园区核心物业，交易金额为16.5 亿，对应静态市盈率仅17 倍，远低于可比上市园区平均61 倍的市盈率。公司此次公告收购浦江园区已迈出集团注资承诺的第一步，集团上市平台体外仍有接近80%的资产待注入，我们看好公司未来通过外延并购实现快速发展。   
　　财务预测与投资建议   
　　首次覆盖给予增持评级，目标价18.30 元。我们预计公司2016-2018 年EPS分别为0.30/0.35/0.42 元，可比公司2016 年平均估值为61X，给予公司61X估值，对应目标价18.30 元。首次覆盖给予增持评级。   
　　风险提示   
　　1）重组预案能否通过仍存在不确定性。2）部分项目达到可租售状态时间与预计可能存在差异。3）上海科创中心建设进展低于预期。"
自仪股份(600848)季报点评：受益迪士尼开园、重组后业绩暴增,公司,安信证券股份有限公司,陈天诚,2015-10-27,"事件:公司三季报公布:公司前三季度累计实现营收514.51 百万,同比增长30.85%,实现净利润112.64 百万,同比大涨699.24%,基本每股收益0.2992 元,同比大涨699.24%。业绩发生巨变,主要是由于重大资产重组的完成。2015 年9 月25 日,相关资产均已交割过户完毕。   
    公司于14 年底提出重大资产重组方案,重组完成后,临港资管实现借壳上市,自仪股份主业变更为园区开发和经营,主要负责临港资管下属园区的开发。公司通过直接或间接方式持有松高新 100%股权、松高科 100%股权、松江公司 99.775%股权、佘山公司 51%股权、康桥公司 100%股权、南桥公司 55%股权、自贸联发45%股权以及临港松高科 51%股权。涉及的园区为松江园区、南桥园区、康桥园区和自贸区(洋山)陆域部分。   
    成功转型园区开发,迪士尼园区收益:1)公司成功转型园区开发,拥有优质园区资产:重大资产重组后,将成为上海乃至长三角地区园区开发领域的优质上市公司。2)康桥园区(规划面积441 亩)成为上海迪士尼西部门户:康桥园区位于新浦东地理中心位置,承接市中心范围扩展和城市功能梯度转移的前沿区域,园区以东 3 公里为迪士尼乐园,直达迪士尼乐园的轨道交通 11 号线;3)土地储备丰富,升值潜力巨大:潜在开发体量约1323 万方,临港投资负责开发的园区规划面积接近19843 亩,约1323 万方。   
    投资建议:公司是上市公司中唯一市属园区开发公司,土地储备遍布全上海,随着迪士尼、自贸区和科创中心建设的推进,公司未来土地升值空间较大,同时本次重组也是上海电气集团和临港集团改革的一环,未来进一步改革亦值得期待,尚有众多盈利能力优越的园区未注入上市公司,我们预计公司2015-2017 年三年净利润分别为2.24 亿元、2.57 亿元、2.89 亿元(三年承诺7.7 亿,极有可能超预期),当前总股本8.95 亿(流通股本3.99 亿),对应EPS 为0.25、0.29、0.32,考虑到未来几年公司整体注入的预期(现有土地每股RNAV 为18.7 元)以及现有土地中迪士尼部分升值带来的利润超预期,首次覆盖给予“买入-A 评级”,6 个月目标价27.8 元。   
    风险提示:改革低于预期、迪士尼进度低于预期"
自仪股份(600848)深度报告：转型园区开发、集上海优势于一身,公司,申万宏源集团股份有限公司,陈天诚/董樑,2015-03-18,"公司发布2014年年报，此前，公司发布重大资产置换及发行股份购买资产预案，拟以股份无偿划转、重大资产置换、发行股份购买资产及募集配套资金的方式，临港集团部分园区资产注入上市公司，临港资管实现借壳上市。   
    乘上海国资改革之风，公司变为园区开发公司：本次资产置换是上海国资改革体系的一环，重组完成之后，临港资管实现借壳上市，自仪股份将通过直接或间接方式持有临港投资100%股权及下属部分园区股权，公司变身为临港集团下属园区开发公司，主要负责临港资管下属园区的开发，主要经营收入来自二级土地开发和园区物业租售。   
    市属大型园区开发公司，土地储备丰富、未来升值潜力大：1）实际开发体量约221万方：经本次重组后，公司成为唯一的市一级大型园区开发上市公司，本次注入的主要是松江园区、南桥园区、康桥园区、自贸区（洋山港）陆域部分，目前公司实际开发的项目约221万方;2）潜在开发体量约1323万方：临港投资负责开发的园区规划面积接近19843亩，约1323万方：其中松江园区7502亩、康桥园区441亩、南桥园区1700亩、自贸区10200亩；3）临港集团仍有部分园区未注入：临港集团下上海临港产业区（浦东、奉贤）、上海漕河泾新兴技术开发区（徐汇闵行、浦江）、江苏盐城园区、浙江海宁园区、枫泾园区、桃浦智慧城等尚未注入。   
    集迪士尼、自贸区和科创中心建设优势于一身：作为市属的园区开发平台，公司实质上的业务遍布全上海乃至外地，1）松江园区规划建设科技绿洲、高科技总部园、低碳经济示范园等项目及服务配套设施园区，获批“国家高技术产业基地-上海3D打印产业中心”，将受益于科创中心建设；2）康桥园区以东3公里正在建设迪士尼乐园，康桥成为迪士尼乐园的西部门户。3）自贸区（洋山）陆域部分为全国唯一被国务院批准的“国际航运发展综合试验区，设国际航运中心和国际贸易中心建设的前沿阵地，未来将进一步受益于自贸区的开放政策。   
    投资建议：公司未来将成为唯一的市属园区开发公司，公司土地储备遍布全上海，随着迪士尼、自贸区和科创中心建设的推进，公司未来土地升值空间较大，同时本次重组也是为上海电气集团和临港集团改革的一环，未来进一步改革亦值得期待，首次覆盖，给予买入评级，目标价18.7元。我们预计完成重组之后，公司2015-2017年EPS为0.09、0.12、0.15元；经测算每股RNAV为18.7元，并以此作为目标价，首次覆盖，给予买入评级。"
自仪股份(600848)：注入园区优质资产 临港资管借壳上市,公司,海通证券股份有限公司,涂力磊/谢盐,2014-12-16,"事件:   
    2014年12月6日,公司第八届董事会第七次会议决议公告审议通过《关于公司本次重大资产置换及发行股份购买资产并募集配套资金曁关联交易方案的议案》。该重大资产重组方案由上市公司股份无偿划转、重大资产置换、发行股份购买资产及募集配套资金四部分组成。首先,公司控股股东电气集团拟将持有的8000万股自仪股份A股股票(占自仪股份总股本的20.04%)无偿划转至临港资管。其次,自仪股份拟以全部资产及负债(置出资产)与临港资管持有的临港投资100%股权(置入资产)的等值部分进行置换。第三,自仪股份拟以7.08元/股的发行价格,向临港资管非公开发行股票购买置入资产与置出资产交易价格的差额部分;同时,自仪股份通过非公开发行股票方式,向新桥资管购买松高科40%股权,向九亭资管购买松高新49%股权,向浦东康桥购买康桥公司40%股权。购买资产完成后,自仪股份将通过直接或间接方式持有松高新100%的股权、松高科100%的股权、松江公司99.775%的股权、佘山公司51%的股权、康桥公司100%的股权、南桥公司55%的股权、自贸联发45%的股权以及临港松高科51%的股权。第四,自仪股份拟以7.92元/股的发行价格,向临港资管、东久投资、久垄投资、中福神州、恒邑投资、西藏天鸿、德普置地、恒达投资、明方复兴、明达普瑞非公开发行股票募集不超过本次交易总金额的25%配套资金。此外,自仪股份拟置出资产的预估值为1.9亿元;全部拟注入资产的预估值为28.5亿元,其中:临港投资100%股权的预估值为21.4亿元,松高科40%股权的预估值为4.1亿元,松高新49%股权的预估值为1.6亿元,康桥公司40%股权的预估值为1.4亿元。   
    投资建议:   
    临港资管借壳上市。本次交易完成后,临港投资及其下属公司园区开发业务资产将注入到上市公司。临港资管将持有公司股票约4.1亿股,持股比例约为45.9%,成为公司控股股东;原控股股东电气集团合计持有公司2582.1万股,约占2.9%。   
    注入资产主要从事园区土地二级开发业务,目前已形成较为成熟的园区物业租售和招商管理模式。松江园区通过吸引科技型企业,形成了高端产业为主导、以高科技为特点的良好态势;康桥园区目前已积聚了一批国内外著名的节能环保、金融投资、企业总部及文化产业等企业;南桥园区尽管目前处于土地开发和园区建设阶段,但地处杭州湾北岸黄金产业带通往浦东的重要门户,将被打造成为未来上海南部集生态、宜居于一体的现代服务业集聚地;自贸区(洋山)陆域部分作为中国(上海)自贸试验区的重要组成部分。通过本次重组,公司将成为上海乃至长三角地区园区开发领域具有一定规模和行业竞争优势的优质上市公司。   
    投资建议:拟定增注入临港投资及其下属园区开发业务资产,受益自贸区和迪斯尼建设,“增持”评级。本次交易完成后,公司原有的仪器仪表业务将被剥离,临港投资及其下属公司园区开发业务资产将注入到上市公司。临港资管将持股45.9%,成为公司控股股东。公司将转变为以园区开发与经营、园区服务为核心业务,涵盖战略性新兴产业及生产性服务业基地、高科技民营制造企业基地、国际创造力中心、国际现代化物流服务中心的大型园区类投资控股公司。上市公司将涉及开发的园区包括松江园区、南桥园区、康桥园区和自贸区(洋山)陆域部分。本次拟注入资产的预估值为28.5亿元,对应静态PE和PB分别是21.3倍和2.83倍。目前,公司已完工、在建及拟开发项目权益总建面182万平。考虑到目前公司项目结算情况尚不明确,我们对公司业绩暂不预测。根据公司现有项目和历史业绩情况,按照增发后股本我们测算公司RNAV是14.04元。截至2014年12月15日,公司收盘于12.39元。考虑到未来公司重组后的园区开发将受益于自贸区和迪斯尼建设,我们以公司RNAV即14.04元作为6个月的目标价,首次给予公司“增持”评级。   
    风险提示:重组过程暂未完成。"
