['片仔癀原董事长与质量副总同日被查，年内产品曾两度遭通报'],界面新闻实习记者 唐卓雅　　界面新闻编辑 谢欣　　5月11日，发布公告称，接到纪检监察部门通知，公司董事、副总经理刘丛盛先生因涉嫌严重违法违纪，正接受漳州市纪委监委纪律审查和监察调查。截至公告披露日，片仔癀公司其他董事、监事及高级管理人员均正常履职。　　片仔癀公告中还表示，将尽快对刘丛盛原负责的业务做好妥善安排，使片仔癀的正常生产经营不受该事项影响。截至本公告披露日，片仔癀尚未知悉刘丛盛被调查的具体原因。　　而几乎就在同时，漳州市九龙江集团有限公司党委书记、董事长潘杰也被官宣因涉嫌严重违纪违法，目前正接受漳州市纪委监委纪律审查和监察调查。　　公开资料显示，1999年5月，潘杰作为漳州制药厂副厂长入职同年改制创立的片仔癀后，历任片仔癀董事、副总经理、总经理等职务，直到2014年12月才离开，去往片仔癀的控股大股东——漳州市九龙江集团有限公司担任董事长一职。2021年4月，潘杰重回片仔癀，出任公司董事长。然而仅8个月后，即2021年12月，潘杰辞去片仔癀董事长职务。之后不久，潘杰再度出任漳州市九龙江集团有限公司的党委书记、董事长，直至被查。　　两位重量级高管同日被查，5月11日片仔癀股价震荡走弱，截至收盘，报301.25元/股，跌2.65%，最新总市值1817亿元。而对此，界面新闻致电片仔癀证代叶青对界面新闻记者回应称尚不清楚刘丛盛被调查的具体缘由。　　与潘杰一样，刘丛盛也可谓是片仔癀的元老级人物，其自从毕业后就来到片仔癀，一路从基层走到高管位置。公开资料显示，刘丛盛于1969年10月出生，1991年本科毕业后就加入了当时的漳州市制药厂。1991年8月至1995年7月，其历任漳州片仔癀集团公司（漳州市制药厂）第一车间科员、药物研究所科员、供销科科员；1995年7月至1999年12月，任漳州片仔癀集团公司（漳州市制药厂）供销科副科长；1999年12月至2017年10月，历任公司供销科副科长、经营部主任助理、经营部副主任、国内市场部主任、市场策划部主任、产品销售部主任、营销中心副主任、总经理助理；2017年10月至2020年10月，任公司副总经理兼营销中心主任、国际贸易部主任；2020年10月至2022年1月，任公司副总经理兼质量负责人。2022年1月至2022年8月，任公司董事、副总经理兼质量负责人，2022年8月至今，任公司董事、副总经理兼研究院院长兼质量负责人。根据2022年年报，刘丛盛2022年6月通过增补选举进入片仔癀董事会成为董事。　　不难发现，刘丛盛在片仔癀后期主要负责的是质量部门。值得一提的是，今年片仔癀旗下日化品曾两度受到国家药监局质量通告。　　今年1月17日，国家药品监督管理局发布《国家药监局关于56批次不符合规定化妆品的通告（2023年第3号）》，公告显示在2022年国家化妆品监督抽查工作中，片仔癀深抗敏专效滋养牙膏菌落总数超标，检验结果显示菌落总数高达7200CFU/g，合理菌落总数应不超过500CFU/g，超标14.4倍。　　不到半个月后，今年1月29日，国家药品监督管理局发布《国家药监局关于70批次不符合规定化妆品通告（2023年第5号）》，公告显示在2022年国家化妆品监督抽检工作中，同样是片仔癀深抗敏专效滋养牙膏菌落总数超标，检验结果显示菌落总数570CFU/g。　　天眼查显示，刘丛盛曾担任福建片仔癀健康科技有限公司的法人，曾担任福建片仔癀健康科技有限公司、青岛投资集团有限公司、福建片仔癀诊断技术有限公司、漳州片仔癀生物科技有限公司、嘉洲国药堂（广州）医药有限公司等公司的高管。除海利尔外，刘丛盛曾担任高管的企业均为或曾为漳州市九龙江集团旗下子公司。2022年片仔癀年报数据显示，刘丛盛当年在片仔癀获得的税前收入为52.95万元。　　此外值得一提的是，片仔癀在日前刚刚宣布再度涨价，这是片仔癀史上最大幅度的提价。　　5月6日，片仔癀发布公告称，鉴于片仔癀产品主要原料及人工成本上涨等原因，决定自公告之日起，主导产品片仔癀锭剂国内市场零售价格将从590元/粒上调到760元/粒，供应价格相应上调约170元/粒；海外市场供应价格相应上调约35美元/粒。责任编辑：王其霖
['上海浦发银行降薪引发员工抗议？董监事会办公室：正在核实具体情况'],来源 九派财经记者 郭梓昊　　5月11日，网传员工因不满降薪而到上海浦银大厦抗议一事，引发广泛关注。　　对此，浦发银行董监事会办公室工作人员回应九派财经称，正在核实具体情况，会跟进处理此事。　　另有浦发银行的内部知情人士告诉九派财经，该事件导火索或系浦发信用卡中心的空中银行 （外呼） 员工要从行编转外包，引发部分人员不满。至于浦发银行的降薪传闻，该知情人士告诉记者，目前内部已经整体降薪两轮，高管则是年年在降。　　公开资料显示，在同行平均薪酬增长的背景下，浦发银行2022年人均薪酬小幅下降，由2021年的45.88万元降至2022年的45.46万元。另从浦发银行部分高管薪酬看，2022年，行长及多数副行长薪酬有所下降。同时，该行2022年应付职工薪酬为126.72亿元，较2021年下降14.75%。　　浦发银行整体薪酬下降，与其下滑的效益有关。浦发银行最新公告显示，公司一季度实现营业收入480.79亿元，同比下降3.85%；税后归属于母公司股东的净利润158.31亿元，同比下降18.35%。而在2022年，浦发银行还是唯二净利润增幅为负增长的银行，同比下滑3.46%至511.71亿元。　　另一方面，监管层面于去年对银行等金融机构过高收入进行了调整。2022年8月，财政部下发了《关于进一步加强国有金融企业财务管理的通知》，要求优化薪酬分配结构，未来将更多向一线人员倾斜，同时建立健全薪酬分配延期支付和追责追薪机制。责任编辑：王其霖
['孟羽童离职，格力不需要“第二个董明珠”'],入职不到两年，被当做“第二个董明珠”培养的孟羽童，悄然离开了格力。　　5月11日，孟羽童通过微博确认了自己的离职消息，“跟大家汇报一下，我已经从格力离开，顺利毕业。无论是我还是大家，经历这样一个人生变动，都没必要把它当成消极的事情。它只是我们人生某一个阶段的选择而已。”下一阶段，她准备继续读书，然后申请研究生。　　5月10日，有媒体发现格力电子商务有限公司旗下“明珠羽童精选”抖音号已更名为“格力明珠精选”，同时该抖音号早期的孟羽童相关短视频内容也“消失”了。随后，格力对外官宣，“孟羽童已离开，不在公司任职”。　　孟羽童的离开并不令人意外，从她2021年9月正式入职格力起，离职传闻从未停息；而早在去年8月，“明珠羽童精选”账号的头像就已从董、孟合照变为董明珠一人。此番孟羽童正式离职，意味着董明珠耗时两年打造“董明珠第二”的计划彻底失败。　　孟羽童和董明珠的缘分始于两年前的一档综艺节目《初入职场的我们》，节目中，孟羽童被董明珠盛赞，称其符合接班人标准。节目结束后，孟羽童最终成为了董明珠秘书，董明珠也多次在公开场合高调宣称要把她培养为“第二个董明珠”。　　然而这段关系始终被质疑为炒作，外界并不相信，年近七旬的董明珠真能把二十多岁的孟羽童培养为成熟的“接班人”。　　两年时间里，孟羽童在格力多个部门轮岗，4月7日，董明珠在“明珠羽童精选直播间”说孟羽童现在不做秘书了，她现在做视频去了。孟羽童也发微博回应称，很享受自己在做的格力市场营销相关的工作，也是自己职业规划的方向。　　实际上，对于董明珠来说，打造红人IP是她营销策略的一环，实质是通过红人来获取声量。董明珠用十年时间把自己打造成格力的唯一红人，又高调把孟羽童推到台前，希望复制自己走红的经历。　　在举办的三十周年庆典活动上，对于打造孟羽童的计划，董明珠说格力需要无数个董明珠，要建立这样一个文化。然而兜兜转转，孟羽童在格力从做秘书、做主播，再到做市场部轮岗，经历了高开低走的两年，格力的网红，还是只有董明珠自己。　　离职前一天，5月9日，孟羽童在微博发文称“靠别人永远不如靠自己。”24岁的孟羽童如是，69岁的董小姐亦如是。　　打造孟羽童成为网红，是董明珠多年以来营销路上的一环。董明珠深谙营销之道，在过去十一年间，格力电器成长为家电领域的巨头，离不开董明珠对于个人IP的打造。　　董明珠营销的第一步就是与格力深度绑定。2012年5月，董明珠接替朱江洪任职格力电器董事长，新官上任的第一把火，就是换掉之前的代言人成龙，自己成为代言人。此外，格力线上官方店铺名称里，“格力”也始终与“明珠”绑在一起。　　这些常规操作以外，董明珠最为出圈的营销是十年前和雷军的十亿赌局。2013年的中国经济年度人物的颁奖典礼上，双方约定5年后对比营业收入。雷军说赌一块钱，但董明珠张口便是十亿，这一赌约立即成为当年的最火爆的社会话题之一。　　这场营销让董明珠尝到了甜头，该话题在互联网上长盛不衰，董明珠也成为了格力的代名词。　　除了把格力和自己深度绑定，董明珠还深谙流量之道，时常语出惊人。诸如“格力的手机在两米空中摔下去不会坏”“分分钟销量5000万台”“华为卖第一，我们就卖第二”等言论，让她和格力始终处于舆论中心。　　当然，企业家与企业绑定，本身是一把双刃剑。董明珠近年来多线出击，然而斩获寥寥，反而分散了格力的注意力，导致在主业家电上日益落后于老对手美的。终于在2020年，格力的“空调老大”易主，2020年-2022年，美的空调产品营收始终压格力空调一头。　　2015年董明珠宣布进军手机的时候说，“我要做手机是分分钟钟的事儿”，然而格力手机始终无法被外界认可，最终只能自产自销。　　2016年董明珠高调入局汽车，两年时间投资珠海银隆23.4亿，并表示自己“愿意拿个人所有的资产投入到银隆里面去”。为了造车，董明珠还拉来了王健林和刘强东入股珠海银隆。结果此后几年间，董明珠与珠海银隆前股东魏银仓就陷入债务纠纷，最终还是让格力电器来“接盘”。更夸张的是她五百亿豪赌造芯片的言论，这一言论引来行业大佬蔡洪平嘲讽，“做白色家电的女企业家说要砸500亿做芯片，她根本不懂芯片是什么！”　　2021年7月，董明珠表示格力在研发一种新技术，可把光能、储能和空调结合起来通过空调发电，晚上家里所有的照明，不用花一分钱电费。格力电器官网的“能源新生态”页面，显示着诺大的“0电费时代”“格力新能源生活”“光储空调系统”。不过，对于外界来说，这又是董明珠无数次表演中的一次。　　流量加持下，2020年，董明珠试水直播，一年下来13场直播带货突破476亿，一己之力完成了格力近一个季度的业绩。于是，董明珠招揽了孟羽童，希望将其培养成格力第二个网红，推进格力的渠道变革。然而，孟羽童在直播这条路上成绩乏善可陈，她的离开，也宣告着董明珠企图打造多个“董明珠”的计划失败了。　　董明珠为何如此热衷营销呢？　　一方面，通过与品牌紧紧绑定，董明珠能够稳固其在格力内的地位。在谈论退休问题上，董明珠曾表示“没考虑”；今年在央视《遇见大咖》节目中被问到退休和接班人问题时，她再次表示“这个问题没有必要问，也没有必要回答。”就在去年，68岁的董明珠又为自己争取了3年任期。　　另一方面，营销使得格力省下了每年千万的代言费和营销费。早在换下代言人成龙的时候，董明珠就曾表态，“请成龙做广告要花1000多万，自己做广告一分钱不用花”，而用自己的形象，“最起码为格力省下两千万”。　　由于和品牌深度绑定，董明珠吸引的流量，自然也会直接导入格力，在宣传上，董明珠就等于格力。董明珠也曾承认，这么多年来，营销对格力电器的发展功不可没。　　深谙流量之道，懂得利用网红企业家的身份为企业带来红利的，不只董明珠，马斯克也是个中翘楚。　　马斯克不仅在推特笔耕不辍，还频频现身荧屏客串演出影视节目。这些营销也让马斯克赢得了董事会的支持，“如果董事会由任何一位其他董事领导，没有像马斯克这样对特斯拉业务的日常曝光，那么公司迄今为止的成功是不可能的。”　　更重要的是，拥有马斯克这么一个营销大师，特斯拉的广告费自然是低到不能再低。Marketing发布的《汽车行业营销花费榜单》显示，2019年特斯拉的营销费仅为1.86亿元，而第一名的大众汽车集团营销费约1620亿元，两者相差近千倍。此外，据美国证券交易委员会2021年提交的文件显示，特斯拉的广告支出长期保持0。　　当然，两者不同之处在于，马斯克画的大饼逐一实现，而对于董明珠来说，过往言论正成为被外界拷问的把柄。　　比如马斯克曾抱怨过洛杉矶糟糕的交通状况，去年，马斯克为解决交通拥堵而成立的企业Boring公司完成了6.75亿美元的C轮融资。为了征服太空，马斯克创办了SpaceX ；为了改变人类生命，马斯克的脑机接口公司Neuralink，已经将大脑上传到了云端。当然，马斯克最关心的还有人口危机问题，并身体力行的生下了9个孩子。虽然马斯克的愿望是在火星上退休，有些遥远，但是他的的很多想法都在当下有了推进。　　董明珠对未来的期许是，“以后，大家吹着格力的空调，用着格力的手机，吃着格力电饭煲煮的米饭，开着银隆（现改为格力钛）的电动车。”但是眼下来看，无论是手机、芯片，亦或者是汽车，看起来都有些遥遥无期。　　这两位热衷于营销的企业家面临着不一样的境遇：马斯克营销的是一个处于上升期的商业帝国；而董明珠的格力，则有成为明日黄花的风险，急需转型变革。　　现在的格力正处于变革的关键时期，2018年格力营收突破2000亿元关口之后，仅保持了两年，2020年以来格力的营收始终无法再破2000亿元，2022年，格力全年营收1902亿元。　　二级市场表现也相对低迷，截至5月10日，格力市值1950亿元，市值较高峰时期的4000亿腰斩。　　这样的关键时期，孟羽童出走仅仅是董明珠面临挑战的冰山一角，业绩低迷之下，舆论场充斥着对董明珠股权质押，以及格力年度分红不及预期的质疑。　　2023年一季度末，董明珠共有1150万股处于质押状态，市值约为4.04亿元，占董明珠所持全部格力电器股份的25.85%。外界有传言称，这与董明珠个人收购银隆新能源汽车股份的借款有关，由于未能及时给付而引发的股份质押。　　据公众号“锋雳”报道，近几年董明珠有过三笔大的投资，分别是23.4亿投资银隆，13.41亿投珠海格臻，2.47亿参与员工持股。这意味着，董明珠个人累计要拿出39.28亿元现金。但是2021年底，董明珠公开身家约31亿。　　去年的股东大会上，董明珠提及在新能源方面的布局，还认为2021年收购格力肽（曾经的珠海银隆新能源），是非常好的收购机会，非常有价值。“下次股东会，我们应该就可以用（格力钛的）业绩说话，现在还没到那个时候。”　　然而一年过去，格力钛在2022年度的净亏损达到了19亿元，其净资产从年初的21.47亿元，缩水到2.37亿元。据媒体报道，按照格力钛最新的净资产，董明珠投入的23.4亿，已亏掉了20多个亿。　　与董明珠股权质押一同爆出的，是格力电器创下了近五年以来最低分红的消息。2022年报显示的利润分配预案为，每10股派发现金股利10元（含税），合计派现56.14亿元（含税）。该分红方案为五年来最低，仅为2020年的三分之一。　　董明珠不断借助“网红”属性来给格力打广告做营销，只能是属于锦上添花，当下，格力急需的是改革者，而非网红主播。　　不可否认的是，董明珠是一位成功的实业家。过去11年时间，格力电器成长为家电领域的巨头，总营收从2011年的835亿元，到2018年突破2000亿元，市值也曾一度超过4000亿元。　　对于格力今天的成绩，董明珠的确功不可没，但如今格力已到了求变的时刻，其他家电企业如美的和海尔都已经完成了交接班，并走出了自己的困境。靠着方洪波大刀阔斧的改革，2022年实现营收3439.18亿；海尔靠着品牌出海化解企业风险，2022年实现营收2435.14亿元；而以空调为主力的格力2022年的营收仍然未到2000亿元。　　这一任期结束后，董明珠已年逾七旬，不论是出于对自身还是对公司的考虑，董明珠和格力都该考虑“解绑”的问题，毕竟只有先“解绑”，才能考虑谁来“接棒”。责任编辑：王其霖
['营收利润增速连续两年下滑，“药茅”恒瑞医药如何翻身？'],2022年经营活动产生的现金流量净额变动，系因收入下降以及客户回款放缓，导致本期销售商品收到的现金较同期减少　　《投资时报》研究员� 习羽　　集采对“药茅”恒瑞医药的冲击有多大？　　最新年报数据显示，2022年恒瑞医药营业收入达212.75亿元，同比下降17.87%；同期归母净利润39.06亿元，同比下降13.77%。这是恒瑞医药自2021年营收与归母净利润均同比下滑以后，第二次出现营收利润同降的情况。对于上市多年均实现业绩正增长的恒瑞医药来说，这种状况十分罕见。　　此外值得关注的是，近年来，该公司坚定加大研发投入。2022年研发投入占收入比重同比提升至29.83%，远高于同行可比公司。有业内人士指出，一款新药从开始研发到获批上市，必须要经过体外，临床前动物，临床Ⅰ、Ⅱ、Ⅲ期等一系列研究，大约需要10到15年时间，研发投入至少10亿美元。就此而言，公司未来若持续加大研发投入力度会否令公司业绩再度承压？　　对此，恒瑞医药相关负责人向《投资时报》研究员表示并不担忧，“虽然增加研发投入在很大程度上影响了当期利润，但这为公司长远发展提供了有力支撑。”　　　　对于收入下滑，恒瑞医药将之归结为仿制药集采、创新药的医保谈判、疫情导致的医疗机构业务量缩减这三点原因。《投资时报》研究员注意到，在上述因素中，仿制药的集采对于恒瑞医药的业绩影响首当其冲。　　年报显示，自2018年以来，公司涉及国家集中带量采购的仿制药共有35个品种，中选22个品种，中选价平均降幅74.5%。2021年9月开始陆续执行的第五批集采涉及的8个药品，2022年销售收入仅6.1亿元，较上年同期减少22.6亿元，同比下滑79%。2022年11月开始陆续执行的第七批集采涉及的5个药品，2022年销售收入9.8亿元，较上年同期减少9.2亿元，同比下滑48%。　　有分析指出，集采对医药企业的业绩具有较大影响，无论是否中标，均会令药企短期内收入和利润方面受到不利影响。　　同时，恒瑞医药2022年研发投入占收入比重同比提升至29.83%，远高于同行可比公司。业内人士认为，一款新药从开始研发到获批上市，必须要经过体外，临床前动物，临床Ⅰ、Ⅱ、Ⅲ期等一系列研究，大约需要10到15年时间，研发投入至少10亿美元。随着近两年来恒瑞医药业绩的持续下滑，若未来继续加大研发投入力度会否再度令公司盈利能力承压？　　对此，恒瑞医药方面向《投资时报》研究员表示，多年来公司将科技创新作为第一发展战略，持续高强度投入研发，公司近十年累计研发投入290亿元，2022年累计研发投入达到63.46亿元，研发投入占销售收入的比重同比提升至29.83%，其中费用化研发投入48.87亿元，研发费用占销售收入比重同比提升至22.97%，持续加大研发投入，虽然在很大程度上影响了当期利润，但为公司长远发展提供了有力支撑。与此同时，随着公司研发成果加速转化落地，创新药上市产生的收益也可以相应抵消研发投入带来的业绩压力。　　而研发投入高企之下，2022年恒瑞医药的经营性现金流情况也不乐观。年报显示，2022年公司经营活动产生的现金流净额同比下滑70.01%至12.65亿元。　　对此，恒瑞医药相关负责人向《投资时报》研究员表示，2022年经营活动产生的现金流量净额变动，系因收入下降以及客户回款放缓，导致本期销售商品收到的现金较同期减少。　　　　毛利率下滑　　尽管业绩连续下滑，但不能否认，凭借近年来平均85%的毛利率水平，恒瑞医药可与茅台比肩。不过近年来，恒瑞医药的毛利率水平已有下滑趋势。据网数据显示，该公司2022年的毛利率下滑至83.61%，这是自2014年以来，该指标首次低于85%。　　《投资时报》研究员注意到，就主营业务地区而言，2022年公司国外主营业务毛利率同比下滑14.08个百分点。细分来看，国外主营业务成本同比提升66.56%，而主营业务收入则同比提升26.37%。　　就业务数据来讲，2022年，公司继续稳步推进国际化战略，期内公司海外研发投入共计12.72亿元，占总体研发投入的比重达到20.04%。　　为何成本高企，恒瑞医药还要加大海外研发投入力度？对此，业内人士给出了三方面理由：首先，海外市场巨大。受带量采购、医保谈判、研发同质化等因素影响，国内创新药竞争格局竞争激烈，需一步催化国内药企走向国际市场。其次，海外市场各方面政策、体制相对完善，且市场、患者及医生对创新药的接受度更高，能为创新药提供较好的孕育环境。此外，海外的高定价市场能为企业带来新的收入增长。　　年报显示，2022年公司提交国内新申请专利169件、国际PCT新申请89件，获得国内授权147件、国外授权140件。截至2022年底，恒瑞累计申请发明专利2064件，PCT专利583件，拥有国内有效授权发明专利507件，欧美日等国外授权专利618件。对比来看，恒瑞海外授权专利数量明显高于国内有效授权发明专利数量。　　值得注意的是，近年来全球创新药销售主要集中在美国、欧洲及日韩等市场。而北美市场因其强大的市场份额，往往成为创新药企“出海”的首选之地。　　据公开数据，在全球医药产品消费市场中，美国、中国、欧盟5国、日本、其它地区市场份额分别占38.7%、18.3%、12.6%、7.5%、22.9%。　　基于上述分析，预计恒瑞的业绩拐点已经来临。数据显示，恒瑞2023年一季度实现营业收入54.9亿元（同比升0.3%），归母净利润为12.4亿元（同比升0.2%）。　　责任编辑：王其霖
['2023年5月11日涨停板早知道：七大利好有望发酵'],5月10日消息，有七大利好可能影响明日股市，具体为：　　盛剑环境（603324）5月10日晚间公告，公司拟在孝感高新区管委会辖区投资建设“盛剑环境泛半导体先进绿色装备生产项目”，项目总投资4亿元。　　国轩高科（002074） 5月10日晚间公告，公司全资子公司合肥国轩近日收到大众汽车的采购定点函，公司将成为大众汽车海外市场定点供应商供应大众汽车磷酸铁锂“Unified Cell（标准电芯）”动力锂电池产品，这是公司继取得大众汽车中国市场三元和磷酸铁锂电芯的正式量产定点之后取得又一重大市场突破。该款电芯采用与中国市场相同的设计样式和规格，面向大众汽车集团全系列新能源汽车。　　太阳能（000591）5月10日晚间公告，近日，公司下属全资子公司的下属控股子公司中节能（漳州）太阳能科技有限公司开发的中节能漳浦旧镇300MW渔光互补光伏电站项目取得了福建省投资项目备案证明。漳浦项目是福建省本批次试点项目中单体规模最大的项目。　　厦工股份（600815）5月10日晚间公告，控股股东海翼集团5月10日通过集中竞价交易方式增持公司0.41%股份，并计划6个月内累计增持（含本次增持）公司股份数量不超过3300万股且不超过公司已发行股份的2%，并不低于1650万股。　　引力传媒（603598）5月10日晚间公告，公司与北京澜舟科技有限公司签署战略合作协议，双方基于合作共利原则，面向内容及营销领域共同布局基于AI2.0时代的AIGC轻量化模型及产品应用。　　华能水电（600025）5月10日晚间公告，公司拟收购华能集团、合计持有的华能四川能源开发有限公司100%股权。华能集团为公司控股股东，亦为华能国际最终控股股东。华能集团向公司注入该等非上市水电资产系履行其作出的避免同业竞争相关承诺。　　大金重工（002487）5月10日晚间公告，近日，公司全资子公司蓬莱大金海洋重工有限公司与某欧洲能源开发企业签署某海风项目供货合同，合同总额预计约1.96亿欧元。责任编辑：陈志杰
['2023年5月10日涨停板早知道：七大利好有望发酵'],5月9日消息，有七大利好可能影响明日股市，具体为：　　京山轻机（000821）5月9日晚间公告，全资子公司苏州晟成光伏设备有限公司近日与（海宁）有限公司、上饶市晶科光伏制造有限公司签署了日常经营销售合同，合同总额约4.44亿元（含税），占公司2022年度营业收入的9.11%，占晟成光伏2022年度营业收入的13.57%。该合同预计将对公司2023年度或未来年度经营业绩产生积极影响。　　吉视传媒（601929）5月9日晚间公告，公司与吉林东北亚出版传媒集团签署战略合作协议，双方将共同推进文化数字化战略实施，共同开展融媒体业务，共同实施企业信息化基础建设。　　长源电力（000966）5月9日晚间公告，拟以现金方式增加公司全资子公司巴东新能源资本金4548万元，并以其为主体投资建设国能长源巴东县沿渡河镇100MW农光互补光伏发电项目。巴东光伏发电项目规划装机容量10万千瓦，静态总投资4.8亿元。　　金自天正（600560）5月9日晚间公告，公司实控人中国钢研5月9日以集中竞价方式增持公司1.17%股份，并拟以2500万元-5000万元（包含此次增持金额）继续增持，此次增持计划不设价格区间。　　北方国际（000065）5月9日晚间公告，5月8日，公司全资子公司辉邦集团有限公司（简称“辉邦公司”）与南苏丹石油部签订《南苏丹5A区块Thar Jath至Paloch原油输送管道项目EPC总承包合同》，辉邦公司将为南苏丹石油部设计、采购并建设新的石油管线。合同金额11.97亿美元。　　林洋能源（601222）5月9日晚间公告，全资子公司ELGAMA公司近日确认中标PGE公司的智能电能表招标项目，预估中标总额2.26亿兹罗提，折算成人民币约3.68亿元。项目供货期为18个月。PGE公司是波兰四家国有电力公司之一。　　白云机场（600004）5月9日晚间公告，全资子公司二号航管公司和北京沃捷签署二号航站楼及GTC广告媒体经营项目合同。二号航管公司授予北京沃捷有偿使用白云机场二号航站楼及GTC规划范围内广告资源经营权，北京沃捷向二号航管公司支付广告经营权转让费，第一经营年度广告经营权转让费基准价（不含税）为3.98亿元。责任编辑：陈志杰
['比亚迪这地员工“排队离职”？官方回应！'],5月8日，有消息称，比亚迪位于长沙市望城区、雨花区的两座工厂遭遇“离职潮”，多名员工还得到“本月离职名额已满”的回复。　　上述消息还称，50公里外的比亚迪长沙雨花区工厂（主要生产新能源车）在今年3、4月也出现了工人离职潮，当下正恢复普工招聘以补充人员。　　对此，《国际金融报》记者向比亚迪方面求证，其回复称，经公司核实，“离职名额已满”“排队辞职”等说法与事实不符，目前长沙园区人员招聘工作正常进行。　　截至当天收盘，比亚迪股价报254.03元/股，上涨1.58%，最新市值7395亿元。　　比亚迪电子旗下的长沙望城工厂是望城区2019年所引进的重点项目，此前主要用于生产手机、口罩等产品。随着公司加速发展新能源汽车业务，工厂从2021年开始增加了新能源汽车成品线路板产线。　　据离职员工描述，目前比亚迪虽是国内新能源汽车的龙头企业，，这是他们离开的主要原因。　　据当地工厂的招工说明，员工底薪1950元，算上加班费、超产奖、品质奖等综合工资在5000元-8000元，　　　　　　为了实现这一目标，其在新能源生产力方面的布局仍在加速。算上今年郑州基地、合肥长丰二期、深汕项目、济南二期等多个项目的陆续投产，比亚迪在全国将拥有10个生产基地，全年整体产能将超过400万辆。　　记者 吴迪　　编辑 王克　　责任编辑 孙霄责任编辑：王其霖
['何其金家族拟10亿入主会畅通讯，新实控人与波司登关系密切，市场却用脚投票'],责任编辑：王其霖
['上市公司*ST雪发突发公告：实控人失联！'],责任编辑：王其霖
['片仔癀，果然不坑穷人'],来源：财通社　　作者：王鑫　　扛不住了，迎来史上最大一次提价。　　消息刺激下，跌跌不休的片仔癀股票，久违一字涨停。　　但问题是，靠“涨价去库存”，能奏效吗？　　　　　　5月5日晚间，片仔癀公告称，决定自公告之日起，公司主导产品片仔癀锭剂国内市场零售价格将从 590 元/ 粒上调到 760 元/粒，供应价格相应上调约 170 元/粒；海外市场供应价格相应上调约 35 美元/粒。　　一粒涨价170元，涨幅28.81%，比此前三次提价的总涨幅还高0.5%，为史上最大幅度提价，真是太疯狂了！片仔癀也当即登上热搜。　　说实话，这个价格，只有包治百病的神药才配资格拥有，可惜的很，“包治百病”的药至今未诞生。　　　　片仔癀系列产品涉及的药材主要包括麝香、牛黄、蛇胆、三七，据说麝香的成本占比超过总成本55%。根据2022年报，报告期内，麝香价格仅略有上涨，牛黄价格持续上涨，蛇胆价格也上涨，但三七价格略有下降。　　2022年，片仔癀肝病用药毛利率为80.9%，同比下降0.89%，主要原因是营收减少2.95%，同时成本上涨1.79%。肝病用药囊括了以片仔癀锭剂、片仔癀胶囊为主的核心产品，支撑起了4.5成的营收，7.3成的毛利润。　　此外笔者计算，2022年，片仔癀职工薪酬为5.22亿元，2021年为4.72亿，同比上涨10.6%。　　也就说，片仔癀的主要原料及人工成本上涨并不明显。这样操作，就跟喜欢停货、日韩晶圆厂时常火灾一样，都是涨价的借口罢了。　　　　　　片仔癀疯狂涨价，目的很明显是为业绩“续命”。　　年报显示，2022年，片仔癀公司营收86.94亿元，同比增长8.38%，净利润24.72亿元，同比增加1.66%，扣非净利润也仅增长2.89%。这是片仔癀自2016年以来，首次出现个位数增速的财年。　　　　如前文所提，2022年，囊括片仔癀系列的肝病用药实现营收35.92亿元，同比减少2.95%，毛利率也下降了0.89%。　　　　另据红星新闻2023年4月报道，2016年片仔癀内科用药销量是2393.53万盒，此后逐年递减，2021年只卖出去571.3万盒，减少了近八成。　　这似乎也佐证了片仔癀越来越不好卖了。　　那片仔癀连年增长的业绩又是来自哪里呢？一是靠多元化拓展品类，如打造仔癀牌安宫牛黄丸新增长极，发展化妆品业务等；二主要就是靠提价。　　提价方面，据研报，从2004年到2020年，片仔癀锭剂产品一共提价19次，零售价从325元/粒升至590元/粒，提价幅度81.54%。从出厂价来看，根据历年公告推测，从2004年以来一共提了10次，从125元提升到了390元，提升212%。　　只是，在如今经济复苏低于预期，公司核心产品库存高企的时候，片仔癀还敢如此疯狂提价，莫不是要玩一把“涨价去库存”？　　　　　　通过涨价刺激销量，片仔癀还真有可能就是这么想的。　　片仔癀一直在反复给大家植入“神药”印象：“源于明朝末年，拥有近 500 年传承历史，是国家级中药保护品种，处方和工艺受国家秘密保护，其传统制作技艺被列入到国家非物质文化遗产，蝉联国家质量金质奖，在海内外享誉斐然。”　　　　据都市快报，近日有医院方表示，临床上没有使用此药，因为有很多药物可以代替此药：“片仔癀主要用于热毒血瘀所致急慢性病毒性肝炎治疗，但慢性病毒性肝炎不用片仔癀也不会影响治疗，片仔癀不属于国家肝病诊疗指南中的首选用药，与片仔癀有同等药效且价格便宜的药品有很多。”　　　　年报提到，“重点推进片仔癀围绕抗肿瘤的临床研究，加快推进片仔癀增加治疗肝癌功能主治”“围绕肝病、肿瘤、炎症、抗病毒等方面开展片仔癀及优势品种的临床研究、药理、药效、毒理等研究项目 40 余项，完成片仔癀对大肠癌、脂肪性肝病等以及增乳膏、心舒宝片、茵胆平肝胶囊等药理毒理研究 10 余项”。　　　　只是此前不少中成药一入临床试验就迟迟没有结果，如早在1997年，的明星产品复方丹参滴丸就以治疗药身份通过了FDA的IND申请，然而到了2021年，相关的定论却未能盖棺。　　目前最诡异的是，一边是片仔癀库存高企，一边有不少媒体报道，“锭剂店里暂时没货，要等5月份的公司配额，预计中旬能到货。基本上每个月月尾到下月初，店里都处于断货状态。”　　片仔癀到底到哪里去了？　　　　　　　　经过两年消停后，如今，片仔癀似乎又捡起了金融杠杆。此外，对于不少富裕人群、黄牛和股票投资者来说，可能也是越涨价越兴奋。　　只是，神药最终会砸在谁的手里，不得而知。但可以确定的是，片仔癀，不坑穷人。责任编辑：王其霖
['2023年5月9日涨停板早知道：七大利好有望发酵'],5月8日消息，有七大利好可能影响明日股市，具体为：　　鲁抗医药（600789）5月8日晚间公告，注射用氨苄西林钠通过仿制药一致性评价。注射用氨苄西林钠为抗感染类药物，适用于敏感菌所致的呼吸道感染、胃肠道感染、尿路感染、软组织感染、心内膜炎、脑膜炎、败血症等。　　快克智能（603203）5月8日晚间公告，公司拟与武进国家高新技术产业开发区管委会签署《进区协议》，投资建设“半导体封装设备研发及制造项目”，项目计划总投资约10亿元。　　德生科技（002908）5月8日晚间公告，公司近日取得由福建大数据交易所（简称“福建数交所”）颁发的《数据经纪人授权证书》，在获得上述证书的同时，公司自研的四款数据产品“地区就业情况分析”、“个人职业背景调查”、“失业保险业务核验”、“养老保险业务核验”在福建数交所成功挂牌。　　国药现代（600420）5月8日晚间公告，全资子公司国药威奇达收到国家药监局核准签发的《药品补充申请批准通知书》，批准阿莫西林胶囊（0.25g）通过仿制药质量和疗效一致性评价。　　天永智能（603895）5月8日晚间公告，全资子公司天永锂电自动化设备（太仓）有限公司与浙江未来新能电池科技集团有限公司签订《设备买卖合同》，涉及3GWh锂电池电芯整线交钥匙工程生产线设备，合同金额10.5亿元。收到预付款后，公司全资子公司须在120-150天内完成交货。　　鸥玛软件（301185）5月8日晚间公告，公司为山东省教育招生考试院2023年度网上评卷及扫描技术服务项目的中标人，中标项目总预算金额1993.35万元，占公司2022年度营业收入的13.43%。　　盛帮股份（301233）5月8日晚间公告，公司近日收到比亚迪签发的《中标通知书》，经评标组评比后，比亚迪决定选择公司作为1个机型的零部件供应商，零件名为曲轴后油封。责任编辑：陈志杰
['5月8日沪深两市涨停分析：长江传媒晋级5连板 秦港股份4连板'],【5月8日沪深两市涨停分析】沪指放量涨1.81%创年内新高，银行、中字头个股大涨。晋级5连板，4连板，实现3连板，一图看懂>> �责任编辑：冯体炜
['披星戴帽下 嘉凯城破茧重生的多个可能'],来源 全景网　　在股票披星戴帽之下，嘉凯城（000918，SZ）今年的压力不小。纵观A股过往，上市公司摆脱“*ST”重生的案例并不在少数。且以嘉凯城的资产状况来看，公司核心主业一直在持续造血。在经历2022年度的大额计提后，公司经营上的历史遗留问题也得到了较大程度的解决。如若能继续消化存量项目，叠加影视消费的回升，公司还是有多种可能破茧重生。　　主营业务具备持续供血能力　　嘉凯城主要从事房地产业务和影视放映业务。房地产业务方面，截至2022年末，嘉凯城存货及投房资产共计约74亿元。其中，公司拥有土地储备4.46万平方米，在湖州和上海分别有一个项目在建。同时，公司在上海、江苏、浙江等地拥有7个存量住宅和商业项目，在无锡、南京等地的10余个商业/写字楼项目也处于正常出租中。　　近年来，房地产销售依然是嘉凯城稳定的现金流的来源。2020年~2022年，公司房地产销售业务收入分别为6.08亿元、6.98亿元、11.53亿元。　　在2023年年报中，嘉凯城明确表示今年要继续通过加强销售或者整体处置等方式，加快存量资产盘活，为公司的发展提供现金流支持和业绩支撑。同时，公司表态要确保存量城市更新项目落地，同时争取在长三角、珠三角等区域再获取1~2个城市更新项目。　　作为老牌地产开发企业，嘉凯城在地产开发、城市更新及资产运营管理经验较为深厚，运营能力值得信任。公司近几年对存量地产的处理也是较为成功。公司存货及投房资产总额从2020年年初的106.76亿元逐步下降，到2021年年末降至95.01亿元。2022年度，公司存货及投房资产总额更是一举下降超20亿元。　　影院业务方面，截至2022年底，嘉凯城在全国116个城市拥有影城151家，银幕数量881块。过去几年，公司影院业务受到了疫情的严重影响，相关子公司的商誉、资产出现了较大额度的减值。而在2022年度，公司对放映设备、子公司商誉计提了大额的减值准备。计提后资产轻量化，反而“一身轻松”。　　另一方面，随着疫情防控政策的变化，以创下历史第二高的春节档票房成绩的2023年春节档为代表，大众的观影需求呈恢复趋势。业界普遍看好2023年票房修复。从这点来看，嘉凯城的影院业务或存在反弹契机。　　业绩改善的潜在因素　　嘉凯城身上存在着一些潜在的业绩改善因素。　　2014年8月，浙江省商业集团以及浙江国大集团、浙江省食品有限公司、浙商糖酒集团、浙江省天地实业、杭州钢铁集团向嘉凯城出具了《关于嘉凯城集团股份有限公司重大资产重组中部分注入资产的业绩承诺函》。浙江省商业集团等承诺：在上海曼荼园项目、南京嘉业国际城项目销售完成后，一年内完成实际盈利与利润预测数的差额补偿工作。　　据嘉凯城2022年年报，截至报告期末，上海曼荼园项目、南京嘉业国际城项目尚未销售完成，两个项目当期预测业绩分别为4.48亿元、6.45亿元，但实际业绩分别为-3.59亿元、1.79亿元。　　按照上述情况来看，如果嘉凯城能够及时完成对两个地产项目的销售，公司将有望得到金额不菲的“差额补偿”。　　据工商资料，浙江省商业集团为浙江省交通投资集团全资子公司。公司官网称，其是浙江省内规模最大的国有综合交通商业投资运营商。以此观之，该公司具备履行承诺的实力。　　与一些“*ST”公司控股股东层面出现资金问题不同，目前来看，嘉凯城控股股东华建控股的财务状况较为良好。公开信息显示，截至去年年末，华建控股总资产为152.30亿元，净资产为37.42亿元。　　嘉凯城还有望得到控股方的资金支持。去年12月初，公司曾发布定增预案，拟向建轲投资非公开发行不超过5.39亿股股份（含本数），募集不超过10.25亿元（含本数）资金。募资净额拟用于偿还有息负债及补充流动资金。　　建轲投资和华建控股为兄弟公司，二者均为嘉惠实业的全资子公司。　　对于嘉凯城而言，上述定增意义重大。前些年，受房地产政策影响，公司主要通过银行借款及信托融资等方式进行资金筹措，融资成本高，难度大，同时也导致公司资产负债率逐渐提升。定增募资将有望降低公司资产负债率，优化资本结构，也有利于满足公司业务发展及产业布局的资金需求。　　“（要）紧抓资本市场政策窗口期，全力推进上市公司再融资等资本运作工作。”嘉凯城在2022年年报中称。　　需要指出的是，资本市场动作风云变幻，预期很美好，但也需要上市公司把规划落到实处才行。结果将如何，让我们拭目以待。　　（文中观点不代表本报观点，不作为投资建议。投资者据此操作，风险自担。）责任编辑：王其霖
['精研科技子公司亏损后对赌失败，原股东遭母公司索要天价赔偿'],一纸价值7800万元的诉状，将（300709）带至舆论风口浪尖。　　3月10日，精研科技发布公告称，公司就与陈明芳、郑奕麟（系陈明芳丈夫）的业绩补偿款纠纷向常州市钟楼区人民法院提起诉讼，法院已受理。涉及金额为7880.13万元及利息。　　纠纷源起于精研科技在两年前的一场收购。2021年，精研科技从陈明芳等人手中收购了深圳市安特信技术有限公司（以下简称“安特信”）60%的股权，部分交易对价作为业绩对赌的金额支付。　　公开资料显示，精研科技是金属粉末注射成型（MIM）产品生产商和解决方案提供商，近年来已成为折叠屏手机供应链中的重要厂商。安特信是一家智能音频软硬件研发商，在2018年转型为ODM代工厂，客户囊括OPPO、魅族、联想、哈曼等品牌厂商以及电商平台。　　2019年，安特信营收破亿，市场份额跻身国内前十。但自2021年之后，安特信业绩却突然急转直下，亏损加剧，甚至影响精研科技自身业绩。由于业绩未达标，精研科技向陈明芳等原股东提出按协议金额赔偿。　　然而让人不解的是协议本身，为何本已经亏损的子公司，却还要给母公司精研科技巨额赔偿？　　　　　　2021年，精研科技与上述原股东签订了股权转让协议（以下简称“协议”），约定由精研科技出资1.8亿元受让四位原股东60%的股权。交易完成后，许明强持股降至20%、陈明芳持股降至10%、严伟军与何浪持股则降至5%。　　交易对价共分三期支付。第一期3，000万元于协议签订后支付，第二期6，000万元于股权登记变更后支付，第三期9，000万元则作为业绩对赌的金额。出让方向精研科技承诺，2020年度公司扣非净利润应达到1200万元，2021年度公司扣非净利润应达到2400万元，2022年度公司扣非净利润应达到3600万元。　　协议约定，若不能实现上述对赌，出让方应向精研科技作出现金补偿。应补偿金额为：（业绩承诺期内累计承诺净利润数总和-业绩承诺期内累计实现净利润数总和）÷业绩承诺期内累计承诺净利润数总和×本次交易股权作价-转让方已补偿金额。　　然而，安特信近几年经营并未达到预期。据精研科技称，安特信2020年度扣非净利润为1217.07万元，2021年度扣非净利润为﹣5773.78万元，2022年度净利润为﹣4451.5万元。　　据此，精研科技主张业绩补偿，根据协议规定的公式计算，出让方应向精研科技支付业绩补偿款合计4.05亿元，第三笔交易款9000万元予以抵扣后，出让方四人还应向精研科技补偿3.15亿元。按照比例，陈明芳应承担的业绩补偿款金额为7880.13万元。　　今年3月，精研科技将出让方之一陈明芳及其丈夫郑奕麟告上了法庭，要求被告承担上述业绩补偿款，并额外支付违约金300万元。　　赔偿金计算方式遭质疑　　一位长期处理上市公司对赌纠纷的律师对界面新闻表示，上市公司签订业绩对赌协议十分常见，但精研科技与安特信四位原股东签订的这份股权转让协议，条款中存在诸多不合理之处。　　协议中规定，若出让方未完成对赌业绩，补偿金额的计算公式为：（业绩承诺期内累计承诺净利润数总和-业绩承诺期内累计实现净利润数总和）÷业绩承诺期内累计承诺净利润数总和×本次交易股权作价-转让方已补偿金额。　　律师表示，对赌协议中，补偿金额和净利润挂钩并没有问题。问题在于，公式中‘业绩承诺期内的净利润数总和’至多是零，不应是负数。　　　　这类事件在行业中并非个例。2015年，苏州富丽与浙江广电的业绩赔偿纠纷也与本案类似。　　苏州富丽在投资协议中规定了业绩指标，如果浙江广电公司业绩不达标，大股东杭州中宙将对苏州富丽进行现金补偿，补偿公式为：（1-实际完成额/承诺额）×增资方增资款总额。按照这一公式，如果公司利润为负数，则赔偿金额就会超过投资款，造成公司亏损，投资人获取现金赔偿金额越高的情况。　　杭州中院在裁决中认为，当实际净利润为负数时，应当视为目标公司没有实际完成额，而不能将“实际净利润”与“实际完成额”完全理解为同一概念，否则就会出现目标公司亏损越多，投资人获得的补偿越多之现象，有违诚实信用和公平合理原则。最终，杭州中院仅支持与增资款等额的补偿款。　　2017年在常州市钟楼区法院，也有一则类似案例。　　该案中，法院认定，“常州产交所作为增资后新加入的股东，与原股东黄晋、邱景晖签订业绩对赌协议的目的，是为激励公司大股东及管理层努力经营公司，获取经营回报，当公司经营未达预期时，其能够从原股东黄晋、邱景晖处获取相应的业绩补偿，而非从公司的亏损中获益，故尚蛙公司的亏损数额不能作为计算业绩补偿的依据，常州产交所据以主张权利的补偿总额，应以承诺净利润400万元为限，相应的，其获取业绩补偿的数额应为16万元（400万元×4%）。”　　该案一审判决后，常州产交所曾上诉至常州中院，但常州中院维持了一审判决。　　“一般情况下，上市公司做股权投资都是奔着收益去的，但一般情况下收益不会这么高，一年20%已经算是非常高了，精研科技的协议规定是成倍往上翻，而且相当于精研科技一分没出白拿了60%股权，老股东还要倒贴钱，的确是不合理的现象”，上述律师表示。　　拖累上市公司业绩　　在2021年的财报当中，精研科技解释了安特信经营业绩不及预期的原因，主要系在企业规模快速扩张的背景下，出现研发人员超配、部分物料呆滞等情况；以及在整体生产管理、量产规划等方面能力仍有所欠缺，影响了整体的盈利能力。　　　　陈明芳对界面新闻表示，她没有参与过安特信的任何经营事务，公司其他股东在经营过程中也没有征求过她任何的意见。她在安特信没有担任过包括董事、高管在内的任何职务，在安特信也没有领过任何工资。　　“协议签订后，持股60%的精研科技就实际控制了公司，公司一切经营决策，事无巨细，都由精研科技来决定，最终却因为业绩不达标，把没参与经营的人告上法庭，我认为这是不合理的行为”，她表示。�　　陈明芳还称：“协议当时明确写了‘受让方或其继承人或允许的受让人不得针对未明确作为本协议签约方的一方的高管、董事、合伙人、代理人、代表、专家、顾问、员工、关联方、继承人或允许的受让人提出追索或者获得追索权’，但精研科技却将我丈夫也告上了法庭，并冻结了他名下的资产。”　　精研科技在公告中称，郑奕麟作为陈明芳的丈夫，在对赌目标未完成时在股东群游说其他原股东与其共同对抗公司，否认经营亏损的事实，以达到不支付业绩补偿的目的。同时，在股东群中，郑奕麟一直代表陈明芳所持股权积极行使股东权利。因此，该股权投资、转让及对赌系两被告夫妇的共同经营行为，业绩补偿应由二人共同承担。　　郑奕麟对界面新闻表示：“我和安特信的老股东许明强、何浪及严伟军是老朋友，几个人有个聊天群。精研科技威胁要起诉后，我在群里发声，是在帮助太太处理纠纷，表达对精研科技不合理做法的异议。但在安特信，我没有签署过任何一份文件，公司经营从来与我无关，公司办公室也没有任何关于我的信息。我从来不享有任何‘股东权利’也从来没有行使过任何’股东权利’。”　　针对郑奕麟的回应，界面新闻向精研科技方面求证，截至发稿前尚未收到回复。　　子公司安特信亏损加剧的同时，精研科技自身业绩也处于泥潭之中。　　2023年一季度，精研科技营业收入3.02亿元，同比下降31.22%，归属于上市公司股东的净亏损4332万元，同比转亏，扣非净亏损4482万元，同比转亏；2022年，精研科技营业收入25.08亿元，同比下滑1.28%；归属于上市公司股东的净亏损为2.32亿元，扣非后净亏损2.75亿元。业绩发布后，精研科技已连续两个交易日跌停。　　对于2022年巨亏的事实，精研科技此前曾解释过原因：消费电子行业遭遇寒冬，终端客户需求不及预期，部分客户出现了砍单甚至项目取消的情况。此外，子公司亏损也影响了上市公司业绩。持续亏损之下，精研科技已经叫停了历时近7个月，且此前已经获批的募资扩产计划。　　而对于外界对子公司安特信高额赔偿款的质疑，截至发稿前，精研科技并无回应。责任编辑：王其霖
['居然之家：利润连降业绩对赌未完成，大股东却分走近20亿利润'],来源�| 财经九号　　作者�| 跳跳　　日前，家居行业的龙头之一新零售集团股份有限公司（以下简称“居然之家”）发布了2022年度业绩及2023年一季度业绩。　　居然之家自2019年借壳武汉中商A股上市后，从业绩表现来看实难言好，比如大股东与上市公司的三年业绩对赌最终没有完成，盈利能力呈现逐年下滑趋势；现金短债比情况也逐步恶化、企业现金流面临压力，定增资金使用效率低下、承诺使用项目进展缓慢等等。　　这些经营性难题，都一一摆上了居然之家的案头，如何化解？　　　　按此统计，2019年至2022年，持有上市公司61.94%股权的汪林朋及其一致行动人累计从上市公司分走约19.6亿元利润（含税），占四年累计归母净利润的约24%。　　　　　　据2022年年报，居然之家去年实现营收129.8亿元，同比下降0.69%，归母净利润16.48亿元，同比大跌28.44%；　　2023年一季度业绩同样没能扭转下滑趋势。数据显示今年1-3月实现营收32.46亿元，同比微增4.53%，但归母净利润却同比大幅下滑了10.25%，仅4.53亿元。　　　　2019年至2022年，营业收入分别为92.29亿元、90.22亿元、130.7亿元、129.8亿元，整体规模从90亿元攀升到130亿元左右；归母净利润分别为31.55亿元、13.57亿元、23.03亿元、16.48亿元，整体走低。　　　　　　后因2020年的疫情原因，将业绩对赌时间推迟一年，对赌业绩不变，也就是2021年度、2022年度居然之家家居连锁公司要完成扣非归母净利润241602万元、271940万元。　　　　根据协议规定，不足部分将由上市公司实控人汪林朋及其一致行动人补足。　　　　　　大可不必担心业绩对赌失败，上市公司大股东会有什么影响。　　　　据上市公司财报显示，2019年至2022年（2022年按分红预案计算，含税），居然之家分别现金分红4.7亿元、3.38亿元、10.48亿元、13.02亿元，四年时间大手笔累计分红31.58亿元，分红比例分别占到了当年度归母净利润的15%、25%、46%、79%。　　　　或许有投资者会认为这是一家“良心企业”，但别忘了上市公司实控人汪林朋及其一致行动人占到了上市公司61.94%的股权，　　四年时间里，大股东累计独享分红19.6亿元（含税）　　企业经营不怎么样，分红吃肉倒是一马当先。　　　　　　　　年报数据还显示，截至2022年底，居然之家在手现金46.18亿元，同比下降了18.07%，而一年内到期的短期债务达到了34.06亿元，　　　　更令投资者担忧的是其现金流状况的恶化。　　同期，融资性现金流净额持续为负数，主要由于分配股利支付的现金大幅增加（同比增130%）和取得借款收到的现金大幅度减少（同比减少35%）。　　　　2020年，居然之家定增募资净额35．　　　　　　至于闲置的约15亿募集资金，居然之家主要存在银行吃利息，利率也仅有2.02%至2.1%左右。责任编辑：王其霖
['2023年5月8日涨停板早知道：七大利好有望发酵'],天铁股份5月7日晚公告，公司部分董事、高级管理人员及核心管理人员合计12人，计划自公告披露后第一个交易日起6个月内，以其自有资金通过深交所系统集中竞价交易方式增持公司股份，合计增持股份数量不低于124万股。本次增持股份的价格不超过15.00元/股。　　　　地铁设计5月7日晚公告，5月5日，深圳公共资源交易公共服务平台网站发布了“深圳市城市轨道交通20号线二期工程勘察设计总承包项目”的中标结果公示，公司与中铁第一勘察设计院集团有限公司、深圳市工勘岩土集团有限公司组成的联合体为中标人，中标价为人民币5.91亿元。　　　　联创电子5月7日晚公告，拟不低于1亿元（含）且不超过2亿元（含）回购股份。回购价格不超过15.00元/股（含）。回购用途：用于实施股权激励或员工持股计划。　　　　5月7日晚公告，日前，国家电网有限公司电子商务平台发布了“国家电网有限公司2023年第二十一批采购（输变电项目第二次变电设备（含电缆）招标采购）中标公告”、“国家电网有限公司2023年第二十二批采购（输变电项目第二次变电设备单一来源采购）成交公告”。公司及子公司、合营公司为相关项目中标单位，中标金额合计约为11.90亿元，占2022年营业收入的12.83%。　　　　统联精密5月7日晚公告，拟以集中竞价交易方式回购公司股份，回购股份的资金总额不低于3000万元、不超过6000万元。回购股份的价格不超过41.87元/股（含）。回购股份的用途：拟在未来适宜时机全部用于员工持股计划或股权激励。　　　　丽珠集团5月7日晚公告，近日，公司全资子公司丽珠集团丽珠制药厂收到国家药品监督管理局核准签发的《药品注册证书》，公司注射用艾普拉唑钠新适应症“预防重症患者应激性溃疡出血”获得注册批准。　　　　恒瑞医药5月7日晚公告，近日，公司子公司瑞石生物产品Edralbrutinib片用于治疗视神经脊髓炎谱系疾病（NMOSD）适应症获得美国食品药品监督管理局授予的孤儿药资格认定。孤儿药又称罕见病药，是指用于预防、治疗、诊断罕见病的药品。本次瑞石生物获得美国FDA孤儿药资格认定，将有机会在产品研发、注册及商业化等方面享受美国的政策支持。责任编辑：王涵
['片仔癀疯了：片仔癀锭剂大幅涨价至760元/粒'],来源 格隆汇　　原标题�疯了　　作者 | 莫羽枫香　　数据支持�|�勾股大数据（www.gogudata.com）　　5月4日，中证中药指数一度刷新了2015年以来的新高。具体到个股来看，非常之疯狂，创下历史新高。也连创新高，较去年4月低位持续大涨超170%，惊诧众人。　　　　市场对于片仔癀悲观之余，很快却迎来了一个重磅级消息——提价。　　1　　据公告显示，鉴于公司片仔癀产品主要原料及人工成本上涨等原因，公司决定自公告之日起，公司主导产品片仔癀锭剂国内市场零售价格将从590元/粒上调到760元/粒，供应价格相应上调约170元/粒；海外市场供应价格相应上调约35美元/粒。　　如何看待片仔癀这一涨价举措呢？　　片仔癀2003年上市以来，一共提价了13次。其中，2005年提价2次，2007年提价2次，2010年提价1次，2011年提价2次，2012年提价2次，2016年提价1次，2017年提价1次，2020年提价1次。　　　　由于过去片仔癀并没有详细公布出厂价，只能通过推算得出。在本轮提价之前，券商给出了不同的出厂价估算值。其中，为390元，国盛证券为410元，为430元。我们取一个中间值——410元来进行计算。　　　　为什么提价这么高？　　　　原料大涨是真。之前有券商进行过测算，2019年片仔癀肝病用药产品的成本费用率为18%，在成本中92%来源于原材料。　　天然麝香和牛黄一共占原材料的比重达到了90%。一锭3g的片仔癀的四项原材料成本合计为73元/g，占比约为18%，其中天然麝香成本为31元/锭，占原材料的比重为43%，牛黄的成本约为34.5元/g，占原材料的比重为47%。　　疫情三年、中医药政策频频出台、民众对祖国医学越发信任的大背景下，国内外对于中药的需求大增，导致供给出现了较为明显的失衡，尤其是名贵中药材，可以用价格飞涨来形容。　　据康美中药网数据显示，最新牛黄价格高达80万元/kg，即800元/g，较3月20日上涨15万元/kg，较年初上涨22万元/kg。如果跟2019年相比，牛黄上涨570元/g，涨幅达到248%。如果按照每粒需要0.15g来计算，这部分成本将高达到120元。　　　　三七和蛇胆成本占比较低，忽略不算。这样一来，目前每一粒片仔癀原材料成本将达到167.28元，较2019年上涨了94.5元。上面只是粗略进行了计算，可能会偏高一些。因为片仔癀还有较大量库存，成本可以平摊一些下来。不过，2020年1月片仔癀出厂价提了40元，这一次直接提了170元，完全覆盖掉原材料上涨的压力。　　　　当然，片仔癀这一次大幅提价，也有较大概率是把接下来1-2年原材料继续大涨给提前囊括进去了。尤其是牛黄价格将中长期上涨。不仅片仔癀、安宫牛黄丸，还有大量中高端品牌中药都要用到它，而它的供给却遇到了很大的麻烦。　　因为牛和猪不一样，不能圈养起来，需要大量土地与草场。而中国的土地资源又无法满足饲养更多的牛。其次，牛无法标准化育种，标准化出栏，标准价格出售（一牛一价）。两者因素叠加之下，牛无法做到像猪一样进行工业化养殖，那么也决定了牛的供给无法跟上需求，价格必然上涨。　　好在，片仔癀还有定价权，可以通过涨价转嫁给消费者。　　2　　从去年开始至今，片仔癀经营确实也遭遇了水逆。　　2022年，片仔癀营收为86.94亿元，同比增长8.38%，归母净利润为24.72亿元，同比仅增长1.68%。营收和利润增速均创下2015年以来最低，且首次低于10%。今年一季度，营收26.3亿元，同比增11.98%，归母净利润为7.7亿元，同比增11.66%。相较于过去几个季度环比改善明显，但绝对增速并不算太快。　　　　　　　　而四季度业绩疲软，与主动控量有一定关联。在公告中，片仔癀也明确提到，公司努力调控营销渠道，夯实市场基础。2021年，潘杰大力发展线上渠道，对于多年经营的线下渠道冲击不小。而去年林玮奇上任之后，更加注重线上与线下的平衡。两大主要渠道在去年都有断货的问题，这跟公司“细水长流”的经营战略有关。毕竟上游原材料还是相对紧平衡的。　　除了主营片仔癀业务外，之前提供部分业绩增量的化妆品业务出现了明显恶化态势，拖累整体业务增长——若剔除化妆品业务，片仔癀2022年收入增幅可达到12.52%，较剔除前增幅扩大4.14%。　　具体来看，去年化妆品业务营收6.34亿元，同比大幅下滑24.61%。今年一季度，表现更为惨淡，营收仅1.09亿元，同比大幅下滑42.78%。而2018-2021年，该业务营收分别为2.74亿元、4.3亿元、6.11亿元、6.85亿元，同比增速分别为56.6%，56.9%、42%、12.1%。　　对比行业来看，2022年中国全年化妆品零售总额3936亿元，同比下滑4.5%。而今年一季度，零售总额为1043亿元，同比增长5.9%。　　通过梳理发现，片仔癀化妆品业务其实在2021年就已经大幅放缓，且持续低于行业平均表现。除了受到疫情封控等客观因素外，更重要的是自身经营策略应该是出现了一些偏差——过去几年把重点精力放在了与片仔癀药品协同销售的线下渠道。　　然而疫情三年深刻加速了整个化妆品行业销售渠道的变革。转型较为成功的，线上直销比例从2018年的20%大幅提升至去年末的70%，线上渠道总占比已经高达九成，而过去主流的线下日化渠道已经大幅萎缩。除了渠道因素外，还有产品结构往中高端靠齐，导致业绩持续超预期大增。　　然而，诸如、、兰芳家化线下占比较大，业绩承压，转型线上并不顺利，业绩表现非常之疲软，与珀莱雅形成了鲜明的对比。片仔癀也面临这样的问题，销售渠道倚重自己的线下门店，而产品端并没有特别突出的爆款出来，导致该业务表现拉胯。　　有机构分析，片仔癀化妆品业务收入下滑与分拆上市操作有关。不过，我觉得关系不会太大，因为要拆分上市，企业往往都有动机把业绩做亮眼，市场才愿意给更好的估值溢价，把业绩做低似乎也不符合常识与逻辑。　　在这样的经营状态下，片仔癀主力业务盘亮出大杀器，将一举逆转过去的颓势。　　3　　目前，片仔癀PE-TTM为64.7倍，位于最近10年来估值中线水平，较2021年7月估值泡沫时的150倍大幅收窄。从这个维度看，现在片仔癀估值基本属于合理水平。　　　　责任编辑：王其霖
['内控现“重大缺陷”，世茂股份被实施其他风险警示'],世茂股份部分子公司资产被申请强制执行，所涉及金额超160亿元。　　房企“披星戴帽”的规模还在扩大。“五一”小长假后首个交易日，A股上市公司世茂股份（600823.SH）被实施其他风险警示，股票简称变为“”。受此影响，5月5日，ST世茂一字跌停，报1.89元，跌幅为5.03%。　　导致这一结果的是世茂股份2022年度内部控制审计报告被出具了否定意见。　　据中兴财光华会计师事务所出具的《内部控制审计报告》显示，出具否定意见是由于世茂股份及部分子公司2022年度产生多笔诉讼且存在被列为被执行人的情况，部分被执行事项涉及的业务未在财务报告中反映，且该类事项未履行必要的披露义务。　　“上述事项构成内部控制重大缺陷，影响了财务报表中多个科目的列报认定，与之相关的财务报告内部控制失效。”上述报告称。　　根据《上海证券交易所股票上市规则》，最近一个会计年度内部控制被出具无法表示意见或否定意见审计报告，或未按照规定披露内部控制审计报告的，上交所将对其股票实施其他风险警示。　　对于这一内部控制缺陷，世茂股份表示将理清涉诉案件完整详细情况，成立专项调查组，核查业务形成背景，以确定该事项对财务报告的影响。同时，调查组将逐项确认公司资产状况，并于2023年内完成调查报告。　　在完成相关整改后，根据上交所规定，上市公司内部控制缺陷整改完成，内控有效运行，向交易所申请撤销对其股票实施的其他风险警示的，应当提交会计师事务所对其最近一年内部控制出具的标准无保留意见的审计报告、独立董事出具的专项意见等文件。　　世茂股份表示，在2022年年报审计过程中发现了上述子公司涉及被执行及诉讼的情况，涉及总金额约162.88亿元，部分涉诉金额尚无法统计，相关子公司并未有对应借款融资记录。根据世茂股份目前披露的情况，有涉及执行标的90.95亿元的申请人是中信信托。　　世茂股份坦言，上述事项相关的或有负债待进一步厘清事实，尚无法确定这些事项对财务报告的影响，亦无法确定是否需要对前期财务报告进行调整。相关资产如被执行或诉讼失败，世茂股份将遭受重大损失。　　也正是由于此事项，中兴财光华会计师事务所还对世茂股份2022年年报出具了保留意见的审计报告。　　据披露，上述162.88亿元占世茂股份净资产的比例达39.91%，而中兴财光华会计师事务所方面未获取与该事项相关的全部资料，也无法通过其他审计程序获取充分、适当的审计证据，无法判断这些事项对报表可能产生的重大影响，亦无法判断是否还有尚未披露的其他或有事项。　　部分董事也对年报提出了异议，除了上述涉及诉讼及资产被强制执行之外，还有董事提及世茂股份存在4个未入账的银行账户等事项。　　就一系列情况，上交所向世茂股份发去了问询函，其中要求年审会计师说明在内控报告被出具否定意见的情况下，对公司年报出具保留意见的合理性。同时，上交所还要求世茂股份方面披露相关被执行案件的基本情况、上述未入账银行账户的具体情况及原因等。　　就目前世茂股份披露的2022年年报来看，其在报告期内，实现营业收入约57.47亿元，同比减少70.37%，归属于上市公司股东的净利润约-45.31亿元，同比减少571.47%。责任编辑：王其霖
['特斯拉中国全面涨价，但市场价格风向短期未变'],来源 雪豹财经社　　涨价两天后，特斯拉中国再次调高部分车型售价，至此。不过这次针对的是售价更高、销量仅占2.5%的高端车型。整体而言，　　5月5日，特斯拉中国官网显示，Model S及Model X全系车型售价上调1.9万元至80.89万元、89.89万元起。这是特斯拉中国在4天内的第二次涨价：5月2日，公司对Model 3和Model Y全系车型售价上涨2000元至23.19万元、26.39万元起。��　　在实施多个月的降价措施后，特斯拉在五一期间对全球多个市场的车型进行了涨价，包括上调美国、日本和加拿大等市场部分车型的价格。��　　　　一季度，由于车型降价，特斯拉净利润同比下跌24%，毛利率则降至20%以下。业绩不佳也传导至二级市场，财报发布后的5个交易日，该股累跌14.86%。多名股东也对马斯克表达了不满，并向董事会施压。��　　而特斯拉。乘联会最新数据显示，4月特斯拉中国批发销量75842辆，环比下降14.7%。乘联会认为，4月价格战热度逐渐消退，消费者恢复理性消费。��　　据时代周报援引独立国际策略研究员陈佳的观点称，　　但对国内电动车厂商来说，特斯拉涨价并不意味着价格战的结束。特斯拉在1月份大幅降价后的价格优势和竞争力依然存在，本次小幅涨价短期内也不会改变行业趋势。责任编辑：王其霖
['以岭药业营收125亿元背后：连花清瘟营收超过60亿元，心脑血管类产品营收下降7.87%'],华夏时报（www.chinatimes.net.cn）记者 郭怡琳 于娜 北京报道　　近日，发布的2022年报显示其营收利润均增长，但心血管线出现逆势下滑。　　根据年报披露，2022年度以岭药业实现营业收入125亿元，同比增长23.88%；归母净利润24亿元，同比增长75.75%。虽然此次并未披露连花清瘟系列产品的具体销售情况，但公布数据显示以“连花清瘟”为主的呼吸系统类产品实现年收入68.7亿元，相比2021年暴涨近70%。　　值得注意的是，在连花清瘟大单品营收强势背后，心血管板块营收出现下滑。2022年报显示，以岭药业心脑血管类产品营收41.78亿元，同比下降7.87%。与之前相比，2021年报显示该板块较上年同比增长31.56%。对此，一位不愿具名的三甲医院中医医师告诉《华夏时报》记者，“通心络、参松养心和芪苈强心是以岭药业的传统优势产品，对于老年群体临床应用广泛。基于去年的一些不可抗因素，老年人口结构随之波动，临床上用药情况受到影响。”　　此外，医药首席分析师杜向阳则向《华夏时报》表示，“中药板块业绩走势跟疫情相关较大，因此去年四季度和今年一季度业绩表现比较亮眼。我们较为看好中药板块行情，背后逻辑是政策的友好叠加使得基本面向好。而随着一些中药品种进入基药目录，未来将利好中药板块发展。”　　　　日前，石家庄以岭药业股份有限公司（以岭药业）发布2022年报及2023年第一季财报。报告期内，以岭药业营收125.33亿元，同比增长23.88%；归母净利润23.62亿元，同比增长75.75%；归母扣非净利润23.23亿元，同比增长83.68%。　　财报显示，2023年一季度及2022年度，连花清瘟的收入均排名第一，以“连花清瘟”为主的呼吸系统类产品实现年收入68.7亿元，独占公司近55%份额，相比2021年暴涨近70%。其中，连花清咳片在前三季度实现了0.61亿元收入，这意味着连花清瘟胶囊/颗粒在2022年度实现了超60亿元的营收。　　在此背景下，以岭药业也欲借此大势，打造自己的“大呼吸领域”。年报显示，以岭药业目前呼吸系统在研产品已形成包括上呼吸道、下呼吸道、急慢性疾病，并且覆盖儿童以及成人的“大呼吸领域”10余个品种集群。预计到2027年，可完成呼吸系统类中药创新药研发并申报4—5个，“大呼吸”产品集群有望成为继心血管疾病产品集群之后的第二大产品集群。　　据悉，除已经上市的连花清瘟以及连花清咳外，当前在研的产品还有藿夏感冒颗粒、玉屏通窍片以及小儿连花清感颗粒。具体来看，以岭药业当前在研的3款呼吸系统类药物，藿夏感冒颗粒于今年年初获批临床，而玉屏通窍片以及小儿连花清感颗粒都已进行至临床3期，如若两款临床3期药物能成功获批，将丰富“大呼吸”产品集群，同时小儿连花清感颗粒为儿童用药，可扩展用药市场。　　此外，天眼查数据显示，以岭药业的工商主体为石家庄以岭药业股份有限公司，其已经申请注册了多个“莲花清菲”、“连花清菲”的商标。具体分类包括日化用品、医药、医疗器械等，当前商标状态均为等待实质审查或申请中。　　记者在电商平台检索发现，以岭药业旗下的网店在售多款“连花清菲”产品，包括润喉糖、代用茶包、植物饮料等，在产品介绍中声称可缓解雾霾、烟酒等引起的喉咙不适。与“连花清瘟”不同的是，“连花清菲”的“清菲”音同“清肺”，该系列主打消费者更常见的食品和日用品。在电商平台上，以岭药业旗下的网店在售多款“连花清菲”产品，包括润喉糖、代用茶包、植物饮料等，价格在十几元到数十元之间。以“连花清菲无糖润喉糖”为例，其在旗舰店内月销量达到上千件。　　对此，上述受访医生称，“从配方分析‘连花清菲’产品，金银花、罗汉果、芦根、胖大海等中药材至功效以解表清热为主，其更适合热性体质人群食用。对于脾胃虚寒的消费者，滥用该类产品可能会导致体质更加寒凉，继而出现胃凉、腹泻等症状。”　　　　值得注意的是，在连花清瘟大单品营收强势背后，心血管板块营收出现下滑。2022年报显示，以岭药业心脑血管类产品营收41.78亿元，同比下降7.87%，占总营收的比重为33.33%，收入贡献从2021年的排名第一下降到第二。　　记者梳理此前年报发现，2021年心血管实现营收45.34亿元，占营业收入的44.82%，同比增长31.56%。 2020年心脑血管类产品收入34.47亿元，较上年增长11.31%，其收入在总收入中的占比约40%。　　此前的，2019年，以岭药业心脑血管类产品的营业额可达到31亿元，营业额可占公司营业收入的53.15%，是公司所有产品中当之无愧的“一哥”。而新冠疫情爆发后，2020年4月国家药监局批准连花清瘟新增“新型冠状病毒肺炎轻型、普通型”的新适应症，从此以岭药业呼吸系统类药物一跃成为“大哥”。　　据悉，以岭药业心脑血管三大产品包括通心络、参松养心和芪苈强心。国盛证券在近期发布的研报指出，在国内2022年起老龄化加剧，心脑血管疾病高发，心脑血管药物总体规模约 1000 亿元规模，口服心脑血管中成药行业增速加快的环境下，以岭药业心脑血管产品有望持续提升渗透率和市占率。　　编辑：颜源 主编：陈岩鹏
['国轩高科去年营收大增 股价却阴跌一年至腰斩 董秘办回应原因'],来源 华夏时报　　企业，一度赚足了外界的眼光。近日，披露2022年年报和一季报，2022年公司共实现营收230.52亿元，同比增长122.59%，其中海外营收29.8亿元，同比增长464.76%，实现归母　　对于增长的原因，深度科技研究院院长张孝荣对记者表示：“公司净利润增长幅度较大说明公司在降本增效方面取得了重大突破。上游锂矿成本逐步降低，下游出货规模不断扩大，同时，公司海外投资和出口量增加，行业布局领先，海外营收部分开始大幅增长。”董秘办相关工作人员也在接受《华夏时报》记者采访时表示，公司一直坚持走国际化战略，海外客户和一些海外项目也在不断的推进当中。　　但值得注意的是，过去一年公司的股价并没有随着公司的业绩增长而增长，而是出现了持续回调，由2022年年初的66.45元/股回调至2022年末的28.83元/股，降幅为56.61%。截至5月4日收盘，其公司股价为27.79元/股，相比高点时已经腰斩。　　业绩亮眼股价下跌　　根据介绍，国轩高科主营业务为动力系统、系统和输配电业务三大板块。在动力电池领域，公司是最早从事汽车动力自主研发、生产和销售的企业之一，主要产品为三元材料及电芯、磷酸铁锂材料及电芯、动力电池组、电池管理系统及型电池组等，产品广泛应用于纯电动商用车、专用车及混合动力汽车等，与国内外众多整车企业都有合作。　　据其2022年年报显示，过去一年，国轩高科共实现230.52亿元，同比增长122.59%，实现归母净利润3.12亿元，同比增长206.15%。在其230.52亿元的营收中，动力电池系统的收入为184.82亿元，同比增长116.4%，占营业总收入的80.18%；电池系统的收入为35.08亿元，同比增长186.49%，占营业总收入的15.22%；输配电产品的业务收入仅为6.64亿元，同比增长44.88%，占营业总收入的2.88%。由此可以看出，动力电池业务依然是公司营业收入增长的主要来源。除此之外，储能业务增长也比较迅速。　　国轩高科在年报中表示，报告期内公司旗下南京智能制造20GWh动力电池项目正式投产，宜春国轩10GWh动力电池项目竣工投产，同时，国轩科宏年产20万吨高端正极材料项目投产，这些都将进一步提升公司的产业化水平。同时公司高度看好储能赛道，预计储能行业今年的上升空间会高于动力电池。其中，国外家储市场预计会在今年下半年放量，国内大储市场方面二季度也已开始进入交付阶段，目前产品供不应求。　　不过值得注意的是，在公司动力电池业务快速增长的同时，其毛却出现了下降，为16.73%，比上年同期减少7.93个百分点。同时公司2022年经营活动产生的现金流量净额比上年同期减少2.5亿元，同比下降24.28%，投资活动产生的现金流量净额比上年同期减少133.40亿元，同比下降318.75%。　　且过去一年公司的股价并没有随着公司的业绩增长而增长，而是出现了持续的回调，由2022年年初的66.45元/股回调至2022年末的28.83元/股，降幅为56.61%。截至5月4日收盘，其公司股价为27.79元/股，相比高点时已经腰斩。对此，其公司董秘办工作人员在接受记者采访时表示，公司股价受宏观、市场情绪等多种因素的影响，短期内是没有办法来预测的，但长期来看公司股价肯定会随着公司市值均衡发展的。　　海外布局加速　　在230.52亿元的营收中，公司在海外的营收占比为12.93%，为29.8亿元，同比增长464.76%。而2021年公司在海外的营收就高达5.28亿元，同比增长232.58%。近年以来国轩高科不断加快在海外布局的步伐。　　4月28日，在国轩高科举行的媒体开放日活动上，该公司国际业务副总裁陈瑞林透露，国轩高科已就美国建厂事宜进行了深度，目前一切进展顺利，即将确定具体选择。而此前国轩高科曾规划国轩高科美国子公司美国国轩拟投资23.6亿元在美国密歇根州建立两座动力电池生产基地，一座工厂生产电池，另一座工厂生产电池原材料。工厂预计将于2031年完工，投产后每年可生产15万吨正极材料和5万吨负极材料。　　3月20日国轩高科发布消息称，公司已与日本爱迪生能源达成战略合作协议，双方将合作开拓日本储能和市场，推进国轩高科走进日本市场。而今年2月份，国轩高科宣布其全资子公司合肥国轩高科动力能源有限公司已与欧洲电池制造商InoBat签署谅解备忘录。根据协议，双方将在生产制造、技术研发等多个领域开展合作探讨。在电芯制造领域，双方将共同探索以合资形式建设40GWh电芯及 Pack工厂；在储能领域，双方将基于InoBat在斯洛伐克现有工厂共同探索开展储能电池生产的潜力。　　除欧洲外，国轩高科目前已在美国硅谷、德国哥廷根、印度浦那、新加坡南洋理工大学等地建立了全球研发中心，并与越南企Vinfast讨论在越南建电池工厂的可能性。对此，有业内人士表示，我国动力电池企业加速出海，特别是在海外市场建设电池工厂，更有利于实现对当地的本土化配套，从而更有利于助推企业成规模化发展。　　（文章来源：华夏时报）
['阿里的“海外战事”：压力，困惑，输不起'],文|霞光社 Yinting Hou　　阿里分拆六大集团之后，负责国际数字商业集团的蒋凡，最近一月动作不断。　　4月13日，追踪新加坡监管文件的VentureCap Insights称，东南亚电商公司Lazada已从母公司阿里获得3.53亿美元的注资。　　对于阿里再次注资Lazada这一消息，市场分析师反应良好，预计Lazada会有更多的自主权、更多的外部融资机会，以及可能由此诞生的单独IPO。2022年至今，阿里已向Lazada注资20亿美元。一位接近阿里的行业人士告诉霞光社，阿里一直看好东南亚和Lazada的发展，未来也会继续保持长期投入。　　此外，阿里国际数字商业集团旗下的速卖通，在4月19日正式宣布推出“全托管”模式，消息亦指出Lazada将于5月底推出“全托管”模式。“全托管”类似于Temu的运营模式，商家成为供应商角色，而平台负责整体运营环节。　　5月4日，根据彭博社消息，阿里国际电商部门寻求在美国首次IPO，以刺激电商平台Lazada和速卖通在内的业务增长。对此，阿里国际数字商业集团方面对新浪科技表示，“没有上市计划。”　　自从2022年入主阿里国际数字商业版块以后，蒋凡就对海外业务进行架构梳理、调整，如Lazada负责本土化业务，速卖通担任跨境电商“大本营”角色等。　　今年3月底，阿里宣布构建“1+6+N”的组织结构，设立六大业务集团和多家业务公司，并分别建立各业务集团和业务公司的董事会，国际数字商业集团即是六大业务集团之一，由蒋凡任CEO。该集团除了有Lazada和速卖通以外，还包括Trendyol、Daraz、淘宝的跨境业务以及批发业务阿里巴巴国际站。　　尽管这一年多来，蒋凡在海外的动作频频，但成效尚不明显。从财报来看，国际商业收入占阿里集团收入的7%~8%，业务至今仍处于亏损状态。　　现在，走上自负盈亏的独立之路，蒋凡肩上的压力更大了。　　2022年12月，阿里在西班牙上线电商平台Miravia。依靠线上KOL推广，线下广告投放，短短数月，迅速打入市场。　　根据数据机构data.ai公开数据，3月19日，Miravia在App Store的下载量超过Shein，成为西班牙购物类App排行榜第一名。全球移动应用分析平台Sensor Tower数据显示，Miravia在Google Play的下载量超过100万次。　　西班牙本地初创品牌Sinology Studio就于1月份入驻Miravia，创始人Jing告诉霞光社，新平台对商户有一定的扶植，如可以参与“秒杀”（Flash Sale）和一些节日促销活动，此外对于买卖双方，西班牙境内都免运费。　　“我有参与几次‘秒杀’活动，参与到促销活动中会对店铺的流量带来很大的帮助，但是近期由于进驻的卖家增多，被选入‘秒杀’活动的难度增加了。”她说道，随着在西班牙境内的宣传逐步铺开，平台总流量在稳步增长，但总量还是较低，毕竟平台很新。并且，可能出于战略布局，吸引了本地已有一定市场基础的品牌，这些知名品牌得到平台的流量倾斜。　　根据Jing观察，从推广方面来看，平台近期的侧重点还是主打本地知名品牌，这和之前Miravia宣传的 “中高端”定位相符，“这会更利于吸引本地的用户群。但个人认为，平台对原创品牌和中小商户可以加大扶持力度，商户和平台的共同成长才是长久之计。”霞光社获悉，Sinology Studio是原创首饰品牌，定价约数千欧元，仍处于初期培育阶段。　　此外，Jing了解到，Miravia在向本地商户招商的同时，也对速卖通一些做得比较好的跨境商家发了邀请。　　上述接近阿里的行业人士指出，Miravia邀请速卖通的跨境卖家，一方面能拓展Miravia的商品丰富程度，另一方面也给优秀的中国卖家一个拓展欧洲市场的新机会，“Miravia依然是立足于本土的电商平台，商品主要来自本地商家，但优秀的中国卖家依然有机会在上面销售。”　　目前来看，Miravia在西班牙本地获得一些声量，Jing发现，“本地人对平台还是一个初始了解阶段，大城市如马德里，线下推广多，就相对使用的人多一些。像我居住的瓦伦西亚市，线下的广告也是最近才开始的，所以本地人对平台还不是太了解。我知道一些年轻人被前期大力的折扣所吸引。”　　但西班牙5000万人口，市场相对较小，而电商平台不少，Jing等商家希望，平台能尽快拓展到整个欧洲，让商家能接触到更广大的用户群体。　　欧洲市场成为中国互联网大厂出海的必争之地，并已经逐步“开疆拓土”。Shein的主阵地即是北美、欧洲，已经成为本地的快时尚品牌巨头，而出海半年的拼多多Temu，也已经在欧美占据不小市场份额。　　反观阿里，速卖通在欧美耕耘多年，但多年跨境电商性质，令其本地化优势不明显。定位时尚、美妆等生活方式集合平台，Miravia更能直接抢夺Shein、Temu的市场。不过，相对Shein、Temu，Miravia切入中高端市场，营销、补贴等行为也较为克制，短时间内仍未能看到规模效应。　　根据上述data.ai数据排名，西班牙购物类App排行榜第三名是速卖通，其在西班牙的成功，或是Miravia首站进入这个市场的原因。如果Miravia能在西班牙打开市场，随后或能复制到欧洲其他市场。　　值得关注的是，阿里收购的土耳其电商平台Trendyol，近一年“润色”了阿里国际商业的业绩。根据财报，2022年第4季度，国际商业分部收入同比增长18%至194.65亿元，“本季度此业务的整体订单同比增长3%，主要是由Trendyol强劲的订单增长所驱动。”在2022年第2、3季度财报，Trendyol的增长都有所体现。　　2023年1月，根据土耳其媒体报道，阿里巴巴集团总裁迈克尔·埃文斯（Michael Evans）表示，阿里计划在土耳其投资超过10亿美元，用于在伊斯坦布尔机场建设物流中心和在土耳其首都附近建设数据中心。　　据悉，阿里2018年以7.28亿美元的估值收购了Trendyol部分股权。2021年4月，阿里向Trendyol增资3.5亿美元，持股比例提高至86.5%。但根据知情人士向霞光社透露，Trendyol为创始团队独立运营，阿里较少参与决策。　　在土耳其的多位华人向霞光社表示，他们平常会用Trendyol网购，而当地人常用的电商平台就是Hepsiburada和Trendyol。　　比Shopee早入东南亚市场，Lazada难敌强势追击，已多年被其压制。除了Shopee前期大搞补贴、抢占市场的因素之外，Lazada缓慢的本地化进程也是阻碍其发展的重要原因之一。　　广州跨境电商卖家阿康的团队，在2018年就开始做Lazada跨境电商店铺，半年后入驻Shopee。有自主供应链，专做家居日用品品类，2021年，阿康做到了200万元的销售额。2022年，团队关闭了所有跨境店，专注于泰国、马来西亚的本土店。　　他告诉霞光社，早期Lazada还是东南亚电商老大，整体数据表现比较好，他们的店铺也是如此。到了2019年之后，Shopee正式超过Lazada，他们的店铺数据上，Shopee开始高过Lazada。至今，Shopee仍然占据东南亚最大的市场份额，而Lazada位居其次。　　多位东南亚本地华人卖家向霞光社表示，Lazada的商城页面和商家后台，都跟淘宝系统、体系类似，本地商家很难上手，难以适应。相较而言，Shopee的卖家中心和买家中心是一体化的，商家有部手机就能开店，操作简单。阿康指出，Shopee的本土卖家数量超过Lazada，这可能就是其中一个原因。2022年，接管阿里海外业务之后，蒋凡开始着手解决Lazada的本土化困局。　　例如，蒋凡开始重视东南亚本地人才。2022年6月，董铮（James Dong）成为Lazada集团CEO，同时兼任Lazada印尼CEO。不同于以往“空降”到东南亚的国内阿里人，董铮从2018年开始先后出任Lazada泰国、越南CEO，是长期扎根东南亚、伴随Lazada成长起来的高管。　　上述接近阿里的行业人士指出，Lazada团队大部分来自当地，尤其是高管团队，东南亚六个市场中，有五个国家的主要业务负责人来自本地。“产品上，Lazada分别有针对不同国家的语言版本，分别由当地国家团队负责日常运营。”　　Lazada官方资深认证导师、马来西亚华人商家Bjorn告诉霞光社，中国许多公司来到东南亚发展的时候，没有办法达到很快的增长速度，是因为将中国那一套模式直接搬来东南亚，“Lazada也发现这个问题了，虽然用了很长的时间。”他发现，Lazada如今的用户体验越来越本地化了，同时慢慢偏向开发手机端App，并将卖家中心也搬到移动端。　　此外，Lazada一直以来被Shopee贴近本土消费水平的低价模式所打击，但这一情况如今有所改善。　　从2022年开始，东南亚放松疫情管制后，线下消费恢复，线上电商业绩下降，在疫情期间扩张的Shopee，不得不开始降本增效，如减少补贴、裁撤部门等。Bjorn指出，近期来看，Shopee已经取消免运费的补贴政策，而Lazada仍在补贴运费，这使得部分买家偏向使用Lazada。　　Lazada马来西亚员工Amy告诉霞光社，Lazada今年主推Free and fast shipping（快速、免费的物流），同时尽力加快物流时效，以吸引更多不同品牌入驻平台。　　一年多以来，蒋凡在本地化上努力颇为明显，例如，完善Lazada在东南亚的物流和仓储体系。　　霞光社获悉，2020年，Lazada通过阿波罗项目（Project Apollo）升级了物流技术体系，仓储作业系统全面改写升级。通过海外仓，Lazada跨境物流时效几乎可以和在当地购买一样的2-3天到达，用户体验大幅提升。　　阿康指出，今年一季度，Lazada增加了第三方仓库合作制度，鼓励商家入驻第三方仓库，“官方海外仓有很多限制，各种费用较高，而使用第三方仓库，卖家可以降低仓储成本。”第三方仓库对于卖家来说也更方便，比如阿康还同时做Shopee、Tiktok电商，就可以统一在第三方仓库进行发货。　　他猜测，Lazada可能希望通过帮助卖家减少成本，以期控制平台产品价格，“因为如果成本提高，我们卖家肯定要调高商品价格的，不然没有利润。”他形容道，作为阿里系，Lazada开始“放下身段”。　　Bjorn的团队从2018年开始运营两个平台的数十家店铺，除了自己的店铺，还帮超过20个一线品牌做店铺代运营。他发现，Lazada上更适合做价格偏高的品牌产品，而低价商品在Shopee更好卖。如今，为了争取不同市场，他发现，Lazada内部人员希望他跟一些中小型企业合作，而Shopee则开始走高端路线，邀请他入驻Shopee Mall。　　Amy指出，Shopee主打平价便宜的商品，入驻门槛更低一点，市场份额也更大，“Lazada注重正品、质量，这一部分成熟起来，也有开始打低价的市场，正在努力把这块的市场份额提高。”　　一位接近Lazada的业内人士告诉霞光社，在东南亚，Lazada内部策略上，将更多资源投入到泰国、菲律宾等市场，在跟Shopee差距较大的市场，则暂时调低优先级。　　阿康明显发现，Lazada泰国店铺的流量和交易额在上升，他们的店铺业绩上，Lazada跟Shopee已经差不多，有些月份Lazada的销售额还会高过Shopee。　　泰国数据分析服务商Creden data统计指出，Lazada泰国在2022年的营收同比增长40.89%，达到206.75亿泰铢；利润暴增82.07%，达到4.13亿泰铢，是泰国市场首个盈利的电商平台。　　上述接近阿里的行业人士指出，Lazada泰国增速比较快是因为市场潜力很大，年轻人占比高，社交媒体比较发达，比如泰国当地运营团队会结合泰国不同的节日、流行趋势，邀约当红明星参与Lazada的直播、演唱会等不同形式的促销活动。　　根据数据分析网站Similarwed发布的2023年3月份东南亚各电商平台访问量（桌面+移动端）及相关数据，在泰国、菲律宾市场，Lazada的流量接近Shopee，唯在其他国家，Shopee还是遥遥领先。　　Bjorn指出，在马来西亚市场，Shopee仍然占据较大市场份额。这跟马来西亚的人口结构有关系，三大种族中马来人占比六至七成，相对而言他们消费水平较低，更喜欢使用Shopee。　　但不得不直视的问题是，东南亚恢复了线下购物方式后，线上电商热度下降，销量下滑，“一方面东南亚的电子银行等支付功能并不完善，另一方面50岁以上消费者开始回到线下购物，电商受到的影响很大。”他直言，如今平台流量都不能再与疫情期间相提并论。目前，Shopee和Lazada整体规模相去不小。根据Shopee母公司Sea发布的财报，2022年，Shopee的GMV为735亿美元，同比增长17.6%。根据阿里公开信息，在截至2021年9月的12个月中，Lazada的GMV突破210亿美元。而阿里财报还显示，2022年第2季度，Lazada订单数同比下降6%，至第4季度才重提“订单增长正在恢复”，据此推测，Lazada在2022年的GMV难有上涨。　　阿康指出，无论Shopee还是Lazada，品类都不够丰富，不像国内淘宝、拼多多能覆盖全品类产品，这使得很多人必须去线下购物。此外，消费者复购率也还有较大提升空间。　　实际上，2022年，阿康的整体业绩下滑了近四成。为此，他也减少了近四成员工。现在，团队打通了越南的本土资源，但在市场仍未出现较好预期的情况下，他还未打算扩展更多市场。　　在当前形势下，做好本地化，追赶Shopee，Lazada还有很长一段路要走。　　国际数字商业集团分拆后，没了阿里为亏损业务兜底，蒋凡必须站出来接受市场的考验，并对结果负责。　　根据财报，2022年，阿里海外数字商业收入649亿元，体量并不小，但整体亏损58.53亿元，仍无法自给自足。就在近半年里，阿里就大手笔投资Trendyol、Lazada这些重点增长业务。　　从阿里最新财报来看，阿里海外业务的亏损有所收窄。　　2022年第四季度，国际商业调整后的EBITA亏损7.63亿元，而2021年同期亏损29.17亿元，财报指出，“亏损同比减少主要是由于Trendyol和Lazada的亏损减少。Trendyol的亏损减少主要是由于收入增长和运营效率提高。Lazada的亏损继续收窄是由于通过提供更多增值服务以及提高运营效率来持续提高货币化率。”　　但Trendyol和Lazada之外，更多的业务亏损不能忽视。例如在南亚，平台Daraz也是阿里海外业务的一部分，而这个业务如今还未被较好发展。　　阿康从2021年下半年入驻Daraz，从一开始月出单20左右，一年多过去，如今日出单20左右，“可做可不做的平台。”他跟很多同行聊过，发现大家做这个平台的情况都大同小异。　　根据媒体报道，2月6日，Daraz公司CEO Bjarke Mikkelsen在一封致员工公开信中宣布，公司将裁员11%以适应未来几年较低的增长前景。公开信称，在过去的五年里，公司平台的活跃购物者数量由2018年的300万增长到如今的1500万以上。但是在2022年，俄乌冲突、供应链中断、通胀飙升、当地政府补贴减少让市场环境变得非常艰难，公司增长有所减缓。　　据了解，阿里于2018年从Rocket Internet收购了Daraz。Daraz主要包括巴基斯坦、孟加拉国和斯里兰卡等站点，这些国家经济发展水平较慢，电商渗透率非常低。　　在巴基斯坦工作的中国人Elka告诉霞光社，Daraz平台店铺仍处于比较混乱的模式，产品杂乱无章，经常出现实物与网上图片不符的情况，后端物流也没有规则，比如她买了两次品牌旗舰店的“次日达”产品，第二天订单被取消，而客服也未说明原因。出现各类问题后，她不再选择在Daraz上购物。　　如今，阿里海外商业版图之广，是很多大厂未能达到的布局。但如何将不同市场的业务做好做大，继续减少亏损，甚至获得盈利，是一个巨大挑战。　　海外业务独立后，蒋凡将不得不为其寻找更多融资。但阿里还会作为投资者的角色，继续输血海外业务。中钢经济研究院首席研究员胡麒牧对霞光社表示，“阿里确实有很多亏损业务，我的判断是，阿里以后是一个投资人的身份，短期内阿里肯定会加大对国际业务的投入，但中长期会对它有盈利的要求。”　　“海外业务成为（阿里）未来的一个重点战略业务，独立出来之后，可有更好的自主权，决策效率也更高，能够寻求更好的融资，来进行独立的上市和发展。”电商分析师庄帅告诉霞光社，对于业务的发展来说，可以去谋求独立的融资和股权结构的改革，利大于弊。　　“如果说到弊端，一是子集团的董事会有很大的融资压力，二是独立之后的精细化运营，必须自我去构建一套体系，组织管理、企业文化建设将是一个很大的挑战。”庄帅指出。　　整个2022年，对于阿里海外业务，蒋凡处在梳理、调整的状态。而今年以来，面对Shein、Temu的强劲发展，蒋凡开始强调“增长”，如过去仿佛默默无闻的速卖通，今年在韩国和欧洲市场加大市场投放，开始追求增长点。　　蒋凡必须做好本地化团队，同时寻求规模增长，否则很难实现盈利。　　2018年，Lazada CEO彭蕾就曾带了上百名阿里人空降东南亚，把阿里系统搬运到Lazada，同年Shopee迅速崛起。后彭蕾离去，掌握Lazada最高决策权的，则是张勇。　　蒋凡入主之后，阿里海外业务终于有了独立趋势。如今成立国际数字商业集团，蒋凡能否摆脱阿里体系限制，再建适应不同文化的团队？　　上述接近Lazada的业内人士还透露，Lazada马来西亚最近更换了COO（首席运营官），换成一个中国人。显然，Lazada的本地化仍然是一个曲折前进的过程，在“去阿里”上，蒋凡并不能一蹴而就。　　国际商业无疑是阿里一大增长点，尤其必须以此实现覆盖全球20亿用户的远大目标。截至2022年3月31日，阿里全球年度活跃消费者达到约13.1亿，其中海外消费者3.05亿。从本土化到规模效应，一切都要求蒋凡做出更大的努力。　　*文中阿康、Amy、Elka均为化名责任编辑：王其霖
['万和电气营收接连下滑、股价“腰斩”，厨卫行业不香了吗？'],文|恒心� � ��　　来源|博望财经　　国内规模最大的专业厨卫电器企业之一的最近烦心事还真不少。　　刚刚过了“430”，又到了企业上交答卷的时候了，万和电气也不例外。　　4月28日晚间，万和电气就提前上交了两份答卷，可谓一份比一份糟糕。2022年万和电气实现营业收入66.28亿元，同比减少11.95%，归属于上市公司股东的净利润同比增加53.53%至5.5亿元；但到了2023年一季度，营收、利润均同比下滑，且降幅在扩大。　　反映在资本市场上，万和电气财报发布后的第一个交易日股价下降1.47%至8.71元/股。若将时间进一步拉长，自2022年9月以来万和电气股价一直在回调，由9月末的最高价15.69元/股下跌至目前的8.43元/股，股价近“腰斩”，市值“蒸发”超50亿元，目前市值63亿元。　　值得一提的是，一季度一般是热水器行业旺季，万和电气为何会与行业走出“剪刀差”？　　　　　　目前万和电气作为国内热水器、厨房电器、热水系统专业制造先进企业，旗下“万和”品牌已成为厨卫电器行业公众认知度与美誉度都较高的主流品牌之一，在顺德、中山、高明、合肥等地拥七大生产制造基地，年产能超过1500万台。今年4月，根据全国大型零售企业商品销售调查统计显示，“万和”燃气热水器荣列2022年度同类产品市场综合占有率第一位，“万和”燃气热水器已连续十九年获得此项桂冠。　　然而，在国内经济面对需求收缩、供给冲击、预期转弱三重压力下，万和电气同样略显吃力。　　据2022年财报显示，万和电气实现营业收入66.28亿元，同比下降近12%。背后的原因不外乎是受到了国内经济及地产周期下行、家电行业终端需求受损、主营业务出口景气度降低等影响。　　分产品来看，主力产品“生活热水”营收同比下降5.67%至32.67亿元，占营收比重49.28%；“厨房电器”营收同比下降18.78%至28.07亿元，占营收比重42.35%。　　分地区来看，万和电气国内销售同比下降3.08%至40.53亿元，而出口销售同比大幅下降23.29%至24.55亿元，成为拖累短期业绩的罪魁祸首。　　与大多数企业深陷增收不增利不同的是，万和电气在营收下滑的条件下仍实现利润增长。　　2022年，万和电气实现归属于上市公司股东的净利润5.5亿元，同比增加约54%。对此，万和电气解释称，一方面，不断优化产品结构和提升产品的市场竞争力，并根据市场需求适时调整不同销售渠道的费用投入占比，产品毛利率同比有所提升，同时持续提升内生增长动力，通过技改、工艺优化等手段，进一步提效降本；另一方面，受出口销售业务人民币兑美元汇率波动影响，汇兑收益同比有所增加，2022年度影响金额约为1亿元。　　在“利润换规模”肆虐下，万和电气并没有随波逐流，因而毛利率回升明显，盈利能力有所提升。　　就拿“生活热水”来看，毛利率基本维持稳定，近两年均在31%左右；再来看“厨房电器”，虽然2022年毛利率提升明显，由2021年的12.5%提升5.2个百分点至17.7%，但仍明显低于主力产品，竞争力只能算一般。　　　　在新经济时代，万和的选择是主品牌强化高端、时尚、专业与品质内涵。然而，事与愿违的是，万和电气涉及的投诉量居高不下。　　根据新浪旗下消费者服务平台显示，万和电气有关的投诉量超430条，乱收费报高价、热水器质量问题、销售骗局等屡见不鲜。　　据一位消费者投诉称，“新房装修在淘宝万和官方旗舰店买了燃气热水器，3月装修完要出租发现无热水，燃气热水器不显示工作，三角阀漏水，卖家客服不作为，一直核实，没有具体方案，检修师傅告知新机风机不转，没有带匹配的风机，后联系售后告知风机上海无货，要从广东寄来上海，从报维修到处理，两天了都没有快速解决的方案。”　　无独有偶，还有消费者反映称，“当地实体店经销商处购买万和品牌壁挂炉，使用过程中出现故障，经销商不处理质量问题，拨打万和官方售后电话，委托无任何资质的第三方收费维修后故障未排除，不接电话，多次沟通万和售后不处理不回复，导致制备故障至今，严重影响正常生活，现要求万和厂家就是处理设备故障并退还不合理收费，对自己售后问题正确面对并道歉。”　　除了产品质量问题外，万和电气欺诈销售也是消费者投诉的重点。　　一名消费者投诉称，“今年5月2日两次接到电话，邀请参加万和对老客户答谢会，在福建省莆田市半岛酒店举办，叫我领礼品，去了那才知道是万和的讲座，推销万和净水器，以送赠品，让我们留下听他们推销标价6999的净水器，现活动价3980元，送一堆赠品，只限6个名额。期间又是做实验又搬出央视，说航天人员用的就是这机器，当时在现场完全被他们的宣传套路给蒙骗。回家一查全是这种套路。所谓的万和3980元净水器，淘宝天猫0成交，根本就不好卖，而且还是带水罐的，不是一体的，会有水源二次污染，不像宣传讲得那样直接引用。3980元完全可以买知名品牌高端净水器一体机，谁会买他这种，赠品也不值钱，羊毛出在羊身上。当时现场付款后，没开发票只有销售凭证。”　　信任的建立需要很久，但是却可以一瞬间坍塌。万和电气如果对消费者的投诉依旧置之不理，品牌形象必岌岌可危。　　　　除了经营难题，万和电气还面临间接控股股东减持股份的问题。　　去年9月，万和电气发布公告称，间接控股股东万和集团拟通过大宗交易减持其股份223万股，占总股本的0.2999%；本次大宗交易所减持的股份均为万和集团直接持有的部分股票，不涉及通过控股股东万和投资（万和集团全资子公司）间接持有的股票。　　据悉，上述减持计划实施前，万和集团直接持有万和电气股份6388.20万股，占其总股本的8.5909%，通过控股股东万和投资间接持有股份22054.50万股，占总股本的29.6591%，上述合计持有股份28442.70万股，占总股本的38.25%。上述持股均为无限售流通股。　　受此影响，万和电气当日股价涨停，报收13.89元/股，但随后就连续大跌，连续三个交易日内日收盘价格跌幅偏离值累计达到20.75%的交易异常波动情况。　　此外，万和电气实际控制人之一、副董事长卢楚隆还收到广东证监局警示函。　　去年10月，万和电气发布公告称，卢楚隆收到了广东证监局出具的行政监管措施决定书《关于对广东派生智能科技股份有限公司、卢楚隆、卢宇轩、朱龙华采取出具警示函措施的决定》，涉及未计提模具摊销费用、未及时确认管理费用、未及时计提存货跌价准备、营业成本核算不准确、预计负债及营业外收支核算不准确、少计其他权益工具权益变动损失、未及时披露业绩预告修正公告等问题。　　其中，董事长兼总经理卢楚隆未按照《上市公司信息披露管理办法》（证监会令第182号）第四条的规定履行勤勉尽责义务，对派生科技上述违规行为负有主要责任。　　针对上述情况，万和电气表示，“卢楚隆表示接受广东证监局的监管措施决定，将引以为戒，加强相关法律法规学习，提高规范运作意识”，同时进一步补充到，“本次监管措施不涉及万和电气的生产经营、规范运作、财务管理等情况，不会对万和电气的生产经营、规范运作、财务管理等方面产生不利影响”。　　责任编辑：王其霖
['东兴证券业绩失速 保荐项目涉嫌造假被调查'],来源 《投资者网》丁琬璎　　股份有限公司（以下简称“东兴证券”，601198.SH）正在遭遇业绩下滑和其它方面的双重打击。　　2022年年报显示，去年公司营业总收入34.29亿元，同比下降36.21%；归母净利润5.17亿元，同比下降68.70%。　　此外，东兴证券还存在一些诉讼风险。　　　　截至2022年末，东兴证券资产总额为1017.53亿元，比上年同期末增长2.82%；负债总额756.65亿元，比上年同期末增长4.69%。　　年报显示，2022年度，东兴证券实现营业收入34.29亿元，同比下降36.21%；实现归属于母公司股东的净利润5.17亿元，同比下降68.7%。　　据Wind数据统计，这是近十年来，东兴证券营收、归母净利润增速表现最差的一年。　　东兴证券在年报中解释称，受资本市场波动影响，公司经营承受一定压力。　　根据2022年年报，东兴证券主营业务分别为财富管理业务、自营业务、投资银行业务、资产管理业务和其他业务，其去年营收占比如下图所示。　　从东兴证券五大主营业务来看，2022年，财富管理、自营业务、其他业务（境外业务、期货业务、另类投资业务、私募基金管理业务及其他待分摊项目）收入均大幅下降。　　财富管理作为东兴证券的第一大业务，2022年收入16.81亿元，同比下降23.52%，在营业收入中占比49.04%；其他业务收入3.86亿元，同比下降75.56%，在营业收入中占比11.25%；自营业务收入3.51亿元，同比下降53.21%，在营业收入中占比10.23%。　　不过，东兴证券在投资银行业务和资产管理业务方面的收入同比增长，年报显示，2022年投行业务实现净收入11.35亿元，较2021年增长6.97%。　　这表明其正在加大对这些新兴业务的投入和开拓力度，通过提高服务水平和市场占有率来扩大营收来源。　　　　3月31日晚间，东兴证券公告称，因在执行泽达易盛IPO（首发）并在科创板上市项目中，涉嫌保荐承销及持续督导等业务未勤勉尽责，被证监会立案调查。　　东兴证券本次被证监会立案调查一事源于其保荐项目。据公开资料梳理显示，2019年6月13日，泽达易盛披露招股书申报稿；2020年4月2日，上海证券交易所同意泽达易盛发行上市（首发）；同年6月23日，泽达易盛在科创板上市。　　泽达易盛招股书显示，泽达易盛在科创板上市项目的保荐机构（主承销商）为东兴证券，保荐代表人为胡晓莉、陶晨亮。泽达易盛发行费用共计6530.32万元（不含增值税），其中保荐、承销费用4252.52万元。　　2022年8月，泽达易盛收到上交所下发的《关于对泽达易盛持续督导保荐代表人予以监管警示的决定》。上交所指出，胡晓莉、陶晨亮在担任公司持续督导保荐人期间，未勤勉尽责，未能有效识别并督促公司披露违规理财事项，未能有效督导公司完善相关内部控制制度，出具的专项核查意见及持续督导意见不准确、不完整。　　同年11月，证监会下发给泽达易盛的《行政处罚及市场禁入事先告知书》再次指出，泽达易盛在公告的证券发行文件中隐瞒重要事实、编造重大虚假内容；上市后，泽达易盛在2020年报、2021年报中均存在虚假记载、重大遗漏的行为。　　根据公开信息，东兴证券表示，“注册制改革之后，证监会发布的《首次公开发行股票注册管理办法》规定，在立案期间，保荐人的其他投行项目、在审项目的进度不受影响。结案之后会不会有影响，目前还不好判断，要看监管意见，目前公司经营正常。”　　除此之外，东兴证券或面临被没收业务收入、罚款以及投资者索赔，甚至影响保荐业务资格。　　根据《证券法》相关条例，保荐人出具有虚假记载、误导性陈述或者重大遗漏的保荐书，将被责令改正、给予警告，没收业务收入，并处以业务收入一倍以上十倍以下的罚款；情节严重的，并处暂停或者撤销保荐业务许可。　　监管机构坚持“一案多查”之下，对泽达易盛财务造假案已追责至保荐机构。全面注册制背景下，监管机构不断加大督促中介机构提升业务执业质量，对于作为资本市场“看门人”的证券公司，勤勉尽责已成为其执业过程中的关键所在。　　投资分析人士认为，券商面临激烈的市场竞争环境。因此，为适应市场变化，公司需要不断提高自身的综合实力和服务能力，进一步优化业务结构。　　　　在泽达易盛被立案调查的四个月后，标普对于东兴证券的长期发行人信用评级由“BBB”下调至“BBB-”。时隔一个多月，另一家国际评级机构穆迪对于东兴证券的评级维持“Baa2/P-2”，展望由“稳定”调整为“负面”。今年4月10日，惠誉将东兴证券“BBB+”长期发行人违约评级和“bbb+”股东支持评级列入负面观察名单。　　至此，三大国际评级机构均对东兴证券的评级或展望，进行下调或列入“负面”。　　对于调整原因，标普、穆迪、惠誉均表示，东兴证券的评级调整是为了反映其母公司中国东方资产管理股份有限公司（下称“中国东方”）的评级调整。　　对于中国东方、东兴证券的评级先后被惠誉列入负面观察名单，东兴证券于4月10日发布公告称，公司目前经营情况正常、财务状况稳健、融资渠道畅通、银行授信充足，本次信用评级调整目前对公司业务经营及偿债能力无重大影响。　　公开信息显示， 东兴证券是2008年经财政部和中国证监会批准，由中国东方资产管理股份有限公司作为主要发起人发起设立的全国性综合类证券公司，2015年2月26日在上海证券交易所上市，是境内首家资产管理公司系上市证券公司。　　不过，自上市以来，东兴证券一路下跌，截至5月5日收盘价8.60元，较其历史最高价42.51元/股已经跌去了近8成，引发投资者的关注（如下图所示）。　　营收、归母净利润增速创新低的东兴证券，如何在日趋激烈的竞争中突围，仍是一大考验。（思维财经出品）■责任编辑：王其霖
['老四变老五，泸州老窖又掉队了'],看上去，泸州老窖交了一份营收、净利双增的漂亮成绩单，2022年首次净利润突破百亿元，成为白酒上市公司中继、五粮液后，第三家净利润突破百亿的企业。　　　　自“重回前三”目标的提出已过7年，泸州老窖不仅未达成目标，似乎距离还越来越远。　　　　泸州老窖来自四川泸州，1988年，泸州老窖销量达到巅峰，是川酒“五朵金花”之首，销量相当于其他四朵，即郎酒、剑南春、五粮液、全兴之和。　　1990年，白酒行业发展迎来岔路口，泸州老窖选择了“名酒变民酒”策略，错失第一轮发展契机，茅台、五粮液等品牌则顺势崛起。2010年，泸州老窖的营收和净利润被昔日濒临破产的二线品牌洋河股份反超。　　　　　　　　　　据统计，仅2022年，泸州老窖旗下产品涨价就超过10次。　　拉长时间看，自2016年起，泸州老窖实施配额制管理。2016年国窖1573涨价9次、三大单品全年涨价近10次；2017年，国窖1573也经历了9次调整；2019年10月，国窖1573批价为790元。到了2020年，其终端售价一度到达899元。　　　　随着白酒行业格局进一步分化，高端名酒市场竞争激烈，涨价成为酒企树立高端形象的手段。然而，作为泸州老窖的核心高端单品，国窖1573价格一旦跌落，恐怕会对品牌形象造成不利影响。　　　　　　频繁涨价反映了企业迫切想重回前三的决心，但能否确立品牌地位，更重要的是看产品本身。　　　　　　年报显示，2020至2022年，泸州老窖的存货分别为46.96亿元、72.78亿元、98.41亿元，分别同比增长28.96%、54.98%、35.22%。至2023年3月底，存货突破百亿，达到101.5亿元。　　　　除疫情期间消费场景缺失等宏观条件影响外，库存增长也有企业自身主动选择扩产的因素。2020年，泸州老窖酿酒工程技改项目工程陆续投产，原酒产量大幅增加；2022年7月，泸州老窖表示将再用47.83亿元投资智能酿造技改项目（一期）。　　中国食品产业分析师朱丹蓬表示，2022年，泸州老窖为提升市场占有率、渗透率，将整体存货短时间内推向比较高的位置，从中长期去看，泸州老窖的存货量是还过得去的水平。　　　　而贵州茅台2022年的合同负债为154.72亿元，同比增超21%。　　“先款后货”是白酒行业的普遍现象，在酒企产品交付之前，经销商的货款计入企业合同负债。企业合同负债增多，说明预收经销商货款增加，企业销售前景乐观。　　　　无论哪种情况，都值得企业警惕。　　　　泸州老窖坚持“双品牌、三品系、大单品”的战略，双品牌指国窖1573和泸州老窖品牌；三品系即国窖1573系列、泸州老窖系列和创新酒系列；大单品则包括国窖1573·中国品味和国窖1573经典装、泸州老窖1952、百年泸州老窖窖龄酒、泸州老窖特曲、泸州老窖黑盖等。　　其中，国窖1573、泸州老窖特曲、百年泸州老窖窖龄酒，属于中高档酒品类。国窖1573在千元档对标飞天茅台、五粮液普五，国窖的年销售贡献占比超过60%。　　　　2021-2022年，以国窖1573为代表的高档产品实现营收分别为183.97亿元、221.33亿元，同比增长分别为29.22%、20.30%，增速呈放缓趋势。　　可见，尽管国窖1573频繁提价，但公司高档产品营收增速却是下降的，国窖1573增长乏力，恐难凭一己之力带动公司销量整体提升。　　　　2022年，洋河年入301.05亿元，同比增长18.76%；汾酒营收262亿，净利润80.96亿元，同比增长超五成。目前，洋河股份已积极布局次高端、高端白酒，汾酒也将进一步释放青花汾酒头部效应，推动青花系列等中高端产品稳步增长。　　　　　　　　而行业竞争激烈，“200亿”军团正持续扩容，泸州老窖要在前狼后虎的环境“重返前三”，并非易事。责任编辑：王其霖
['特斯拉中国再涨价！'],来源 国际金融报　　5月5日，调整后，Model S起售价80.89万元，Model X起售价89.89万元。　　具体来看，Model S全轮驱动版由78.99万元调整至80.89元；Model S Plaid版本由100.99万元调整至102.89万元；Model X全轮驱动版由87.99万元调整至89.89万元；Model X Plaid版本价格由103.99元调整至105.89万元。　　　　　　5月初，特斯拉在国内率先上调了旗下Model 3与Model Y的起售价2000元，特斯拉Model 3上涨至23.19万元，Model 3高性能版上涨至33.19万元；特斯拉Model Y后轮驱动版上涨至26.39万元，长续航版上涨至31.39万元，高性能版上涨至36.39万元。　　对于国内的这波涨价，并非无迹可寻，从特斯拉多次国内外价格调整习惯来看，国外的价格调整往往都会是国内价格的预警。　　早于4月21日，特斯拉便上调了Model S和Model X在美国的售价2500美元，进入5月后，特斯拉率先上调了美国、日本以及加拿大等国的售价，其中美国官网显示，Model Y长续航版的价格上涨至5.02万美元，此前为4.99美元；Model Y高性能版价格升至5.42万美元，此前为5.39美元；特斯拉Model 3的价格上涨至4.02万美元，此前为3.99万美元。　　有业内人士认为，这或许是特斯拉想要利润的表现，但实际上对于低价车型Model 3与Model Y的2000元售价上调并不能对整体利润起到过多作用，调整后的售价远不及年初下调前的价格。　　此前特斯拉发布的一季度财报中显示，公司一季度营收233.29亿美元，同比增长24%，在整体收入高于市场预期的同时，净利润和毛利率却大幅度下滑，报告期内的归母净利润为25.1亿美元，相比去年同期33.18亿美元下降24%，公司解释道，由于新工厂未充分利用压低了利润率，同时原材料、大宗商品、物流和保修成本增加，车辆平均售价降低，4680电池的生产成本增加，以及向传统汽车制造商销售碳排放积分的收入减少，都导致盈利能力较去年同期下降。　　其中整体毛利率仅19.3%，同比下滑9.8个百分点，达到近几年的新低，而主要原因是汽车业务的毛利率大幅度下滑，仅为21.1%，同比下滑11.8个百分点。　　即使CEO马斯克表示，公司目前优先考虑的是销量而非盈利能力，甚至可以0利润卖车，但他也坦言希望在可能的情况下上调售价，以使得交付量与产量相匹配。责任编辑：王其霖
['700亿烟消云散！贝泰妮，为何沦为资本弃儿？'],作者/星空下的锅包肉　　编辑/菠菜的星空　　排版/星空下的韭菜　　最近，在五一小长假的加成下，各行各业似乎终于迎来了报复性消费。餐馆爆满、酒店暴涨、旅游景点再现人挤人盛况。　　然而，消费行业的明星标的——“药妆茅台”（300957），却接连惨遭资本抛弃。截至5月4日，贝泰妮市值不到480亿，较巅峰时期的1200亿，蒸发过半。　　更有意思的是，昔日贝泰妮站上千亿巅峰之际，卖护肤品的（603605）还只是个300多亿的小弟弟。而如今，珀莱雅市值已超460亿，完全能够与贝泰妮分庭抗礼。　　那么问题来了，如今消费行业整体复苏，珀莱雅看似也在蒸蒸日上，为何只有贝泰妮，沦落到了如此境地？�对标珀莱雅，市值仅剩400多亿的贝泰妮，是否已成了价值洼地？　　勇猛有余，后劲不足　　在护肤品赛道，贝泰妮算是后起之秀，近几年凭借品牌——薇诺娜逐渐崭露头角。尤其是后，贝泰妮营收、利润，均同比增长50%以上。而同期，在护肤品领域一直不温不火的珀莱雅，同比增速只有20%+。　　这样的强劲增长势头，让贝泰妮初上市就成了炙手可热的标的。只是贝泰妮虽然来势汹汹，但却明显。　　2022年，贝泰妮实现营收、扣非净利润50.14亿、9.51亿，分别同比增长25%、17%。　　乍一看，是不是觉得这个成绩还可以？但对比2021年数据来看，无论是同比增速还是绝对增量，贝泰妮2022年都出现了明显下降。　　那么，有没有可能是受到了外部环境影响？毕竟2022年大半年的时间，都还处在被管控的状态下。　　然而同期，成长性贝泰妮的珀莱雅，分别实现营收、扣非净利润63.85亿、7.89亿，分别同比增长38%、39%。　　也就是说2022年，贝泰妮收入规模没有珀莱雅高，反而增速还比珀莱雅慢。　　短短一年时间，贝泰妮和珀莱雅，地位已然发生了对调。　　还没完。五一假期前，贝泰妮发布了2023年一季报，显示营收、扣非净利润同比增速已进一步降至6.78%、1.72%。对比珀莱雅，差距进一步扩大。　　如果说，贝泰妮2022年20%左右的业绩增速，是成长脚步放缓，那么2023年的成绩，显然已是。　　存货高企，盈利承压　　进一步来看，贝泰妮收入增长疲软背后，暴露了两个深层次的问题。一是销量增长放缓，库存积压；二是产品降价，利润率下滑。　　►　　　　2022年．贝泰妮日化产品销量同比增长33%，比起2021年的55%，增速下降明显。另外，绝对增量也从0.58亿支/盒，降到了0.54亿支/盒。这样的市场表现，与珀莱雅的正向增长形成了鲜明对比。　　由此可见，贝泰妮的市场拓展并不乐观。　　贝泰妮的核心竞争力是“”品牌功能护肤品。2022年，贝泰妮50亿营收中，48.85亿来源于薇诺娜。但同时，也成了贝泰妮最大的痛点。前期，随着薇诺娜逐渐打开知名度，产品销量或能明显增加。但从2022年数据来看，或已明显减弱。　　而销量增长不及预期，除影响收入外，还有一个更严重的后果，即。截至2023年一季度末，贝泰妮存货已高达6.69亿，存货周转天数高达292.3天，远远高于珀莱雅的117.69天。　　护肤品这种商品是有保质期的，临期产品只能降价促销，从而将对企业造成。贝泰妮接近一年（保质期一般3年），真的合适吗？　　►　　　　另外2022年，贝泰妮日化品销量同比增长33%，但营收却仅同比增长25%，说明产品单价恐怕也出现了下降（不知是不是受到了库存压力的影响）。　　与此同时，贝泰妮的盈利能力也明显大不如前。昔日化妆品毛利率可达80%+，2022年已降至74.78%。　　净利层面，自2022年以来，贝泰妮利润增速已明显小于收入增速（↓），说明整体呈趋势。　　烟消云散，减持套现　　综上来看，贝泰妮700亿市值烟消云散的背后，业绩可谓一片惨淡。虽然收入还勉强维持正向增长，但增势疲软、利润缩减，而且存货高企，还面临减值风险。　　事实上，近两年贝泰妮也在向彩妆、医疗器械、甚至医疗美容等方面拓展。但截至2022年，收入占比仍然高达90%以上。可见，新品类拓展并不顺利，薇诺娜功能护肤品后继无人。　　资金都是聪明的。失去了高速增长这项看点后，贝泰妮的股东们纷纷开始。　　截至2021年底，贝泰妮的第二、第三、第四大股东分别是天津红杉聚业、昆明臻丽咨询（后更名为厦门臻丽咨询）、昆明重楼投资（后更名为厦门重楼创业投资），分别持股21.58%、8.81%、5.91%。　　而自2022年3月限售股解禁以来，这三大股东已累计进行19次减持交易。其中：　　截至2023年一季度，天津红杉聚业、厦门臻丽咨询、厦门重楼持股比例已分别降至14.58%、7.60%、2.62%，并且减持计划还在进行中。　　另外，到2024年3月，新一波规模更大的解禁又要来了。届时，持股46.08%的大股东——昆明诺娜科技有限公司的限售股也将迎来解禁。　　回过头来看，如果把贝泰妮的上市看做是一场狂欢，那么如今就好比宴会结束，宾客陆续都散了。责任编辑：王其霖
['洋河股份，岌岌可危的白酒老三？|消费'],我国白酒行业的格局独特：一骑绝，尘霸榜数年；稳居亚军；只有“老三”的位置可以争一争。　　近期，白酒老三的常年争夺选手、和相继发布了2022年报和2023年一季报。　　洋河股份再次胜出，但营收和归属净利润同比增速均不及山西汾酒和泸州老窖。　　白酒老三的位置依然是可浮动的。　　　　　　早年业内曾有过“茅五剑”的说法，剑南春对于重返前三也是念念不忘。　　此前，剑南春推出了一个广告：“剑南春 中国名酒 销量前三”。　　因为没上市，“销量前三”是否有真实的数据支持不确定。但去年剑南春因为这个广告被市场监管部门处罚过。� � � � �　　后来业内又流行起了“茅五洋”的说法。　　洋河股份位于江苏省宿迁市，是苏酒龙头企业。　　2000年初，白酒主要以香型进行分类，比如蜜友们可能常听到酱香的茅台、浓香的五粮液、清香的汾酒等。彼时，洋河股份打起了差异化的牌，首次提出“绵柔型白酒”的新概念。8年后，洋河股份创立的“绵柔酿造法”和“绵柔型典型体”被写入国家标准，也奠定了其独特的白酒江湖地位。　　除了产品差异化，经历了改制后的洋河股份，也积极参与资本游戏，通过收并购开启扩张之路。　　2010年，洋河股份正式坐上白酒行业第三把交椅。　　到2014年，洋河股份的营收达146.7亿，远超泸州老窖的53.53亿和山西汾酒的39.16亿。　　但2019年，洋河股份开始经历深度调整期。市场和投资者对其的看法也出现了明显分歧。　　2019—2020年，洋河股份的营收连续两年负增长。2021年，其营收增速恢复两位数增长，但归属净利润同比增速不足0.4%。　　　　2021年第四季度，泸州老窖的业绩曾超越洋河股份。　　2022年第二季度，泸州老窖的营收和归属净利润赶超山西汾酒；2022年第四季度，泸州老窖、山西汾酒的业绩均好于洋河股份。　　白酒老三的位置再次变得可争可抢。　　　　4月底，洋河股份、山西汾酒和泸州老窖相继发布2022年报。　　　　从营收上看，洋河股份是稳居第三，首次突破300亿大关，达301.05亿元；　　从归属净利润上看，泸州老窖突破百亿大关，达103.65亿元，超过营收更高的洋河股份和山西汾酒；　　从增速上看，山西汾酒则来势汹汹，同期其营收增速达31.26%，归属净利润增速更是高达52.36%。如果照这个速度继续狂飙猛进，赶超洋河股份或许只是时间问题。� � � � �　　　　今年一季度，洋河股份的表现不错，与山西汾酒和泸州老窖明显拉开差距。无论是营收还是归属净利润均保住了老三的位置。　　但与2022年报类似，营收增速、毛利率、净利率表现更好的是泸州老窖；3家中归属净利润增速表现更好的是山西汾酒，泸州老窖也不逊色，两者都接近30%。　　相比而言，同期洋河股份的归属净利润增速近16%，差距明显。� � � � �　　　　尽管市场上也担忧“年轻人不喝白酒了”，但近年来白酒企业的业绩依然亮眼，营收和净利润保持两位数增长的酒企并不少见。　　证券统计数据显示，2022年A股白酒板块营收同比增长17%，净利润同比增长约21%。　　白酒行业老三位置的争夺也显得比以往更加激烈。　　　　山西汾酒是清香型白酒的典型代表，其扩张战略除了产品结构调整外，重要的是持续推动江、浙、沪、皖、粤等市场的占有率，稳步突破长江以南市场。　　2014年，山西汾酒灵魂人物李秋喜退位，其业绩出现下滑。　　2017年，李秋喜成为“救火”队长，重新执掌山西汾酒。同年，山西汾酒引入华润作为战略投资者，此后其业绩增长突出。　　2017—2022年，山西汾酒的营收从63.61亿元增长至262.1亿；同期营收增速分别为：44.42%、48.46%、25.92%、17.63%、42.75%和31.26%。　　归属净利润增长更快，由2017年的9.5亿元增长至2022年的80.96亿元。　　2017—2022年，山西汾酒的归属净利润同比增速在30.65%—72.56%之间，其中5年增速在52%—59%之间。� � � � �　　2021年，60岁的李秋喜终于功成身退，山西汾酒迎来了新的掌门人袁清茂。　　　　以存货价值为例，2020—2022年，山西汾酒的存货价值逐年增加，分别为：63亿、82亿和96.5亿元。　　据媒体报道，山西汾酒2020年库存量仅增长0.5%。　　但2021年其库存量同比增长32.79%，高于同期销售同比增速（24.19%）。　　2022上半年，其库存量增长了31%。去年，其控制生产量，直到年末这一情况才有所好转，库存量微降0.93%。　　当然，库存量增长几乎是目前大多数白酒企业遇到的难题和未来的业绩增长隐患。　　　　作为川酒的泸州老窖，近年来则是积极拥抱互联网。　　但它与大多数白酒企业一样，依然是以线下经销商授权经销模式为主。因此其转型拥抱电商平台、自媒体、网络主播等新兴渠道运营模式，也在付出代价。　　早在2017年，泸州老窖的营收就破了百亿大关，达103.9亿。而山西汾酒两年后才突破百亿营收。　　2021年，泸州老窖的营收破两百亿关口，达206.4亿，比山西汾酒略多6.7亿元。　　　　　　2022年末，泸州老窖的境内经销商为1703家，净增-80家，同比减少4.49%；境外经销商126家，净增-22家，同比减少近15%。� � �　　泸州老窖营收降速在2021年已有迹象。同样，当年其经销商的数量在减少。　　2021年，泸州老窖的境内经销商为1783家，净增-264家，同比减少12.9%；境外经销商148家，净增-26家，同比减少近15%。　　如果其继续调整销售模式，经销商数量继续减少，未来可能还得忍受一段改革阵痛。　　此外，泸州老窖也存在存货逐年增长的情况。　　2020-2022年，其存货分别为46.96亿元、72.78亿元、98.41亿元，分别同比增长28.96%、54.98%、35.22%。　　而洋河股份如前文所言，2019-2021年，经历了“失去的三年”。目前虽保住了白酒老三的位置，但被追赶的压力依旧不小。　　白酒老三之争的大戏还在继续，仍然很有看头。� � � � �　　本文未注明数据均来自于各司财报，特此说明和感谢！文章仅供讨论分析，不构成投资建议。责任编辑：王其霖
['总部迁至爱尔兰？拼多多：严重失实！总部始终在中国，不会改变'],有媒体引述最近拼多多提交予美国证券交易委员会的文件显示，其已将总部从中国迁至爱尔兰。　　对此，拼多多相关负责人对证券时报．e公司记者表示，“拼多多总部从中国迁至爱尔兰”的消息严重失实，纯属误读。相关负责人表示，拼多多出生在上海，成长在中国，拼多多总部始终在中国上海，不会改变。　　据介绍，拼多多电商全球化业务Temu出于在欧洲开展业务的需要，同时基于合规需求，选择爱尔兰都柏林为海外业务法律注册地。拼多多希望通过跨境电商及全球化业务，助力中国制造业出海。　　　　这次引发热议的拼多多跨境电商业务Temu，自去年9月上线以来进展顺利。　　　　目前，Temu实现对国内制造业品类全覆盖，包括服装、数码、家电、箱包、户外、配饰、玩具、文具等，低价定位使其在海外AppStore购物榜、GooglePlay购物榜长期位列第一。　　今年3月前三周，根据SensorTower数据，美国应用商店下载量排名前五的热门APP中，来自中国的APP占据了其中四个席位，分别是拼多多电商全球化业务Temu、字节跳动旗下的视频编辑应用CapCut和短视频应用TikTok，以及快时尚品牌SHEIN。　　认为，虽然短期拼多多对Temu加大投入会带动公司费用端快速增长，但从中长期来看，凭借公司在电商平台和供应链方面积累的丰富经验，Temu有望成为海外电商平台重要一极，将为公司营收和业绩带来巨大增量。　　　　值得注意的是，今年以来跨境电商政策扶持力度持续加大。　　4月25日，国务院办公厅印发《关于推动外贸稳规模优结构的意见》。其中提出，推动跨境电商健康持续创新发展。支持外贸企业通过跨境电商等新业态新模式拓展销售渠道、培育自主品牌。鼓励各地方结合产业和禀赋优势，创新建设跨境电商综合试验区，积极发展“跨境电商+产业带”模式，带动跨境电商企业对企业出口。　　事实上，为了更好服务企业和商家，拼多多跨境电商对出海的制造业企业提供全方位的基础设施服务，包括国内外仓储、跨境物流以及售后服务等，为制造企业打通“全链路”的道。　　“在跨境业务上线时，拼多多还正式启动了‘2023多多出海扶持计划’，首期打造100个制造业出海品牌。”拼多多跨境业务童装类目的负责人表示。　　3月16日，拼多多旗下多多跨境电商业务童装类目的专项团队来到湖州织里，在湖州商务局的指导下，与当地童装办、电商协会、跨境电商服务平台象屿集团以及50余家童装企业，深入探讨童装出海的一体化方案，并推动多家童装企业上行多多跨境平台。　　指出，展望2023年，拼多多仍处于成长投入期，国内主站短期面临竞争加剧，ARPU及广告渗透率仍具提升空间，多多买菜龙头地位明确、持续研发投入优化效率，跨境电商平台Temu在北美、加拿大等多国快速扩张有望成为第二成长曲线。　　　　除跨境电商业务外，国内主站方面，配合上海首次在全市部署覆盖全年的促销活动“2023国际消费季暨第四届五五购物节”，拼多多全力以赴参与本届购物节及相关IP活动。　　　　未来两个月，拼多多平台设立“拼在上海乐享多多”五五购物节专区，撬动百亿补贴、万人团、多人团等资源，联合总台央视、东方卫视举办专场带货直播，打造覆盖全体上海市民、辐射全国的消费狂欢季。　　其中，上海多多买菜在全市16个区1.3万个居民小区投放6000万张买菜专用消费券，围绕上海老字号、名特产、对口支援与对口合作地区优质商品等，落实“天天有活动，日日有爆点”；并充分调动“上海团长”的力量，让促消费的政策与服务进区入户，提升买菜服务对周边消费的辐射效应，助力融合发展。责任编辑：王其霖
['2023年5月5日涨停板早知道：七大利好有望发酵'],5月4日消息，有七大利好可能影响明日股市，具体为：　　瑞玛精密（002976）5月4日晚间公告，公司近期获得全球知名通讯设备商的AFU产品（5G基站天线滤波器一体化单元产品）订单，订单金额合计1.15亿元。　　南都电源（300068）5月4日晚间公告，公司为中国移动2022年至2024年通信用磷酸铁锂电池产品集中采购项目的中标单位，中标金额（含税）约为2.34亿元。　　兆新股份（002256）5月4日晚间公告，公司董事长、董事及高级管理人员及部分高级管理人员计划于公告披露之日起6个月内增持公司股份，合计增持金额不低于600万元且不超过1200万元，每人增持金额不低于120万元。本次增持平均价格不高于3元/股，将根据公司股票价格波动情况及资本市场整体趋势择机增持公司股份。　　九典制药（300705）5月4日晚间公告，公司于近日收到国家药监局签发的酮洛芬贴剂《药物临床试验批准通知书》，在完成相关准备工作后将开展临床试验研究。　　仕净科技（301030）5月4日晚间公告，全资子公司安徽仕净光能科技有限公司与无锡惟忻元电力有限公司（简称“无锡惟忻”）于5月4日签署了《战略合作协议》，双方共同合作并专注于高纯度石英砂的技术开发及产品研发。合作目标为通过无锡惟忻的高纯石英砂技术的应用，项目公司实现6N级别高纯度石英砂量产，其产品应用范围包括但不限于芯片的抛光材料、光伏坩锅材料、半导体用封装材料和医药制作材料等。　　国检集团（603060）5月4日晚间公告，公司拟出资4760万元收购张阳阳、董大川、阳代芝三名自然人股东持有的安徽华方计量科技有限公司（简称“安徽华方”）70%股权。收购完成后，国检集团持有安徽华方70%股权并成为其控股股东。　　久立特材（002318）5月4日晚间公告，公司控股股东久立集团于4月6日至4月28日期间通过二级市场合计增持公司股票630.425万股，占公司总股本的0.65%，交易总金额为9946.61万元。久立集团不排除进一步增持公司股票的可能。责任编辑：王其霖
['格力股价罕见跌停 空调依赖度再提升'],来源 财经新地产　　文|郭鹏��编辑|刘狄　　5月4日，股价大跌。当日收盘价为35.42元，触及跌停，约220亿市值蒸发。　　与此同时，国内另两大家电巨头的股价基本平稳。股价仅下跌0.84%，以23.5元收盘；股价微跌0.35%，以56.58元价格收盘。　　当日是五一假期后的第一个交易日。家电行业分析师刘步尘认为，格力电器股价跌停可能与假期前发布的财报有关。“格力去年全年和今年一季度，营收增长均大大低于外界预期；由于迟迟未能培育出第二增长曲线，营收连续三年徘徊在2000亿元以下；其最大业务板块被主要对手越拉越大，分红也低于预期。”　　01　　　　在五一假期前的4月28日晚间，格力电器密集发布了2022年年报、2023年第一季度财报、2022年利润分配预案等公告。　　今年第一季度，格力电器营收356.9亿元，同比增长0.44%；净利润41亿元，同比增长2.65%。　　2022年，格力电器营业总收入1901.51亿元，同比增长0.26%，净利润245.07亿元，同比增长6.26%。　　格力电器向全体股东每10 股派发现金股利 10 元（含税），不送红股，不以公积金转增股本，共计派发现金股利约56.1亿元。　　同时，格力电器发布的未来三年股东回报规划（2022年-2024年）（修订稿）显示，未来三年每年每股现金分红不低于2元，或现金分红总额不低于当年净利润的50%。较2022年1月25日发布的版本，该修订稿多出了每股现金分红不低于2元的内容。　　格力电器今年的分红方案是2018年以来的最低值。2018-2021年，格力电器向全体股东每10股派发的现金分别为15元、12元、30元和20元。�　　02　　　　格力电器的业绩数据虽然取得了增长，但依旧没有回到2019年的水平。　　2020-2022年，格力电器的营收分别为1705亿、1897亿和1902亿，但是均没有超越2019年2005亿水平。　　同时，公司2022年毛利率26.04%，同比增长1.76个百分点，但低于2019年的27.58%。净利率为12.18%，也低于2019年和2020年的12.53%和13.25%。　　并且，2022年格力电器的资产负债率达到了71.3%，相较于2021年增长了5.07个百分点，是2014年以来的最高值。　　格力电器业务以空调产品制造销售为主。2022年，空调产品收入为1348.6亿元，总比增长2.39%，占营收比重达71.36%，相较于2021年占比提升了1.25个百分点。　　不仅如此，从2019年开始，格力空调业务的占比逐年上升。（详见：《格力空调销量被赶超 多元化不进反退》）　　但在2022年，家电行业的外销和内销市场均出现不同程度下滑。根据全国家用电器工业信息中心发布的《2022年中国家电行业年度报告》，2022 年家电行业国内销售规模为7，307.2亿元，同比下滑 9.5%。家电出口受到全球通胀、国际形势复杂多变等因素影响，中国家用电器产品出口额有所下降。2022年家用行业出口规模为5，681.6亿元，同比下降10.9%。　　03　　　　格力电器在2022年寻求和空调解绑，将曾经深入人心的广告语“好空调格力造”，转变为“好电器格力造”。但是，空调不仅依旧为第一大收入来源，并且占比还有所增加。　　并且，其生活电器收入为45.7亿元，同比下降6.43%。格力电器的非空调产品销售业绩并没有因为公司广告语的转变而有所增加，反而出现了下滑。　　除了电器产品，格力电器还四面出击，进入了预制菜、工业品、光伏空调、新能源商用车、锂电池、半导体、医疗健康等领域。　　2022年，格力电器筹建广东省预制菜装备产业发展联合会，希望从生产设备、冷链物流设备等领域进入该行业。格力电器表示，其新能源车产品已经在北京、上海、广州等230多个城市运营。　　但这些业务并没有帮助格力电器实现空调解绑，目前只贡献了较少的收入。2022年，其工业制品营收达76亿元，占比达4.02%；绿色能源业务收入47亿元，占比为2.49%；生活电器收入45.7亿元，占比2.42%。即便是占比最高的工业制品，业务占比也没有超过5%。　　非空调业务的收入仅为空调业务营收的40%，且其收入同比还出现了3.6%的下降。　　刘步尘表示，格力电器虽然早就布局了多元化产业，但迟迟未成长为企业新的增长点，归根到底还是产品本身有所欠缺，和同行头部企业相比，它的多元化产品缺乏足够吸引人的亮点，且定价却偏高。　　04　　　　与竞争对手美的集团相比，格力电器的空调收入不仅在2020年被前者超越，并且差距也在逐步增大。　　2022年，美的集团暖通空调业务收入1506.3亿元，较格力电器空调业务收入高157.7亿元。　　二者的差距在近几年逐渐拉大。2020-2021年，美的集团空调业务较格力电器空调业务分别多56.4亿、101.7亿。而在2019年，格力电器的空调收入比美的集团多190.7亿元。　　在与海尔智家和美的集团的整体对比上，格力电器也稍显颓势，暂时落后。　　格力电器的营收暂时没有回到2019年水平的情况下，海尔智家和美的集团则在近三年实现了连续增长。　　2020-2022年，海尔智家营收分别为2097亿、2271亿和2435亿元，增长率分别为4.46%、8.29%和7.22%。同期，美的集团的营收分别为2857亿、3434亿和3457亿，增长率分别为2.27%、20.18%和0.68%。　　在业务占比方面，美的集团和海尔智家都没有过于依赖空调业务。　　2022年，美的集团暖通空调业务营收占比为43.8%，消费电器营收为1252.8亿元，占比36.43%，及自动化系统营收299.3亿元，占比为8.7%。　　同期，海尔智家最高收入来源为电冰箱业务，收入达776.3亿元，占比为31.9%；排名第二的洗衣机营收为577.2亿元，占比23.7%；第三名为空调业务，收入为400.6亿元，占比为16.5%。　　“虽然三年疫情确实是制约格力电器营收增长的因素，但根本原因还是在于空调行业已进入存量市场，不可能有大的增长空间了，而房地发展失速则是影响空调类企业营收增长的另一大原因。具体到格力电器，则是源于其未能培育出第二增长曲线。”刘步尘说。责任编辑：王其霖
['如果没有收购澳优，伊利2022年营收增速将下降至个位数水平'],来源 大厂风云　　收购澳优，或可看作近年来伊利最正确的战略之一。　　发布2022年年报，实现营业总收入1231.71亿元，同比增11.37%，归母净利润94.31亿元，同比增8.34%，营收净利再创历史新高，这其中有澳优的汗马功劳。　　根据伊利年报，2022年Q2~Q4，澳优收入为59.61亿元，由于并表，澳优的这部分收入也成了伊利的收入，构成了伊利2022年营收不可忽视的增量——2022年伊利营收增长金额为125.76亿元，其中近一半来自于澳优。　　如果没有收购澳优，伊利2022年营收增速将下降至个位数水平，据：剔除澳优后，内生增长约 6%。　　除了营收的增加外，澳优也会提升伊利的毛利率水平，并表之后伊利2022年毛利率提升了1.68个百分点，这其中自然有澳优的因素在——2021年，伊利的毛利率水平只有30.74%，而同期澳优毛利率为48.4%，虽然2022年下降至43.5%，依然远远高于伊利，并表之后自然会拉升伊利的毛利率，不过因为二者体量相差过大，这种拉升在当下并不明显，但反应于报表，依然能够体现出伊利盈利能力提升。　　当然，收购澳优也会导致伊利一些数据下降，比如净利润：澳优在被收购后亏损了0.27亿元，不过这种级别的亏损放到伊利的净利盘子中不值一提。　　以上，是伊利收购澳优的“面子”上的影响，而在这种耗资数十亿的大型收购，自然是有“里子”上的好处。　　2022年，伊利的婴幼儿配方奶粉自身的增速就很快，信达证券数据：2022年伊利奶粉及奶制品业务在婴配粉行业整体下滑的背景下逆势而上，收获同比 62.0%的营收增幅，剔除澳优后，内生增速超过 20%。　　收购澳优之后，澳优的市场份额自然就是伊利的市场份额，根据尼尔森零研数据“伊利婴幼儿配方奶粉市场零售额份额比 2021 年提高了5个百分点；市占份额为 12.4%，跃居细分市场第二。”　　当然，伊利收购澳优一定不只是希望简单的做加法，而是战略上协同、共进，而澳优也的确有这个能力。　　伊利和澳优在婴幼儿配方奶粉的市场份额本来就都在前五，二者强强联合意味着伊利婴幼儿配方奶粉第二的地位更加难以撼动，比如，蒙牛2022年奶粉产品收入不到40亿元，还没有澳优多，又如何与伊利竞争呢？　　虽然澳优整体份额与行业第一相差巨大，但其在羊奶粉领域的地位超然，是“全球羊奶第一品牌”，据相关行业数据显示，二零二二年度以实际零售销售数据计算，佳贝艾特在中国婴幼儿羊奶粉市场份额进一步提升逾5个百分点。根据尼尔森IQ数据显示，佳贝艾特于中国进口婴幼儿羊奶粉市场所占份额于二 零一八年至二零二二年连续五年超过60.0%。　　这意味着澳优之于伊利进可攻、退可守——二者资源整合可以向行业第一发起更强的攻势，同时在羊奶粉领域澳优又牢牢把握着战争的主动权。　　压力给到行业第一，也给到蒙牛等老对手。责任编辑：王其霖
['营收利润双降，葡萄酒龙头张裕A欲借“高端化”打破困局？'],从2011年业绩达到60亿元巅峰之后，收入长期徘徊在40亿元到50亿元之间，最近三年进一步降至40亿元以下　　《投资时报》研究员� 董琳　　受国内经济放缓以及替代品强势挤压等因素影响，国产葡萄酒产业发展受阻。疫情三年，更让严重依赖于社交场景的葡萄酒消费遭到重创。2022年，国内葡萄酒市场持续低迷，进口葡萄酒和国产葡萄酒延续了“双下降”趋势，作为国内葡萄酒龙头企业烟台张裕葡萄酿酒股份有限公司（下称张裕A，000869.SZ）也未能幸免。　　日前，该公司发布了2022年全年业绩报告。数据显示，期内张裕A实现营业收入39.19亿元，较上年同比下降0.86%，低于年初制定的力争实现营业收入不低于43亿元的目标；实现归属于母公司股东的净利润4.29亿元，同比下降14.28%；基本每股收益0.63元；拟每10股派发现金红利4.5元（含税）。　　对于张裕A的业绩表现，资本市场反应不佳。业绩公布次日，该公司股价开盘即下跌，报收于30.95元/股，较上一交易日下滑1.96%。截至4月26日收盘，该股报收于29.36元/股，市值为201.25亿元。　　《投资时报》研究员对比历年财报数据发现，张裕A的盈利能力有所下滑。营收方面，从2011年业绩达到60亿元巅峰之后，公司收入长期徘徊在40亿元到50亿元之间，最近三年进一步降至40亿元以下。利润方面，2022年该公司归母净利润水平已经回到了16年前。2007年至2019年，归母净利润均在6亿元以上。而疫情三年期间，该公司归母净利润已降至5亿元以下，分别为4.71亿元、5亿元、4.29亿元。　　在此背景下，张裕A在财报中表示，2023年，公司将坚持“聚焦中高端、聚焦高品质、聚焦大单品”的三聚焦发展战略和“向终端要销量、向培育消费者要增长”的营销理念，更多从自身找问题、找差距，在困境中寻求市场突破。　　　　　　张裕A成立于1997年，是中国第一个工业化生产葡萄酒的厂家，也是目前中国乃至亚洲最大的葡萄酒生产经营企业。公司主要业务为生产经营葡萄酒和白兰地。其中葡萄酒主要有张裕、解百纳、爱斐堡等品牌；白兰地主要有可雅、迷霓等品牌。　　财报显示，2022年张裕A实现营业收入39.19亿元，较上年同比下降0.86%；实现归母净利润4.29亿元，同比下降14.28%；经营活动产生的现金流量净额为8.69亿元，同比减少22.79%。　　分季度来看，张裕A前三季度分别实现营收11.66亿元、7.87亿元、8.58亿元；对应各季度录得的净利润分别为2.91亿元，0.68亿元、0.76亿元。第四季度，该公司实现营收11.08亿元，仅低于第一季度，但该季度却录得亏损566.85万元，这也是其上市以来的首次单季度净利亏损。　　产品结构上，2022年，张裕A葡萄酒营业收入同比2021年微增0.26%至28.41亿元，占总营收的比例为72.51%；白兰地业务收入下滑4.37%至9.91亿元，占收入的25.28%。两个主要产品的毛利率较上年同期分别下滑2.74%和1.59%，减至56.76%和58.99%。产销量方面，该公司葡萄酒产量同比下降1.59%至6.63万吨；销量同比下降3.19%至6.55万吨。白兰地产量则大降28.64%至2.38万吨；销量下滑7.84%至2.75万吨。　　此外，张裕A目前主要销售仍以线下渠道为主，即通过境内外约4000家经销商，将公司产品配送至销售终端，最终提供给消费者。2022年该公司经销模式下实现销售32.73亿元，占比高达83.52%；直销业务实现销售收入6.46亿元，较上一年同期下滑6.28%。　　　　　　作为行业龙头，张裕A营收、净利的双降，在一定程度上也反映出国内葡萄酒行业持续低迷的发展困境。　　国家统计局数据显示，2022年，全国规模以上葡萄酒生产企业完成酿酒总产量21.37万千升，同比下降22.12%；实现销售收入91.32亿元，同比下降2.91%；实现利润3.40亿元，同比下降9.88%。全国规模以上葡萄酒企业119家，其中亏损企业42家，亏损面为35.29%，累计亏损2.70亿元，同比下降9.35%。　　事实上，自2017年葡萄酒行业数据达到顶点之后便开启了一路向下的下滑模式，国内主要葡萄酒上市公司的经营压力也随之增加。　　在张裕A发布年报前，国内其他葡萄酒上市公司均已发布业绩预告。数据显示，除了（603779.SH）扭亏为盈外，（600084.SH）、莫高股份（600543.SH）、（600365.SH）均告预亏。其中，中葡股份净利润预亏8.68亿元至8.83亿元；莫高股份净利润预计亏损约1亿元至1.35亿元；ST通葡净利润预亏为3600万元至5400万元。对于业绩预亏的原因，上述公司多有提及，葡萄酒市场受市场消费萎缩、疫情等因素影响，营收出现下降。　　张裕A在年报中也表示，受多种因素引起的不确定性增加影响，葡萄酒消费场景受阻；受其他酒类挤压明显，市场空间越来越小；大多数葡萄酒企业规模小，盈利能力差，无力培育市场，全行业长期在低谷中徘徊；葡萄酒市场全面复苏尚需要长期艰苦努力。为此，公司下调了2023年的营收目标，将力争实现营业收入不低于42亿元，将主营业务成本及三项期间费用控制在33亿元以下。　　对此业内有分析指出，由于国内消费者对葡萄酒的认可度仍低于白酒和啤酒，能否达成目标进而助推张裕A业绩实现年度目标，仍待时间验证。　　　　在葡萄酒市场需求持续下滑的困局下，张裕A正在谋求新的布局。　　为增加公司潜在的收入和利润增长点，今年1月份，张裕A发布公告称，拟以3274.68万元的价格受让控股子公司辽宁张裕冰酒酒庄有限公司剩余的49%股权。此次交易完成后，冰酒酒庄将成为张裕A全资子公司。　　张裕A认为，该酒庄生产的冰酒是公司最具特色的产品之一，在中国葡萄酒中具有鲜明特点；“黄金冰谷”品牌经过多年营销推广，已具备较强的市场影响力，较多的消费受众，具有较好的发展前景和盈利能力。　　此外，为进一步完善销售渠道，今年糖酒会前，张裕与泰山名饮在成都召开的战略合作，开拓出新的销售渠道。双方共同宣布，未来一年内后者将在100座东部沿海城市达成100万瓶张裕酒庄酒的销量。据悉，泰山名饮起家于山东泰安，目前是国内最大的酒水零售企业之一，现开设700余家连锁酒庄，在山东省外使用“正元名饮”字号。　　对于此次合作，业内有分析认为，虽然达成了战略合作关系，但双方能否完成销售目标仍旧存在着不小的挑战。特别是在白酒依旧强势的今天，张裕A如何能够将产品做到足够强来对知名白酒形成替代，这不仅要靠泰山名饮的渠道力，更考验着张裕A的产品力。责任编辑：王其霖
['“小长假”带火餐饮店？“老字号”全聚德连亏三年，翻红待何时？'],原标题� “小长假”带火餐饮店？这家“老字号”连亏三年，翻红待何时？| 公司汇　　面对年轻化的主流消费人群，如何提供受消费者喜欢的产品和服务，但同时又不失掉百年老店的传统，对于所有“老字号”来说，都是一道难解的题　　《投资时报》研究员� 罗艺　　“五一”小长假期间，北京多家餐饮企业迎来用餐高峰。北京前门大街的老字号前门店，也成为外地游客到京品尝美食的目标店之一。　　作为A股首家上市餐饮企业，全聚德（002186.SZ）与大多数“老字号”一样，仍在努力面向新时代和新客群。但从业绩方面来看，成果还需观察。　　全聚德2023年第一季度财报显示，公司期内实现营收3.20亿元，同比增长49.39%；净利润实现917.40万元，同比扭亏，去年同期经调整后净利润亏损4728.10万元。　　与此前发布2022年报后出现“连亏三年”的情况相比，全聚德开年后的第一个季度业绩有所改善。但若与疫情之前的2019年同期比较，则这一业绩仍存在差距。数据显示，2019年第一季度，公司实现营收4.01亿元，净利润为1064.15万元。　　事实上，该公司业绩走低自2018年就已开始，当年公司营收和净利润都出现较大幅度下降，2019年两项指标继续下降，但均维持净利润为正。疫情三年，公司持续亏损。2022年，全聚德实现营收7.19亿元，净利润亏损2.78亿元。　　以线下餐饮为主营业务的全聚德，业绩与线下门店的表现息息相关。在2018年门店数达到近年最高，营收、净利却双降之后，公司开始逐年缩减门店数。财报显示，该公司门店数从2018年的121家降至2022年末的102家。　　为应对线下餐饮的下滑，全聚德加入近年热门的食品加工和预制菜赛道，推出“全聚德”“川老大”“丰泽园”三大品牌共30个品类的预制菜肴和预包装熟食。在疫情期间，商品销售收入对线下餐饮的剧烈下滑起到了一定的缓冲作用。　　除预制菜外，全聚德近年还进行了不少新的尝试，比如外卖业务、推出白酒产品等。面对年轻化的主流消费人群，如何提供受他们喜欢的产品和服务，但同时又不失掉百年老店的传统，对于所有“老字号”来说，都是一道难解的题。　　　　在2023年一季度报发布之前不久，全聚德发布的2022年报再次将这家“百年老字号”推上热搜，理由为“连亏三年”。　　年报显示，2022年，全聚德实现营收7.19亿元，同比下降24.16%；净利润为-2.78亿元，同比下降76.86%；基本每股收益约为-0.9元。　　全聚德2022年的营收为疫情三年最低，净利润亏损则达到三年最高，2020和2021年分别亏损2.62亿元和1.57亿元。　　《投资时报》研究员注意到，全聚德2007年在深交所上市，为A股首家上市餐饮“老字号”。上市当年，公司营收达9.17亿元，此后则一直持续上升趋势，到2012年达到19.44亿元高峰。值得注意的是，2022年全聚德营收规模已低于上市初年。　　历年年报显示，餐饮业务均为全聚德的主要营收来源，而业绩的起伏、滑落，也与门店餐饮的表现息息相关。数据显示，在2018年门店数达到近年最高，营收、净利却双降之后，公司开始逐年缩减门店数。财报显示，全聚德门店数已从2018年的121家降至2022年末的102家。　　而2022年报显示，该公司餐饮业营收实现5.25亿元，同比下滑约25%，占全年营收比为72.99%。全聚德在财报中表示，2022年，公司多家门店受宏观因素影响闭店或关闭堂食，对经营产生严重影响。全年利润出现较大幅度亏损。　　根据年报，全聚德2022年共有38家门店因宏观因素影响闭店或关闭堂食，合计关闭天数为2575天，平均闭店天数86天。关闭堂食69店次，完全闭店42店次，6家门店闭店超过100天，3家门店闭店超过90天。　　但回到疫情之前，全聚德的门店受欢迎度已开始下降。《投资时报》研究员发现，2017年—2019年，公司餐饮业务全年接待宾客人次分别为804.07万人次、770.47万人次、658.92万人次，持持续下滑趋势。值得注意的是，2011年，公司餐饮业务的全年接待宾客数量已达747.41万人次，多于2019年同数据。　　市场认为，不亲民的价格、加收10%的服务费但却并不占明显优势的服务，是全聚德线下餐饮下降的原因之一。此外，随着年轻的Z世代成为消费主流人群，他们对于“老字号”的产品、服务的认可度的判断，则是更为长久的影响因素。　　　　为应对线下门店的颓势，全聚德近年开始在预制菜上发力。信息显示，2019年，全聚德现任总经理周延龙从东来顺空降至全聚德后，公司更加注重在新消费和新零售上的创新。　　事实上，全聚德开始商品销售业务并不晚。自2007年上市以来，全聚德一直都有商品销售这一业务，作为餐饮业务的补充。全聚德的商品销售最初主要围绕“烤鸭”，包括真空包装烤鸭、荷叶饼、甜面酱等烤鸭辅料，以及月饼、元宵等传统食物。　　起初商品销售数据不错，但与近年其他“老字号”在商品销售上的表现来看，进展却显得缓慢。从历年年报可以看出，2012年，公司商品销售营收已达总营收比的24%左右。因当年公司营收额达到历年最高，商品销售营收也超4亿。但之后商品销售并未有太大进展，从营收规模来看，该公司商品销售还呈下滑趋势。2013年至2019年，公司商品销售营收占总营收比一直维持在2012年相当的水平。　　年报显示，近年全聚德在商品销售上投入更多。首先体现在研发费用上，2021年，全聚德研发费用达291.63万元，同比增长91.47%；2022年，研发费用同比再增17.66%至343.12万元。　　具体来看，2021年10月，全聚德完成仿膳食品公司食品许可增项项目，推出全聚德、川老大、丰泽园3大品牌30个品类的预制菜和熟食品产品。2022年又完成三元金星熟食车间改造，形成年产65万只手工片制烤鸭的产能。　　但从结果来看，目前仍不太理想。年报显示，全聚德2021年和2022年商品销售额分别为2.28亿元和1.76亿元，分别同比下滑4.26%和22%。　　近期公司管理层对外透露，全聚德布局预制菜，调性不会改，仍要发挥老字号的优势。具体来看，将优化SKU做“瘦身”，同时要聚焦爆品和优势产品，尤其是对核心产品“全聚德手工片制烤鸭”，做出了较大的改进。　　　　“百年老字号”的自救　　除加码预制菜外，全聚德在近年还开展了一系列尝试，如2022年底，公司推出了全聚德定制白酒产品，引起二级市场股价异动，在10个交易日内获6个涨停板，并因此收到了深交所下发的关注函。　　在年报中，公司并未提及白酒业务。公司管理层在今年2月曾对外表示，做白酒业务并非炒作，而是全聚德现有业务的自然延伸。他认为，中国人的餐饮，有餐必有饮，这个“饮”按传统理解，不是如今餐馆里的各种饮料，而是酒。全聚德提供的商务宴、家宴等产品线中理应包括酒水。　　同时，全聚德在去年做了不少改变，包括一些新的消费场景的尝试、装修风格的改变，菜品的引入，但这些都只是微观层面。对于一个老字号来说，本身需要一种基因型的改变，才能去不断地迎合潮流。　　商务部数据显示，被认定的“中华老字号”数量从新中国城里初期的1万多家，降至2011年的1128家。这些企业的平均年龄超过160岁，是实实在在的“老品牌”。但这些企业中，只有10%的企业盈利，20%的老字号亏损，70%的企业在维持现状。　　而2020年5月11日，从新三板退市的狗不理包子也给餐饮老字号们敲响了警钟。作为重资产行业，餐饮老字号们主要依靠拓店来实现规模增长。但如今消费主力逐渐变为新世代，新门店的拓展如何吸引他们的眼光才是难题。　　阿里研究院牵头撰写的《2022非物质文化遗产消费创新报告》也显示，90后和00后正在成为这些产品的消费主力。但老字号企业普遍存在产品结构老化单一、体制转变缓慢、经营观念和手段落后、品牌建设迟滞等问题，这些问题导致它们对新世代的吸引力有限。��责任编辑：王其霖
['汽车经销商“寒冬”已过？广汇汽车发布一季度财报：扭亏为盈'],每经记者 董天意����每经编辑 孙磊　　在一揽子促消费政策提振下，部分汽车经销商集团的经营业绩开始企稳回升。　　近日，（600297.SH）发布了2022年年报及2023年一季度报告。财报内容显示，2023年第一季度，广汇汽车实现营业收入约314亿元，净利润为6.05亿元。公司一季度营收恢复增长，利润实现扭亏为盈。　　作为国内头部经销商集团，广汇汽车在2022年录得上市以来的首次亏损。财报数据显示，2022年，广汇汽车实现营收 1335.44亿元，同比下降15.71%；实现归属于上市公司股东的净利润-26.69亿元，同比下降265.92%。　　对于业绩波动的原因，广汇汽车在2022年度董事会工作报告中表示，2022年，国内外宏观经济形势仍较为复杂，各类不确定性因素传导至汽车行业，使得行业整体发展面临较为严峻的挑战。整体经济大环境承压，消费者收入和预期转弱，在宏观经济尚未全面恢复的背景下，消费信心提振疲软，加之汽车行业受多重超预期因素冲击，导致物流不畅、门店客流减少，严重阻碍了汽车经销行业的健康发展。　　事实上，广汇汽车在2022年所面临的困难实为行业共性问题。据凯达卓越统计，2022年，国内乘用车品牌经销商库存深度的月度平均值为1.76，远高于行业0.8~1.2的健康区间。凯达卓越方面认为，高企的库存来自厂家销售公司的压库行为，造成了经销商端的库存占用，周转降低，以及相应的财务和管理费用增加。　　除批发零售失衡外，经销商GP2（特约店根据主机厂的商务政策可获得的销售返利）数据也不容乐观。 凯达卓越统计的2022年乘用车品牌中，经销商新车毛利GP2的月度平均值为-1.8%，未能达到盈亏平衡点。而批发零售失衡叠加“亏钱卖车”，使市场的供需风险被进一步放大，这也导致经销商的亏损加大，运营效率降低等。　　在此背景下，大部分经销商集团的经营信心受到打击。最新一期的中国汽车经销商之声2023 H1冬季版调研结果显示，312个经销商集团，4216个经销商对行业整体的满意度和信心度得分为6.9分，大幅低于去年同期调研结果。也正因如此，广汇汽车在2023年第一季度实现扭亏为盈或更具行业参考价值。　　结合公告信息，广汇汽车的业绩扭亏一方面源于国内车市的整体回温，另一方面也与其优化品牌布局，提高经营效率有关。据广汇汽车公告，其已建立覆盖全国28个省、自治区及直辖市的乘用车经销网络，经销乘用车品牌约50余个，运营779家营业网点（其中4S店732家）。其中，盈利能力更为突出的超豪华、豪华品牌网点达257家，较去年底增7家，占比从年初的31.81%提升至32.99%。　　对于发展势头迅猛的新能源汽车市场，广汇汽车也在销售和服务端加速布局。2022年，广汇汽车新能源汽车销量同比提升72.2%。截至报告期，广汇汽车已与20多个新能源品牌建立密切联系与沟通机制，已申请成功47家店面，并已构建形成覆盖全国28个省（自治区、直辖市）的新能源汽车售后服务网络。　　值得一提的是，今年2月，广汇汽车公布了回购和员工持股计划，上述员工持股计划的股权解锁条件则是以2023~2025年三个会计年度为业绩考核，实现经审计净利润不低于25亿元、33.75亿元和45.6亿元。另据公告，截至2023年3月31日，公司以集中竞价交易方式已累计回购股份1922万股，占公司总股本的比例为0.237%，成交最高价为人民币2.3元/股，成交最低价为人民币2.17元/股，累计支付的资金总额为人民币约4299万元。　　广汇汽车内部高管透露，此次公司推出员工持股计划，意在建立公司股东与公司核心员工利益共享、风险共担的长效激励机制，将进一步调动员工的积极性，有利于公司的可持续发展，同时也表明了公司对所属行业及未来增长的信心。　　有观点认为，随着2023上海国际车展的成功举办，有望进一步从供给端刺激汽车消费市场需求。结合多项稳定汽车消费政策的出台，汽车经销商集团的经营环境和业绩表现有望企稳回升，而作为行业龙头的广汇汽车或将发挥带头作用。责任编辑：王其霖
['罕见一幕！2000亿白电巨头跌停，是何原因？公募持仓比例悄然提升'],在财报和分红预案披露之前，格力电器今年的表现还相对不错，股价年内涨幅一度超过了30%，相比的涨幅更为明显。这吸引了一部分公募基金对格力电器进行加仓，公募持仓比例有所提升。　　业绩增速和分红率双双下滑　　　　4月28日深夜，格力电器在最后期限前披露了2022年的年报和2023年的一季报。财报数据显示，2022年格力电器实现营收为1901.51亿元，同比增长0.26%；实现净利润为245.07亿元，同比增长6.26%。　　　　此外，从最新的2023年一季报来看，格力电器在今年一季度实现营收356.92亿元，同比微增0.44%；实现净利润为41.09亿元，同比增长2.64%，营收和净利润的增速都不算高。近两个季度的业绩增长均明显放缓，不少市场观点认为，格力电器的增长瓶颈已经显现。　　　　格力电器发布的2022年年度权益分配预案显示，拟10派10元，参考公司中期+年度利润分配方案，2022年格力电器“中期+年度”合计分红为10派20元（含税），整体现金分红率达45.5%，相较2021年度72%的分红率有大幅下降。　　　　董明珠指出，公司每年将利润中的一定比例合理地分配给投资者，企业是没有太大压力的。但她还强调：“当然，也不排除我们可能某一年会少分红甚至不分红，那肯定是在遇到一些重大投资等需要的情况下。”　　5月4日上午，有媒体以投资者身份致电格力电器，公司工作人员表示，二、三季度是行业的相对旺季，或有望带动公司业绩。当前公司主要目标仍是紧抓主营，分红力度虽然相较去年有所减少，但是公司领导层根据自身情况所做判断，公司对下半年比较有信心。　　基金持仓比例提升　　　　　　具体来看，今年一季度，刘旭管理的大成高新技术产业对格力电器加仓股数最多，季度持仓变动超过了1317万股，使格力电器不仅新进该基金前十大重仓股，且跃升为第三大重仓股。此外，袁航管理的鹏华品质优选、卢纯青管理的中欧先进制造、张啸伟管理的富国天合稳健优选等基金均对格力电器进行了较大幅度的加仓。　　刘旭在大成高新技术产业的一季报中表示，虽然制造业艰辛且竞争激烈，但今年一季度，本基金进一步提高制造业比重，新进入前十大的两只个股，管理人均跟踪多年且在过去7年中有过持仓。他们要不就是经过企业内部调整经营更加稳定，且股价的性价比和股东回报具备吸引力；要不就是在自己的细分行业中经过多年积累具备了产生升级的可能性，且当下买入对价并没有反映这一可能性。他上述所提到的“新进入前十大的两个个股”，其中之一便是格力电器。　　　　例如，王栩管理的汇添富优势精选、汇添富美丽30等基金均对格力电器进行了减持；此外，诺安低碳经济、景顺长城量化、万家量化睿选、安信新趋势、华泰柏瑞景气成长等基金将格力电器直接调出了前十大重仓股。　　“从一季报的盈利表现来看，我更看好家电板块里的二线品种。过往受制于原材料价格上涨等因素盈利能力弱化的二线品种，在需求提振、成本压力同比改善的同时，一季度盈利能力出现了更大幅度的提升。”有基金经理表示。　　家电行业的全年景气度都处于积极状态　　　　摩根士丹利华鑫基金研究管理部隋思誉认为，家电板块目前的景气回暖尚处于疫后动销的自然恢复阶段；而年初以来，房地产销售已经出现明显改善，对于烟灶等强地产后周期品种的景气带动有望在下半年逐渐显现。后续随着宏观经济的逐渐改善，具有更强可选属性的小家电，如生活电器，其所在赛道依然存在消费升级预期，也有望在今年继续兑现业绩改善预期。　　他非常看好以空调为代表的家用电器板块投资机会。据行业经验数据，空调行业的需求约有一半为更新需求，一半为新增需求。在疫后复苏进程中，过往被搁置的更新需求重新激发，2B端的空调招标需求重启，竣工楼盘释放装修需求，多重因素共同带动终端行业景气度边际改善。过往三年，在反复的疫情扰动下，经销商提货谨慎，空调行业整体渠道库存持续去化，在当下终端需求回暖的带动下，渠道库存存在一定的回补必要，使得出厂端的景气改善强于终端自然动销的改善。　　　　“展望全年，我们认为家电行业的景气度都处于积极的状态，值得重点关注。我们将密切关注家电行业各细分赛道的景气改善动态，并结合相关品种的估值水平做出合适的投资决策。” 隋思誉表示。责任编辑：王其霖
['天齐锂业或入股梅赛德斯奔驰与吉利合资公司，最多投2亿美元'],中国锂矿巨头（09696.HK；002466.SZ）布局产业下游又有新动向。　　5月4日，据彭博社报道，天齐锂业可能投资最多2亿美元入股德国梅赛德斯-奔驰股份公司（以下简称“梅赛德斯-奔驰”）和中国浙江吉利控股集团（以下简称“吉利控股”）的合资企业智马达汽车有限公司（Smart Automobile Co，以下简称“智马达汽车”）。　　据知情人士向彭博社透露，天齐锂业正在考虑收购智马达汽车的少数股权，投资金额约为1亿至2亿美元，目前相关谈判正在进行中，而这也将成为智马达汽车最新一轮私募融资的一部分。　　截至本文发稿时，天齐锂业方面尚未就这一消息给予澎湃新闻记者的求证回复。　　据了解，2020年1月，吉利控股与梅赛德斯-奔驰组建smart品牌全球合资公司智马达汽车， 在全球范围内联合运营和推动smart品牌转型升级。　　合资公司注册资金54亿元人民币，双方各出资27亿元人民币，梅赛德斯-奔驰主要以smart品牌出资的形式获取相应股份。双方在研发、制造和供应链等领域发挥协同效应，致力于将smart打造成为全球领先的高端电动智能汽车品牌。合资公司全球总部设在中国宁波杭州湾新区，在中国及德国分别设立营销中心。　　目前，smart已完成品牌、产品及商业模式的更新。其新一代纯电动车家族由smart研发团队主导工程研发，梅赛德斯-奔驰全球设计团队负责设计，全新smart精灵#1已经在2022年投放国内市场，该车型还将销往海外。　　而此次天齐锂业若能顺利入股智马达汽车，也将成为今年公司首次成功的股权投资。今年1月，天齐锂业本拟通过控股子公司TLEA，以约1.36亿澳元（折合人民币约6.32亿元）的价格收购澳洲锂矿企业Essential Metals的所有股份。然而就在4月20日，天齐锂业公告表示，由于未能获得收购目标股东的足够支持，将放弃收购ESS公司。4月21日，ESS公司方面亦公告宣布交易中止。　　4月28日，天齐锂业披露2023年一季报显示，公司一季度实现营业收入114.49亿元，同比增长117.77%；实现归属于上市公司股东的净利润48.75亿元，同比增长46.49%。实现归属于上市公司股东的扣除非经常性损益的净利润48.36亿元，同比增长70.67%；基本每股收益2.97元。　　对于营收增长的原因，天齐锂业称，主要系报告期公司锂化合物及衍生品、锂矿的销售均价较上年同期分别增加40.47%和245.09%。　　而在投资收益方面，据彭博社预计，天齐锂业的联营公司智利矿业化工集团SQM公司（天齐锂业合计持有SQM22.16%的股权 ）2023 年第一季度业绩同比将大幅增长，因此公司在本报告期确认的对该联营公司的投资收益较上年同期大幅增长。　　今年以来，锂盐价格持续下跌，目前国内电池级碳酸锂的价格已从年初60万元/吨的高位跌至20万元/吨以下，受此影响，今年一季度，国内锂行业仅有天齐锂业和永兴材2家上市公司的归母净利润实现增长，天齐锂业的营收和归母净利润增幅均处于行业第一。　　可以对比的是，锂矿另一巨头一季度增收不增利，实现营业收入94.38亿元，同比增长75.91%；但归母净利润23.97亿元，同比下滑32.01%。赣锋锂业称，一季度业绩下降，一定程度上是受到锂盐价格大幅度下滑的影响。　　对于锂价的波动，天齐锂业此前表示，下游终端特别是新能源汽车和储能产业未来的高成长预期、有关政策的倾斜，是客观存在且可合理预期的，因此从中长期来看，公司认为锂行业基本面在未来几年将持续向好。　　目前，天齐锂业四川安居碳酸锂项目正在建设，澳大利亚奎纳纳的二期氢氧化锂项目主体工程已基本完成，公司表示，将延续既有的“垂直一体化整合”的商业模式，按照既定规划稳步落实基础锂盐产能扩张计划，力争到2027年达到30万吨左右的碳酸锂当量的锂化工产品产能，进一步发挥产业链协同效应。　　而在布局产业中下游、平衡风险方面，天齐锂业此前入股了国内电池企业中创新航科技集团股份有限公司，北京卫蓝新能源材料股份有限公司，上海航天电源技术有限责任公司，以及美国固态电池初创企业SES公司。天齐锂业2022年年报显示，报告期内，天齐锂业分别持有中创新航1.14%股份，持有北京卫蓝3.26%股份，持有上海航天电源9.91%的股份，以及持有SES公司7.97%股份。　　若此次天齐锂业能够收购智马达汽车成功，也将是公司首次将触角延伸至行业最下游的新能源汽车终端。责任编辑：王其霖
['左手分红40亿、右手发债50亿，牧原股份上市以来累计融资过千亿'],4月27日晚，“猪茅”（002714.SZ）发布2022年年报和2023年一季报。　　牧原股份2022年分红计划给投资者带来惊喜，公司拟向全体股东每10股派发现金红利7.36 元（含税），　　猪周期拐点未至，猪肉价格持续地位运行，对上市猪企的现金流挑战巨大。，募集资金拟用于偿还公司及下属子公司债务、优化公司债务结构、补充流动资金等。　　Wind数据显示，牧原股份上市以来已经累计募资991.57亿元，其中，直接融资414.25亿元（股权再融资271.03亿元、发债融资136亿元、IPO融资7.22亿元），间接融资（按增量负债计算）为577.32亿元，公司上一笔募资为去年12月定增募资60亿元。　　财报显示，截至2023年3月末，牧原股份的资产负债率为56.37%，货币资金为232.1亿元，　　业绩方面，受当季度猪价下行拖累，牧原股份一季度实现营业收入241.98亿元，同比增长32.4%；归母净利润为亏损11.98亿元，同比增长76.9%，上年同期为亏损51.80亿元。　　今年1~3月，牧原股份累计销售生猪1385万头，同比增长0.2%，研报显示，估算牧原股份头均亏损约90元，估算当前完全成本约15.5元/公斤。　　今年春节后，猪肉消费进入淡季，需求弱复苏，供给增速小幅放缓，导致猪肉一度连跌40余多，期间一度跌破14元/公斤，全行业陷入深度亏损。进入四月下旬，猪价小幅反弹，中国养猪网显示，4月28日全国生猪（外三元）报14.61元/公斤，较年内最高点16.55元/公斤（1月23日）累计下跌11.72%。　　2022年，牧原股份实现营业收入1248.26亿元，同比增长58.23%，营业收入首次突破千亿；实现归母净利润132.66亿元。分季度来看，牧原股份第一季度亏损51.80亿元，第二季度亏损15.03亿元，第三季度盈利81.96亿元，第四季度盈利117.54亿元。　　牧原股份生猪出栏量创下历史最高。公司销售生猪6120.1万头，其中商品猪5529.6万头（包括向全资子公司牧原肉食及其子公司合计销售736.8万头），仔猪555.8万头，种猪34.6万头；2022年公司屠宰生猪736.2万头，销售鲜、冻品等猪肉产品75.7万吨。　　“猪茅”的全年经营业绩依然是机构关注重点，公司4月28日晚发布了最近一期机构调研公告，、华泰柏瑞、易方达、广发基金、汇添富、上投摩根、朱雀基金等261位投资者参会。　　牧原股份在调研中表示，截止2023年第一季度末，公司生猪存栏达到3900万头左右，较2022年末增长300万头左右。　　资本支出方面，牧原股份预计今年资本开支预计在100亿元左右，其中屠宰厂建设支出预计在10 亿元左右，固定资产维护、维修及升级改造费用预计20亿元-30亿元，剩余部分用于养殖产能建设。　　受业绩拖累，年内猪板块股价表现低迷，牧原股份盘整为主，股价徘徊于45元~50元。截至4月28日收盘，牧原股份报47.87元，年内小幅下跌1.81%，其中一季度微涨0.51%。　　财报显示，一季度，牧原股份的5家股东持股数量发生变动。其中，孙惠刚增持2129.27万股，增持后持股数量为8373.64万股。责任编辑：王其霖
['兖矿能源拟合共以270.48亿元收购鲁西矿业及新疆能化51%股权'],智通财经APP讯，（01171）公布，于2023年4月28日，该公司拟收购鲁西矿业合计51%股权，总代价约为人民币189.36亿元（包括截至评估基准日第一股权滚存未分配利润）。于从代价中扣除第一卖方收到的有关第一股权的利润分配约人民币6.17亿元后，公司实际应付的代价将约为人民币183.19亿元。 于第一股权转让协议交割后，鲁西矿业将成为该公司的非全资附属公司。　　于同日，该公司拟收购新疆能化合计51%股权，总代价约为人民币81.12亿元。于第二股权转让协议交割后，新疆能化将成为公司的非全资附属公司。　　据悉，鲁西矿业集团主要从事煤炭开采、洗选、销售、运输及储存，以及采矿设备及配件制造等煤炭产业链的上下游业务。新疆能化集团主要从事煤炭开采、洗选及销售、煤化工等煤炭产业链的上下游业务。　　2020年7月，山东能源重组后，山东能源下属鲁西南、新疆、陕甘、内蒙四大区域的存量煤炭及煤化工业务与该公司主业存在一定程度的同业竞争。通过收购事项进行分区域、分批次的资产注入，有利于减少公司与山东能源之间的同业竞争，促进规范运营。　　收购事项所涉及资产均为山东能源下属优质资产。收购事项完成后，该公司的盈利能力将得到显著增强，有利于进一步提升股东长期回报。　　收购事项是落实公司发展战略的重要举措。通过对山东能源优质煤炭资源的整合，有利于进一步增厚公司的煤炭资源储备，做大做强矿业版块，增强核心竞争力。　　除煤炭生产业务外，目标集团亦从事部分煤化工、煤炭洗选与销售、煤炭运输与仓储、矿用设备及配件制造等煤炭产业链上下游业务。收购事项有利于公司围绕煤炭主业，进一步优化产业布局，发挥协同效应，分散经营风险，增强抗风险能力。责任编辑：王其霖
['千亿果链龙头立讯精密大消息'],作 者丨张赛男　　编 辑丨巫燕玲　　4月27日晚间，（002475.SH）一口气发布了2022年报、2023年一季报和半年报业绩预告。　　财报显示，2022年，立讯精密实现营业收入2140.28亿元，同比增长39.03%；归属于上市公司股东的净利润91.63亿元，同比增长29.60%。　　同期，立讯精密发布的今年一季报显示，一季度实现营业收入499.42亿元，同比增长20.05%；归母净利润20.18亿元，同比增长11.90%。　　立讯精密还对今年上半年业绩作出预测，预计2023年上半年归属于上市公司股东的净利润约41.62亿元-45.41亿元，同比增长10%-20%。　　相比另外两家果链龙头：因被砍单业绩下滑、蓝思一季报略低于预期，立讯精密营收、净利双双增长，在消费电子整体行情疲软的情况下已显难得。　　28日上午，立讯精密一度涨超6%　　　　与其他消费电子产业链公司类似，立讯精密也在年报中回顾了去年消费电子的困境。　　公司坦言，2022年，由于受地缘政治、全球通胀等外部因素影响，海内外消费需求出现不同程度下滑，叠加第四季度华中地区重要系统厂商产能受阻，公司部分零组件及模组产品出货量短期呈现被动下滑态势，整体稼动率出现一定波动。　　去年消费电子市场整体需求相对低迷是众所周知的情形。而其所指的华中地区重要系统厂商，或是位于河南郑州的苹果重要供应商富士康，该公司在去年四季度因疫情影响导致产能受限。这些对整个苹果产业链来说都是一个挑战。　　不过，立讯精密表示，在智能移动终端、健康穿戴、声学穿戴等系统组装业务，以及智能终端显示模组、系统封装、音圈马达等核心零组件、模组产品上实现突破。　　数据显示，作为立讯精密最大的收入来源，2022年消费性电子营收还是实现了增长，为1797亿元，占比83.95%，同比增长33.44%。与上年相比，该业务占比在下降，上年同期比重为87.46%。　　和消费电子行业一样，公司另一重要的下游应用领域通信与数据中心行业也受外部环境影响，2022年需求放缓。不过，立讯精密认为，长期来看，AIGC、5G的出现和普及，对算力和传输等提出了更高要求，对通信行业来说是利好。　　财报显示，公司通讯互联产品及精密组件去年实现营收128亿元，占比6%，但增速高达292.55%。　　而被立讯精密视为新增长点的汽车电子，去年也实现了快速增长。去年公司汽车互联产品及精密组件实现营收61.5亿元，占比2.87%，同比增长48.44%。　　2022年初，立讯精密牵手奇瑞大举进军新能源汽车赛道，一度将其汽车业务推上颇为吸睛的地位。不过就目前来看，相关业务占比仍然不高。　　公司认为，随着汽车电动化、网联化、智能化的迅猛发展，汽车零部件市场迎来了百花齐放的局面，尤其在汽车线束/连接器、车身电子、智能座舱、自动驾驶等领域，具有消费类经验的汽车零部件公司在消费电子产品中积累的快速迭代能力、成本控制意识、及时响应需求的经验，以及对生态圈的理解，有助于整车厂竞争力的提升。　　　　立讯精密还在年报中透露了未来的发展战略，未来几年，消费电子业务仍将占据公司重要位置。一方面，从零组件、模组到系统重构供应链，追求协同效应最大化；另一方面，抓住消费电子的新机遇，尤其是智能可穿戴、智能家居、智能显示以及AR/VR/MR领域的发展。　　汽车业务则是立讯精密下一步转型的方向。“公司战略目标清晰明确，即专注于Tier 1核心零部件市场。”公司表示，“未来几年，将继续把在消费电子、通信领域积累的精密制造经验与解决通信级别高速传输的开发能力降维应用于汽车业务当中，充分发挥所长。”　　立讯也将充分利用和奇瑞的合作机遇。“建立在与奇瑞公司合作的整车ODM平台，以及未来与更多平台的潜在合作基础上，公司将持续为汽车核心零部件业务拓展更多前沿的研发设计、量产平台及出海口，以此取得0到1的商业机会，并借助自身优势充分参与市场竞争， 使公司Tier 1产品在市场的磨炼中彰显更多内在价值，致力于在未来三个五年内实现成为全球汽车零部件Tier1领导厂商的中长期目标。”　　而从今年一季报和半年报来看，立讯精密业绩增长或更多归根于降本增效。立讯精密表示，今年以来，受到外部因素影响，消费者购买力下降，终端品牌客户各产品线整体需求下滑，消费电子、汽车、通讯等行业整体景气度受到抑制，国内外业务均面临挑战。报告期内，公司除了开辟新赛道，还积极开展一系列扎实的降本增效措施，从人力、物料、设备等多方面加强成本管控。　　记者注意到，今年一季度，立讯精密销售费用为1.9亿元，下降9.29%。　　与此同时，公司此前高企的存货也有明显降低。2022年三季度末，立讯精密存货高达421.8亿元，年末下降至373.6亿元，今年一季度末，再度降至295.5亿元。　　作为苹果供应商，立讯精密近期还传出一个利好消息。市场消息显示，苹果增加供应链阵容，纳入和硕及立讯精密成为iPhone15系列供应商，预计和硕将取得iPhone 15 Pro12%的组装份额，立讯精密则取得iPhone 15 Ultra 15%的组装份额。　　本期编辑 江佩佩 实习生 黎蔼慧责任编辑：王其霖
['4月28日沪深两市涨停分析：南方传媒8天6板 超讯通信、焦点科技均走出4天3板'],【4月28日沪深两市涨停分析】沪指涨超1%重返3300点，两市百股涨停，AI概念股再掀涨停潮。8天6板，、均走出4天3板，一图看懂>>责任编辑：冯体炜
['管窥方直科技违规减持：实控人被监管警示，业绩八年走颓'],来源 华夏时报（www.chinatimes.net.cn）记者 齐萌 张智 深圳报道　　4月25日，深圳证监局对（300235.SZ）实际控制人黄元忠、董事陈克让发布警示函。黄元忠、陈克让、股东黄晓峰作为一致行动人，黄元忠、陈克让未能在一致行动人合计持股比例每减少5%时及时披露权益变动报告书并停止交易公司股票，深圳证监局对黄元忠、陈克让采取出具警示函的行政监管措施。　　实际上，早在2022年6月深交所便就此事发布了《关于对黄元忠、陈克让给予通报批评处分的决定》。深交所表示，在2014年12月2日至2021年11月15日期间，方直科技实际控制人黄元忠及其一致行动人陈克让、黄晓峰合计持股比例由55.27%下降至40.08%，累计变动比例达15.19%。因未及时披露，对黄元忠、陈克让给予通报批评的处分。　　值得注意的是，在其股东减持未及时披露的背后，公司业绩一度持续下滑。2014年至2018年，公司利润便一路下滑，扣非净利润甚至下滑为负。到了2019年，公司扣非净利润大涨820.73%至1957.94万元，但而后波动下滑至2022年的966.59万元。日前方直科技发布的2023年一季度报告显示，公司业绩仍未见向好。　　“方直科技业绩下滑，且大股东违规减持，可能是利空偏多，公司资金出现问题，公司实控人、大股东想要减持套现。公司大股东未能在一致行动人合计持股比例每减少5%时及时披露权益变动报告书并停止交易公司股票，违反了《证券法》《上市公司收购管理办法》第十三条第二款的规定，侵犯了普通投资者的权益，会引起市场情绪恐慌。”河南泽槿律师事务所主任付建对《华夏时报》记者表示。　　4月26日，《华夏时报》记者就相关问题致函方直科技，但截至发稿，尚未收到回复。　　　　对于深圳证监局发布《关于对黄元忠、陈克让采取出具警示函措施的决定》，方直科技董事会发布公告回复：“收到警示函后，相关人员高度重视警示函中指出的问题，表示将充分吸取教训，切实加强相关法律法规及规范性文件的学习，提高规范运作意识，杜绝此类事件的再次发生。本次监管措施不会影响公司正常经营管理活动，敬请广大投资者理性投资，注意投资风险。”　　就此事，深交所早在2022年6月发布的《关于对黄元忠、陈克让给予通报批评处分的决定》中表示，经查明，黄元忠、陈克让存在违规行为。2014年12月2日至2021年11月15日期间，方直科技实际控制人黄元忠及其一致行动人陈克让、黄晓峰合计持股比例由55.27%下降至40.08%，累计变动比例达15.19%，当中，被动稀释比例为2.81%，主动减持的股份比例为12.38%。黄元忠、陈克让未能在与一致行动人合计持股比例每减少5%时及时披露权益变动报告书并停止交易公司股票，直至2021年11月16日、12月23日才补充披露 权益变动报告书及其补充公告。黄元忠、陈克让的上述行为违反了深交所相关规定，深交所对黄元忠、陈克让给予通报批评的处分。　　实际上，上述公司股东在2014年至2021年末减持未及时披露的背后，业绩下滑也值得关注。　　2014年至2022年，公司营收增速缓慢，从8282.78万元增长至1.08亿元，公司利润在2014年至2018年间一路下滑，净利润从2014年的2252.39万元下滑至2018年的1231.61万元，扣非净利润从2014年的1552.15万元下滑至2018年的-271.66万元。　　2019年方直科技终迎业绩拐点，但而后又呈下滑趋势。公司净利润大涨161.35%至3218.75万元，但而后又下滑至2022年的2333.16万元；公司扣非净利润在2019年大涨820.73%至1957.94万元，但而后波动下滑至2022年的966.59万元。　　在日前方直科技发布的2023年一季度报告显示，公司业绩仍未见向好。公司实现营收2761.54万元，同比下滑22.84%，净利润1165.95万元，同比下滑10.03%，扣非净利润966.59万元，同比下滑11.72%。　　　　对于方直科技大股东减持超过5%未及时披露的现象，财经评论员张雪峰对《华夏时报》记者表示：“这可能会导致市场信息不对称，影响投资者的决策。如果大股东减持的原因是因为对公司未来发展不看好，那么未披露可能会导致投资者对公司的信心下降，股价下跌。此外，未及时披露也可能会违反证券法规，导致监管机构的处罚。”　　付建也表示，大股东大规模减持，会令股市承压，影响股票价格，造成市场波动，对普通投资者的影响也非常大。大股东减持超5%未披露违反了法定的披露义务和相关程序，损害了投资者权益，可能造成投资者的损失。　　实际上，从近期的监管动向来看，对违规减持的查处力度正在加大，已有多家公司股东因此领到“罚单”或被采取监管措施。　　3月29日，（002852.SZ）披露，公司副总经理吴康林于2022年12月14日通过集中竞价方式减持道道全股票2.5万股，累计减持金额36.67万余元。吴康林作为道道全副总经理，未按规定在首次减持行为发生的15个交易日前预先披露减持计划，因此，公司副总经理吴康林被湖南证监局出具警示函。　　同日，控股股东嘉华东方控股（集团）有限公司及其一致行动人万通投资控股股份有限公司予以监管警示。万通控股（600246.SH）在股份冻结事项尚未披露期间，于2023年2月15日通过大宗交易减持100万股公司股份。在相关文件已明确股份冻结事实的情况下，控股股东及其一致行动人经监管多次督促并发出函件后才予以披露，相关信息披露存在明显迟延，损害投资者知情权。公司控股股东及其一致行动人上述行为违反了《上海证券交易所股票上市规则（2023年修订》多项规定。　　4月25日，盛迅达（300518.SZ）股东陈湧锐收到深交所监管函。深交所表示，2023年3月21日至27日，其通过集中竞价方式累计被动减持公司股份94.39万股，减持金额合计3737.7万元，上述减持违反了相关法律法规。　　此外，（300342.SZ）、（300736.SZ）等公司在年内也因违规减持，收到“罚单”或被采取监管措施。　　在张雪峰看来，目前违规减持监管力度逐渐加强，监管机构对于违规减持的处罚力度也在不断加大。例如，近年来证监会对于违规减持的罚款金额不断提高，同时也加强了对于信息披露的监管力度。为了更加从严监管，可以加强对于信息披露的监管力度，提高违规减持的处罚力度，同时也可以加强对于大股东和内部人员的监管。　　付建也表示，近年来，有关部门对违规减持的监管力度不断加大，但因为相关减持规则还存在不足，许多大股东寻找规避法律义务的办法，短期内大幅减持，给普通投资者和市场带来危害。对违规减持的行为更加从严监管，需要有关部门加大打击力度，同时也需要努力构建高效、有序的合规减持体系规则。　　责任编辑：方凤娇 主编：公培佳责任编辑：王其霖
['超6万股东踩雷！又一A股公司遭立案，股价一字跌停！'],深交所当天也向公司发出关注函，要求说明本次重大资产重组终止的具体原因，以及对2022年年报的主要影响，并说明是否与前期信息披露情况存在冲突矛盾情形。（A股又现惊雷！重磅交易突然终止，年报再“难产”，股价一字跌停！交易所紧急关注）　　今年3月下旬披露的业绩快报显示，2022年度公司实现营业总收入39.58亿元，同比下降41.86%；实现净利润-17.6亿元，同比降幅153.92%。　　天沃科技当时解释称，中机电力因整体资金较为紧张，有限资金重点投入能够实施效益提升及快速回笼资金的项目，“延缓了部分项目的建设进度，能源工程板块全年营业收入较上年同期出现较大幅度下降。”天沃科技据此计提商誉减值准备，导致出现较大金额亏损。　　早在2022年12月底，天沃科技就宣布拟出售所持中机电力80%股权。到今年3月31日晚间，天沃科技仍表态各方“正在积极推进本次交易”。　　　　在上述信息披露前，天沃科技股价持续走低，10个交易日内跌幅达到20.31%。　　4月27日，天沃科技披露收到深交所关注函，要求公司说明终止本次重大资产重组的磋商过程及具体时点，公司及相关方是否采取相关保密措施及其执行情况。　　深交所同时要求公司董事会说明“筹划重大资产重组时是否充分考虑相关风险因素，是否履行勤勉尽责义务。”此前在2月份，天沃科技宣布多名董事会成员辞职。其中包括董事长司文培，副董事长、常务副总经理沙云峰，董事、总经理俞铮庆。　　　　证券时报·e公司记者注意到，天沃科技2月份披露的公告中曾表示，根据2022年度公司业绩预测，公司不存在触及股票上市规则第9.3.1条之“（二）最近一个会计年度经审计的期末净资产为负值，或者追溯重述后最近一个会计年度期末净资产为负值”规定的对股票实施退市风险警示的情形。　　不过4月27日披露的风险提示公告则显示，公司管理层经审慎研判，预计公司2022年末净资产为负值。　　　　校对：廖胜超责任编辑：王其霖
['打新亏了800万！港股“白酒第一股”首日即破发，有大户亏惨了…'],发售价格及配发结果公告显示，珍酒李渡发行价10.82港元。其中，有一名打新大户最终获配476.24万股，按照8.88港元价格计算，该名大户打新首日亏损超923万港元（约合人民币814万元，不计手续费和孖展利息费用）。　　　　港股白酒第一股珍酒李渡今日正式挂牌交易，该股以每手200股为买卖单位，股票代码为6979。　　根据公告显示，珍酒李渡每股发售价10.82港元，趋于招股询价下限位置（招股询价10.78-12.98港元），扣除包销费用及佣金等其他费用后，净募资额49.9亿港元，为今年来港股最大IPO募资额。　　　　从今日股票走势来看，珍酒李渡首日表现不尽如人意。　　相比中一手的投资人来说，进入乙组打新的投资人损失更为惨重。公告显示，共有36名投资人进入乙组，其中1名大户申请1500万股，最终获配476.24万股，按照现价8.88港元计算，这名大户首日账户亏损高达923万港元（不计手续费和孖展利息费用）。　　　　招股书显示，自2020年至2022年，珍酒李渡的营业收入分别为人民币（单位：下同）24亿元、51.01亿元、58.56亿元，2021年、2022年营收同比增幅为112.7%、14.8%。数据显示，近2年公司营业收入增速放缓明显。　　具体来看，2020年中端及以下的白酒类型占总营收规模的50%，高端白酒占比16%，2022年中端及以下的白酒营收为20.29亿元，占总营收比例33.9%，高端白酒收入达到14.39亿元，占比24.6%。可见珍酒李渡在逐步降低中端及以下的白酒占比，主要原因为中低端的白酒毛利率明显低于高端白酒，高端白酒毛利率维持在66%左右，而中低端白酒毛利率在37%左右。　　净利润方面，2020年至2022年，经调整净利润分别为5.2亿元、10.7亿元、11.97亿元，经调整净利润增速分别为21.7%、21%、20.4%。　　因此，能否维持良好的盈利能力取决于公司能否维持产生高水平收入（其主要依赖中国白酒的消费）及有效管理成本及开支。而中国白酒行业竞争激烈，大量品牌都具有不同香型的产品且品牌数量与日俱增，竞争加剧可能会降低公司市场份额及盈利能力，对经营业绩造成负面影响。　　由于品牌效应不强、消费者认可度不高，这几年珍酒李渡加大了营销投入。财报显示，于2020年、2021年及2022年，珍酒李渡销售及经销开支分别为4.03亿元、10.21亿元及13.42亿元，分别占公司总收入的16.8%、20.0%及22.9%。　　同期，广告开支分别为2.42亿、6.69亿以及6.66亿，三年时间，广告合计砸了15.77亿元。　　目前，珍酒李渡严重依赖经销商，其经销商营收占比高达88.8%，在经销商积极性不高的情况下，珍酒李渡动销不足问题日益严重。此前有报道提出，珍酒李渡销售端存在困难，且销售渠道存在的价格倒挂等问题，进一步加重了经销商库存压力，降低了销售积极性。　　公开招股书透露，珍酒李渡主要提供酱香型为主的白酒产品，产品主要针对次高端及以上级别的白酒市场，公司亦生产及销售兼香型、浓香型白酒。并在中国经营四个主要的白酒品牌，包括旗舰品牌珍酒、蓬勃发展的品牌李渡，以及两个地区领先品牌湘窖、开口笑。　　弗若斯特沙利文报告指出，中国酱香型白酒占中国整个白酒行业利润超过45%，2021年的销售利润为人民币780亿元。近年来，由于酱香型白酒产品质量较高，香味层次丰富，因此大受欢迎，酱香型白酒的市场份额亦在的带动下有所增长，酱香型白酒自2018年起成为按市场规模计第二大香型。酱香型白酒的市场规模自2017年的1056亿元增加至2021年的1900亿元，复合年增长率15.8%，2026年酱香型将超过浓香型成为最大的白酒香型，次高端及高端白酒产品的市场规模预期达到3719亿元，2022年至2026年复合年增长率为12.3%。　　根据弗若斯特沙利文的报告，按2021年收入计，珍酒李渡为中国第四大民营白酒公司，亦是中国白酒行业中提供三种香型白酒的第三大公司。按2021年收入计，珍酒李渡在中国所有白酒公司中排名第14位，市场份额为0.8%。　　责编：万健祎　　校对：高源责任编辑：王其霖
['众安在线被罚！'],来源 中国基金报记者 马嘉昕　　近日，湖北银保监局公布一则处罚决定书，经查，众安在线财产保险股份有限公司（以下简称“众安在线”）存在第三方平台宣传销售页面欺骗投保人行为，被给予顶格处罚30万！　　具体详情如下——　　　　湖北银保监局指出，该局依据相关法律法规，对众安在线涉嫌违法一案进行了立案调查、审理，并依法向当事人告知了作出行政处罚的事实、理由、依据以及当事人依法享有的权利。　　同时，在法定陈述申辩期内，当事人未提出陈述申辩意见，本案现已审理终结。　　处罚决定书显示，经查，2019年12月至2021年12月，众安在线通过第三方网络平台销售“无忧保综合意外险”的宣传销售用语与事实不符。　　　　上述事实有事实确认书、产品销售宣传页面截图、产品销售页面、保险条款及费率、审批记录、履职情况说明等证据证明。　　　　湖北银保监局称，上述行为违反《中华人民共和国保险法》第一百一十六条“保险公司及其工作人员在保险业务活动中不得有下列行为：一、欺骗投保人、被保险人或者受益人”的规定。　　同时，根据上述法律规定行为之一的，由保险监督管理机构责令改正，处五万元以上三十万元以下的罚款；情节严重，限制其业务范围、责令停止接受新业务或者吊销业务许可证”的规定要求，因此，对众安在线给予30万元罚款处罚。　　从处罚金额来看，众安在线已经触及达到了顶格处罚金额。湖北银保监局指出，2021年7月19日，众安在线因“第三方平台宣传销售页面欺骗投保人”问题，受到过中国银保监会行政处罚（银保监罚决字〔2021〕33号），而本次违规行为发生在受到行政处罚后的两年内。　　此外，根据《保险法》第一百七十一条“保险公司、保险资产管理公司、保险专业代理机构、保险经纪人违反本法规定的，保险监督管理机构除分别依照本法第一百六十条至第一百七十条的规定对该单位给予处罚外，对其直接负责的主管人员和其他直接责任人员给予警告，并处一万元以上十万元以下的罚款”的规定。　　湖北银保监局还对上述违法问题责任人李圈给予警告并处10万元罚款的行政处罚，对责任人马艳给予警告并处10万元罚款的行政处罚。　　　　据悉，在3月21日，众安在线发布了2022年度业绩报告。2022年，众安在线实现总保费收入236.51亿元，同比增长16.1%；综合成本率由2021年的99.6%降至98.5%，同比下降1.1个百分点；实现归母净利润-13.56亿元。　　对此，众安在线在年报中解释，去年，归母净利润亏损主要归因于资本市场表现疲软，加之自2022年1月1日起采用香港财务报告准则第9号“金融工具”以替代香港会计准则第39号“金融工具：确认和计量”，投资收益大幅减少，以及该公司以美元计价的债券产生汇兑损失。　　从投资端来看，2022年，众安在线的总投资收益从2021年的20.80亿元减少至总投资亏损3.77亿元。换言之，2022年，众安在线的保险部分的总投资收益下滑了24.57亿元。　　其中，13.16亿元因采用香港财务报告准则第9号导致。此外，美元兑人民币汇率上升导致公司发行的以美元计价的应付债券产生汇兑损失约5.56亿元。　　同时，2022年，众安在线的总投资收益率和净投资收益率分别为约-1.0%和约3.2%，而相比于2021年，上述两个数据分别为6.7%和2.5%。　　据悉，在去年股市整体表现不佳的情况下，众安在线加大了股票投资的比例，从2021年底的1.8%提升至2022年年末的3.6%。　　对此，众安在线表示，“公司重视长期稳健收益资产的配置与短期资本市场交易机会的平衡，严控权益类资产规模，适时调整二级市场权益类资产占比。”　　公开资料显示，众安在线是由蚂蚁金服、和腾讯于2013年联合发起设立，是中国首家互联网保险公司，总部位于上海，于2017年9月28日在香港联交所主板上市。　　从港股表现来看，截止4月27日收盘，众安在线为24.35元/每股，今日小幅微涨1.46%。　　审核：许闻责任编辑：王其霖
