华工科技(000988)：Q1业绩预告大幅提高 受益下游需求增长,公司,东北证券股份有限公司,张世杰,2019-04-12,"事件：   
    公司发布2019 年第一季度业绩预告：预计归属于上市公司股东的净利润为0.88 亿元-1.00 亿元之间，同比增长44.86%-64.61%，主要受益于交易性金融资产公允价值变动收益较大，以及高附加值激光设备销售占比提升。此外公司之前发布了2018 年的业绩快报：实现营业收入52.33 亿元，同比增长16.79%；归母净利润2.84 亿元，同比减少12.51%，因受益下游需求增长，主要业务都保持良好增长，其中激光先进装备制造业务同比增长14.57%，光通信业务同比增长22.09%，激光全息防伪业务同比增长19.33%，传感器业务同比增长7.22%。   
    激光先进制造业务成果显著，预期进一步增长。公司激光先进装备制造业务2018 年同比增长14.57%，一是因为其3C 消费电子业务成功进入了华为、OPPO、VIVO、小米等厂商产业链；二是因为焊接事业部激光焊接+自动化取得订单；三是因为切割产品运营中心实现合同额同比增长90%以上；四是因为首条新能源动力电池自动化产线顺利交付。未来公司将进一步加大研发力度，整合各版块资源，实现产品线拓展，同时成立显示面板中心，引入韩国技术团队。   
    光通信业务受益产能快速提升。公司光通信业务2018 年同比增长22.09%，主要因客户份额提升，产能快速提升。未来，在有源光模块业务已加速推进100G 光模块、PON 产品和5G 前传的25G 系列情况下，公司这部分业务有望进一步扩大市场份额。无线网业务2018 年已完成5G光模块首单，未来有望随着5G建设速度的提升而进一步释放。去年成立的成都研发子公司已实现10G PON 量产，销售规模有望大幅提升。   
    维持“买入”评级。预计公司2018-2020 年EPS 分别为0.47、0.59、0.67 元，对应PE 分别为32.15、25.52、22.56 倍，维持“买入”评级。   
    风险提示：5G 建设进度不及预期。"
华工科技(000988)公司年报点评：收入逆势稳步增长 加强研发投入、高端产品不断突破,公司,海通证券股份有限公司,朱劲松/余伟民,2019-04-03,"事件：3 月29 日华工科技发布年报，2018 年公司营收52.3 亿元，同比增长16.8%；归母净利润2.84 亿元，同比减少12.5%。   
    业务全面增长，投入加大影响短期利润。2018 年华工科技各业务板块全面增长，激光加工业务收入17.8 亿元（同比+14.57%，毛利率38%，+5.1PCT）；光电器件业务收入21.7 亿元（同比+22.09%，毛利率8.62%，-2.7PCT）；激光全息防伪收入3.29 亿元（同比+19.33%，毛利率54.20%，+0.3PCT）；敏感元器件收入8.59 亿元（同比+ 7.22%，毛利率25.28%，-5.7PCT）。公司销售费用4.97 亿元（同比+47%），研发投入2.98 亿元（同比+42%），我们认为销售和研发投入的加大虽短期影响公司的利润，但夯实了长期发展基础。   
    激光高端产品不断突破，逐步进入收获期。子公司华工激光工程收入11.54亿元（基本持平）；华日精密激光收入1.51 亿元（同比+40%）。18 年公司在激光三维加工、高功率激光焊接头等领域攻克多项关键技术，推出全新Marvel 万瓦切割平台。新能源汽车市场白车身激光焊接装备及产线销售同比增长63%；国内3C 消费电子类业务销售规模实现50%的增幅；激光切割产品运营中心实现合同额增长90%以上。   
    抢占5G 先机，光通信加速发力。子公司华工正源收入17.9 亿元（同比+22%），净利润0.88 亿元（同比+76%）。18 年公司首个5G 光模块订单成功交付，成为国内首家获得华为5G 光模块订单的企业，荣膺华为技术2018 年全球金牌供应商。发起设立的云岭光电实现10G 光芯片量产，25G 芯片完成优化设计。   
    激光防伪技术领先，传感器客户再突破。子公司华工图像收入3.4 亿元（同比+23%），净利润1.1 亿元（同比+56%）；激光防伪技术国内首创全息定位水转印花纸，抢占国内名酒市场先机。华工高理收入8.6 亿元（同比+13%），汽车电子业务18 年在汽车市场再获得七家主机厂、四家汽配厂供应商资格，其中新能源汽车客户占比80%以上，业务同比增长达217%。   
    盈利预测与投资建议。我们预计公司2019-2021年收入分别为64.08亿元、79.77亿元、100.32亿元，归属母公司股东净利润分别为4.15亿元、5.48亿元、7.04亿元，EPS为0.41元、0.55元、0.70元。参考公司历史估值及可比公司平均估值水平，给予公司2019年动态PE区间 35-44X，对应合理价值区间14.35-18.04元，“优于大市”评级。   
    主要风险因素。激光设备行业景气度低于预期、光器件价格竞争超预期。"
华工科技(000988)季报点评：三季度增速放缓 深耕激光加工业务,公司,长城证券股份有限公司,曲小溪/张如许/刘峰/王志杰,2018-11-05,"三季度单季增速放缓，销售费用上涨影响短期业绩：公司发布2018 年三季度报告，前三季度实现营业收入40.28 亿元，同比增长22.30%，实现归属于上市公司股东的净利润2.56 亿元，同比增长0.60%，实现毛利率24.0%比去年同期下降1.14%，净利率6.18%比去年同期减少1.59%。三季度单季，公司实现营业收入12.86 亿元，同比增长1.88%，实现净利润0.76 亿元，比上年同期下降3.77%。三季度，公司销售费用为3.43 亿元，同比增长56.95%，主要原因系公司为加强市场开拓、完善营销网络和优化销售队伍而增加了投入。研发费用为1.60 万元，同比增长30.24，主要原因系本期加大了研发投入。公司经营活动产生的现金流净额为-1.34 亿元，较上年同期-1.02 亿元下降30.88%，主要原因系销售规模增长，运营资金投入加大。   
    深耕激光精密加工领域，拓展智能制造转型：公司自2000 年上市以来，一直以激光技术及其应用为主业，秉承集中优势资源发展智能制造和物联科技两大业务方向，专注于能量激光和信息激光两大领域。上半年，公司实现营业收入27.42 亿元，其中光电器件系列产品、激光加工设备及系列成套设备、敏感元器件和激光全息防伪系列产品分别占比40.85%、35.45%、16.23%和5.01%。前三季度，公司光模块、高功率激光设备营收增幅均超过同行业企业；激光全息防伪业务收入大幅增长，在非烟类领域中实现突破。传感器业务中汽车电子产品收入增长27%。在3C 市场方面，公司以客户为中心开发定制专业自动化设备、工作站及自动化生产线。紧抓大客户战略，国内3C 大客户需求量持续增长，国际大客户订单与去年基本持平，大客户份额仍在提升。（1）上半年激光先进装备制造业务销售收入增长31.14%，销售费用增长70%，毛利率较上年同期增长 0.09%。   
    公司智能装备事业群进一步聚焦汽车制造领域，白车身激光焊接装备及产线在国内市场份额继续稳居行业领先水平，上半年销售同比增长 50%；自动化及焊接产线中标国际知名汽车公司，为全球第一条高端铝合金电池托盘项目；双联齿轮自动化焊接产线已成功在格特拉克、神龙等客户交付使用，齿轮焊接生产线订单同比增长 57%。上半年公司新品光纤激光切割机销售同比增长 69%；三维五轴激光切割机成功在凌云等客户得到推广应用；多台光纤激光切割机、全自动集成料库的激光切割生产线已在格力等公司成功交付。上半年高功率激光设备销售增长50%，净利润增长超过100%。公司精密激光系统事业群聚焦激光精细加工领域继续深耕，同时大力拓展智能制造转型。精密激光系统事业群实现在 3C 消费电子行业、电气家电行业、日用消费品行业、显示半导体、新能源为代表的全领域，销售规模同比增长40%。在第十四届中国国际机床工具展览会上，全资子公司华工激光展示了MARVEL 系列万瓦级切割平台12000W 多模组连续光纤激光器。并于10 月28 日正式在武汉举行发售会，第X 代激光切割机MARVEL“W”系列的正式发售，在使用国产核心光源的同时，切割头亦为自主研发，其上市标志着我国高端激光装备的核心光源全面进入万瓦时代。（2）在光通信业务方面，公司抓住5G、数据中心、物联网建设风口，启动全球化网络营销布局，上半年总体销售收入较上年同期增幅达50%，其中数据中心业务增幅达130%以上，传送网业务增幅约20%。   
    （3）在光模块业务方面，公司在9 月推出400G SR8 光模块，这款面向2020 年商用的高速光模块，解决了在信号完整性、COB 关键工艺、散热及可靠性等诸多设计难点，目前已确认将于2019 年一季度向国内外知名客户提供正式样品测试，成为国内率先进入主流运营商体系的企业。随着5G 时代的到来，基站密度较4G 时代增加了1.5-2 倍，相应光模块的数量也将增长2 倍以上。今年9 月，公司已成为第一批获得5G 光模块订单的企业。公司数据中心业务增幅达130%以上，传送网业务增幅约20%，光模块产品速率全面向25G/40G/100G 转型。（4）在激光全息防伪与材料业务方面，伴随烟草行业开放和产品结构升级，公司新技术新产品领先优势进一步释放，中烟业务销售收入同比增幅 44%；新产品贡献率 39.4%。   
    在非烟领域，全息水转印定位产品在洋河天之蓝、口子窖等品牌酒类客户上实现应用突破，有望在其它名酒上得到推广使用。公司持续加大研发投入，两大战略产品全息定位转移纸、全息水转印花纸推向市场，率先开发出大幅面微缩加密技术，猫眼透镜、水晶浮雕、铂金浮雕等全新的防伪效果带来可观的市场空间。（5）在传感器业务方面，公司在进一步巩固白色家电优势地位的同时，深耕细作小家电市场，在厨用电器高温传感器和燃气灶防干烧温度传感器领域抢占市场先机。公司在国内率先进入新能源汽车热管理领域，覆盖60%以上的新能源汽车产品。上半年，新能源汽车业务同比增幅达到175%。公司重点开发全球开利、三电及伊莱克斯等新项目，国际市场销售同比增长超过100%。（6）在智能终端业务方面，公司基于ONT 产品全球领先的批量交付能力，公司已经成为智能终端产品全球出货量前三的企业，2018 年半年度收入较同期增幅100%以上。但受上游电阻电容、存储芯片等原材料价格持续大幅上涨，产品毛利空间被严重挤压。截至今年三季度，上游原材料涨价已经稳定，未造成新的压力，公司主要客户也提供了部分关键材料的供给，同时通过公司内部不断推进精益生产的管理方式，三季度智能终端业务效益已有较大改善。   
    变更募投项目，优化业务结构：原募投项目“智能终端产业基地项目”使用募集资金1.2 亿元扩充产能，从2016 年815 万台提升到2018 年上半年902 万台，销售收入从2016 年3.7 亿元增长到2018 年上半年5.63 亿元。   
    目前项目产能已达到规划要求，因没有达成利润目标，公司决定终止项目投入，并将剩余募集资金4.6 亿元变更用于“应用于5G 和数据中心光模块的研发及扩产项目”，重点开发5G 光模块、数据中心的新产品。本项目建设将助力于公司快速配套5G 和数据中心光模块研发生产等设备，提升公司的竞争优势和高端产品的供货能力，提升盈利水平。   
    挂牌出售华工创业股权，改善现金流：根据公司8 月24 日公告，公司审议通过了《关于出售华工创业投资有限责任公司股权的议案》。华工创业属于公司的联营公司，主营创业投资、投资咨询和管理服务业务。华中科技（母公司大股东）和华工科技（母公司全资子公司）分别持股34.22%和32.50%。本次出售的是华工科技持股的32.50%股权。公司同意将全资子公司武汉华工科技所持有华工创业的32.5%的股权以公开挂牌方式出售，挂牌底价为3.548 亿元，最终交易价格和交易对手将根据竞价结果确定。报告期内，该事项目前正在积极推进中。本次出售股权事宜，将有利于公司改善现金流。   
    投资建议：我们预测2018-2020 年公司的EPS 分别为0.35 元、0.46 元和0.61 元，对应PE 分别为33 倍、25 倍和19 倍。首次覆盖，给与“推荐”评级。   
    风险提示：贸易争端风险；行业竞争加剧；汇率波动。"
华工科技(000988)季报点评：加大投入抢占高功率激光/5G先机 需求向上发展可期,公司,海通证券股份有限公司,朱劲松/余伟民,2018-11-02,"投资要点：   
    事件：10 月30 日华工科技发布三季报，报告期内公司营业收入40.28 亿元（+22.30%），归母净利润2.56 亿元（+0.60%），扣非归母净利润2.07 亿元（+6.64%）。   
    单季度收入增速放缓，毛利率稳步提升。受整体行业宏观经济影响，公司单3 季度收入为12.86 亿元（+1.88%），归母净利润0.76 亿元（-3.77%），扣非归母净利润0.65 亿元（+24.34%），收入增速相对上半年有所放缓。前三季度毛利率为24.00%，单三季度毛利率为24.45%，环比有所提升。   
    销售费用增速放缓，销售成果逐步体现。上半年公司为加强市场开拓，完善营销网络整体销售费为2.31 亿元（+74.65%），其中激光设备销售费用1.82亿元，相对17 年上半年的0.91 亿元的销售费用大幅增长。前三季度公司销售费用3.43 亿元（+56.95%），单季度销售费用1.12 亿元（+29.88%）。在大力投入背景下，公司的销售成果正逐步显现，截止8 月份华工科技海外业务目前已经覆盖30 多个国家和地区，海外营收同比增长翻倍；9 月公司完成验收今年以来智能装备业务最大海外订单--越南福特白车身焊接生产线。   
    研发持续投入，高功率激光设备/5G 光模块抢占先机。前三季度公司研发费用1.60 亿元（+30.24%），单三季度研发费用6934 万元（+67%）。加大投入背景下，9 月份华工正源也获得国内首个5G 光模块订单；10 月28 日，华工激光发售第X 代激光切割机MARVEL“W”系列，全新一代激光切割机MARVEL 12000W 使用国产核心光源，其上市标志着我国高端激光装备的核心光源全面进入万瓦时代。伴随着5G 建设的到来和激光设备需求的逐步回升，我们认为公司的研发优势有望进一步显现，并逐步进入收获期。   
    盈利预测与投资建议。我们预计华工科技2018-2020年收入分别为59.81亿元、78.82亿元、101.24亿元，归属母公司股东净利润分别为4.01亿元、5.57亿元、7.56亿元，EPS为0.40元、0.55元、0.75元。参考公司历史估值及可比公司平均估值水平，给予公司2018年动态PE区间 35-45X，对应合理价值区间14.00-18.00元。   
    主要风险因素。激光设备行业景气度低于预期、光器件价格竞争超预期。"
华工科技(000988)中报点评：收入快速增长 销售优化蓄势新突破,公司,海通证券股份有限公司,朱劲松/余伟民,2018-09-03,"事件：8 月31 日公司发布2018 年半年度报告，报告期内公司营收为27.42 亿元，同比增长35.00%；归母净利润为1.81 亿元，同比增长2.55%；扣非归母净利润1.42 亿元，同比增长0.17%。   
    各业务稳步增长，费用率上升影响短期业绩。上半年公司收入快速增长，整体毛利率23.78%（同比-2.61PCT），净利率6.47%（同比-2.36PCT）。销售费用2.31 亿元（同比+74.65%），管理费用2.04 亿元（同比+17.82%）。分产品来看激光加工业务收入9.72 亿元（同比+31.14%），毛利率35.25%（同比+0.09PCT）；激光全息防伪收入1.37 亿元（同比+39.58%），毛利率66.58%（同比+3.24PCT）；光电器件收入11.20 亿元（同比+50.83%），毛利率6.64%（同比-5.35PCT）；敏感元器件收入4.45 亿元（同比+11.27%），毛利率27.49%（同比-1.77PCT）。   
    销售费用大增蓄势，激光业务更值期待。上半年公司为加强市场开拓，完善营销网络整体销售费用大幅增加，其中激光设备销售费用1.82 亿元，相对17年上半年的0.91 亿元的销售费用大幅增长。上半年公司高功率激光设备销售增长50%，净利润增长超过100%，其中激光装备领域公司白车身焊接等销售同比增长50%；齿轮焊接订单同比增长57%；新品光纤切割机销售同比增长69%。精密激光事业部也实现大客户战略突破、激光先进装备制造业务销售收入增长31.14%。伴随营销网络完善，公司激光业务发展更值得期待。   
    光通信收入利润大增，数通产品成新亮点。2018 年上半年公司光通信业务收入增幅达50%，其中数据中心业务增幅达130%以上、传送网业务增幅约为20%、智能终端等产品增幅超过100%以上。子公司华工正源实现收入9.48亿元，净利润0.38 亿元。公司光模块产品结构正全面向25G/40G/50G/100G转型，我们认为伴随公司数通业务的高速增长和产品结构优化，利润也有望加速释放。   
    盈利预测与投资建议。我们预计华工科技2018-2020年收入分别为59.81亿元、78.82亿元、101.24亿元，归属母公司股东净利润分别为4.60亿元、6.13亿元、8.00亿元，EPS为0.46元、0.61元、0.80元。参考公司历史估值及可比公司平均估值水平，给予公司2018年动态PE区间 35-45X，对应合理价值区间16.10-20.70元，“优于大市”评级。   
    主要风险因素。激光设备行业景气度低于预期、光器件价格竞争超预期。"
华工科技(000988)半年报点评：H1收入维持较快增长 高功率激光设备增长50%,公司,诚通证券股份有限公司,郭泰/何宇超,2018-09-03,"H1 收入维持较快增长，变更募投项目或提升光器件盈利能力   
    H1 收入增长35%，销售费用阶段性增长和原材料价格上涨使得营业利润增长仅26%，变更募投项目提升光器件盈利能力。我们预计，2018-2020年公司归母净利润依次为4.45、6.05 和8.31 亿元；维持“推荐”评级。   
    激光加工设备和光器件持续增长拉动公司H1 营收增长35%   
    2018H1 公司营收27.42 亿元（+35%）；受益于新领域突破和新产品放量、激光加工设备收入9.72 亿元（+31%），5G、数据中心和物联网建设拉动光器件业务收入11.9 亿元（+50.8%），中烟增长44%和洋河、口子窖等非烟大客户突破拉动激光防伪收入增长39.6%，传感器业务收入4.45 亿元（+11.3%）。   
    H1 高功率激光设备增长50%、精密激光系统收入增长40%   
    2018H1 公司中标国际知名车企全球第一条高端铝合金电池托盘自动化及焊接生产线，自主研发的国内首条新能源汽车全铝车身焊装生产线量产上市，光纤激光切割机销售增长69%、成功交付格力等客户，高功率激光设备销售增长50%。H1 精密激光系统事业群在3C 消费电子、PCB/FPC、脆性材料、新能源等行业销售增长40%。   
    原材料涨价和销售费用阶段性大增导致营业利润仅增长26%   
    H1 电阻电容和存储芯片等涨价使光器件业务毛利率下降至6.6%，导致公司整体毛利率下降2.6 个百分点至23.8%。2018H1 公司销售费用2.31 亿元（+75%），其中激光业务销售费用1.81 亿元（+100%），因沧州、宿迁、宝鸡、成都等激光加工中心投入运营和销售人工费用阶段性增加所致。H1 原材料涨价和激光加工设备业务销售费用增长使得营业利润2.2 亿元（+26.5%）。   
    变更募集资金投向5G 和数据中心光模块提升光器件盈利能力   
    公司终止智能终端产业项目，拟将剩余4.63 亿募集资金变更用于5G 和数据中心光模块项目，预计2019 年8 月达产，或新增收入9.2 亿元、净利润1 亿元。我们预计，该项目投产将优化光器件业务结构、并提升盈利能力。   
    风险提示：价格竞争激烈的风险；募投项目进展不达预期的风险"
华工科技(000988)深度报告：引领国内“激光”技术突破 管理变革注入长期发展动力,公司,海通证券股份有限公司,沈伟杰/朱劲松/余伟民,2018-06-27,"投资要点：   
    激光技术应用行业龙头，技术实力突出发展提速。华工科技是中国激光技术和应用的领军企业，作为中国资本市场最早以激光为主业的上市公司，以“激光技术及其应用”为主要业务。依托于校办企业技术优势，公司拥有6 大国家研发平台，激光加工和光通信器件等科研实力国内领先。全面的技术布局，渐入佳境的业务协同，伴随激光加工需求和光通信需求的不断提升，公司发展正步入新阶段。   
    3C 等制造产业领域升级，激光加工设备需求加速向上。全球范围来看，激光应用范围正不断扩大，精密制造产业逐步向中国转移并加速升级，激光设备需求旺盛。与此同时，国内激光技术不断突破，锐科激光、大族激光、华工科技等公司从上游核心器件到下游设备集成全球竞争力快速提升。在市场需求提升、国产技术突破、成本逐步降低背景下，国内激光加工设备需求正呈现出蓬勃发展态势。华工科技积极把握行业机遇，秉承“为制造的更高荣耀”为企业使命，激光设备业务正加速发展。   
    流量爆发、光模块产业快速增长，芯片期待突破注入新动能。光通信领域，伴随流量的快速增长，高速光模块需求也不断提升。目前国内运营商正积极推进光网络建设，国内阿里等互联网公司数据中心光模块需求也步入快速增长阶段，行业迎来新的发展机遇。与此同时，目前我国低端光模块和芯片国产化比例仍然较低。华工科技作为国内领先的光器件公司，自有高速光芯片正逐步实现量产，后续发展更值得期待。   
    管理变革+激励完善，经营改善活力进一步提升。作为校办企业，近年来不断加强人才队伍建设和员工激励，2017 年进一步提出以赋能为导向，推进管理变革。与此同时，华工科技与行业专家积极合作，引入高端人才、通过合资公司创业团队占股等多种方式提升公司各条线竞争力。在良好激励机制下，经营活力正快速提升，公司业务持续获得突破。   
    给予“优于大市”评级。我们预计华工科技2018-2020 年收入分别为59.81亿元、78.82 亿元、101.24 亿元，归属母公司股东净利润分别为4.60 亿元、6.13 亿元、8.00 亿元，EPS 为0.46 元、0.61 元、0.80 元。参考公司历史估值及可比公司平均估值水平，给予公司2018 年动态PE 区间 35-45X，对应合理价值区间16.10-20.70 元。   
    风险提示。激光设备行业景气度低于预期、光器件价格竞争超预期。"
华工科技(000988)年报点评：顺应行业发展趋势 助力智能制造产业升级,公司,西部证券股份有限公司,王艳茹,2018-04-20,"核心结论   
    事件：公司2017年实现营业收入44.81亿元，同比增长35.21%；归母净利润3.24亿元，同比增长41.06%；扣非净利润2.15亿元，同比增长46.61%，预计每10股派现0.3元（含税）。   
    激光业务需求稳增。公司继续巩固在传统汽车车身激光焊接领域的领先地位，自主研发的国内首条新能源汽车全铝车身焊装生产线量产上市，抓住OLED行业产能转移的机遇，开发了全面屏的全自动切割设备。同时，积极融入新能源产业链，布局新能源市场，推出电芯盖板自动封口线、极柱软连接自动焊接系统等解决方案。公司激光材料加工业务毛利率提升至32.97%。   
    传感器及光通信业务态势良好。传感器领域，公司在保持大白电优势地位的同时，拓展了小家电应用领域及客户。在新能源应用方面，公司重点发展PTC加热器、PM2.5传感器等产品，其中17年开发的水加热器预计今年将批量应用于国内外多家知名车企；光通信领域，公司紧抓5G网络、数据中心和物联网的建设契机，进军数通产品市场，并实现批量销售。在智能终端业务上，公司凭借雄厚的技术和批量制造能力，17年ONT产品交付量稳居全球前三。   
    重要事项进展。① 公司预计今年启动建设质子放疗装备研发和产业化基地、武汉协和质子重离子诊疗中心，形成集质子放疗装备生产、质子诊疗及服务为一体的产业链，塑造新的业务增长点。② 公司于17年末完成18亿定增，资金用于激光精密加工项目、物联网新型传感器项目及智能终端产业基地等项目，将全面提升公司核心竞争力及可持续发展能力。   
    风险提示：1）激光加工景气不及预期； 2）传感器景气不及预期； 3）募投项目进展不及预期。"
华工科技(000988)公司快报：三季报业绩符合预期 维持买入评级,公司,华金证券股份有限公司,张仲杰,2017-11-09,"投资要点   
    三季报业绩符合预期：2017 年1-9 月份华工科技实现营业收入32.93 亿元，同比增长34.38%，其中激光加工和敏感元器件业务板块收入增长起到推动作用。归属母公司净利润2.55 亿元，同比增长52.06%，公司业绩增速我们的符合预期。   
    营收与净利同步增长态势良好：2017 年第一、二、三季度公司主营业务收入分别增长20.48%、26.06%、56.43%，第三季度营收增幅明显加大，与此同时前三个季度归母净利润分别增长22.33%、67.45%、56.45%，第三季度公司营业收入和净利润增速趋于同步，我们认为公司业绩增长态势和质量良好。   
    定增项目已获核准前景看好：2017 年9 月14 日公司收到证监会批复，核准公司非公开发行1.2 亿股，公司本次募集资金总额为18.07 亿元，将用于投资激光精密微纳加工智能装备产业化项目；基于激光机器人系统的智能工厂建设项目；物联网用新型传感器产业化项目；智能终端产业基地项目。我们认为这些项目技术含量高、市场需求大，项目实施将对公司未来的业绩增长构成有力的支撑。   
    医疗设备有望成为新的增长点：公司牵头承担的国家重点研发计划专项“基于超导回旋加速器的质子放疗装备研发”项目获批武汉市、东西湖区两级财政配套2 亿元项目研发经费，本报告期内收到其中 1.1858 亿元。公司将于年内在东西湖区启动建设质子放疗装备研发和产业化基地、武汉协和质子重离子诊疗中心，形成集质子放疗装备生产、质子诊疗及服务为一体的产业链，在武汉建设“医都”的大背景下，有望形成华工科技新的业务增长点。   
    维持“买入-A”的投资评级：我们预测2017-2019 年每股收益分别为0.4、0.54、0.7 元，11 月4 日华工科技收盘价为17.85 元，公司后续增长潜力依旧强劲。我们维持先前22.68 元的目标价，维持“买入-A”的投资评级。   
    风险提示：行业竞争激烈可能导致毛利率下降，海外业务拓展面临较多风险，项目实施前景有不确定性，以及其他不确定因素可能导致业绩低于预期。"
华工科技(000988)三季报点评：大客户战略推进 迈入历史性拐点,公司,东北证券股份有限公司,王建伟/许亮,2017-11-06,"事件：   
    公司发布2017 年三季报，报告期内实现营业收入32.9 亿元，实现归母净利润2.55 亿元，分别同比增长34.4%和52.1%。公司实现扣非后归母净利润1.94 亿元，同比增长72.8%。公司业绩增长主要来自于激光设备业务和敏感器件业务的持续高速增长。   
    点评：   
    大客户战略持续推进，订单放量提升行业竞争地位。从2016 年开始华工科技持续推进大客户战略，2017 年大客户订单实现历史性放量，推动公司业绩进入快速发展通道。2017 年华工科技在大客户订单的突破性放量一方面来自于下游旺盛需求的带来的激光设备供不应求，同时也得益于公司与大客户长达4 年以来良好合作关系。我们坚定看好华工科技未来在大客户的订单持续放量和份额提升，这对于奠定华工科技未来在中小功率激光设备行业的优势竞争地位有着长期意义。   
    大功率激光业务攻守兼备，尽享行业景气红利。华工科技大功率激光是唯一能够实现整车线设备国产替代的企业，并且在2017 年已经在国内新建汽车生产线占据了50%以上的市场份额，有效实现了国产替代。   
    同时得益于下游汽车零部件加工市场的旺盛需求，公司在持续性积极扩产。我们认为，华工科技大功率激光一方面牢牢稳守整车线国产替代市场龙头地位，同时持续扩产扩大零部件加工订单，是能够充分享受行业性景气的核心企业。   
    给予“买入”评级。我们认为随着华工科技大户战略的持续性推进，公司在行业内的竞争地位将会大幅提升，公司业绩将进入长期的高速成长性通道。我们预计公司17/18/19 年实现归母净利润3.94/6.29/8.55亿元，对应市盈率38.3/24.0/17.6 倍。给予“买入”评级。   
    风险提示：大客户订单不及预期，行业竞争加剧。"
华工科技(000988)三季报点评：业绩持续兑现 激光+传感器趋势确定,公司,天风证券股份有限公司,农冰立/霍甲,2017-11-03,"公告：   
    公司发布三季度报，前三季度营收32.93 亿元，同比增34.38%，归母净利润2.55 亿元，同比增52.06%。归母净利润在此前预告45.03%-55.17%的区间上限。三季度单季营收12.6 亿元，同比增56.43%，归母净利润7880 万元，同比增56.45%。激光加工和敏感元器件业务板块收入持续增长。   
    大客户激光订单持续向好，光制造时代已来   
    随着激光器和激光加工设备成本下降，智能制造产业格局被打破，我们看到在主要的大型制造产业，如汽车、电子、机械、航空、钢铁等行业中基本完成了用激光加工工艺对传统工艺的更新换代，全球逐步进入“光制造”   
    时代。华工科技背靠光谷、华科、激光技术国家重点实验室，多个院士自主研发激光器，掌握了核心技术。在激光技术应用方面，公司通过自主研发在光纤激光器、紫外激光器、皮秒激光器、半导体激光器等产品全面突破。公司小功率产品借助锐科和华日的自主激光器，在大客户中份额持续提升，同时在微软、华为、OPPO 等重要客户取得快速增长。   
    汽车电子引领传感器向多品类延伸   
    中国在全球新能源产业变局中逐步迎来了弯道超车的关键时间节点。公司具有年产传感器 10 亿支的能力，占据全球温度传感器 70%以上市场份额。作为全球领先的温度传感器供应商和多功能传感器方案提供商，产品聚焦智能家居和智能汽车应用领域，提供温度、湿度、光、空气等多维感知和一体化控制解决方案。无论未来人工智能、大数据、物联网等应用如何发展，强大的数据感知需求将随之增长。   
    质子放疗装备项目启动，为打破国外垄断助力   
    公司牵头承担的国家重点研发计划专项“基于超导回旋加速器的质子放疗装备研发”项目获批，项目总投资5.97 亿元。武汉市、东西湖区两级财政配套2 亿元项目研发经费，本报告期内收到其中1.1858 亿元。主要目标是通过5 年时间研制出基于250MeV 超导回旋加速器的质子放疗系统，实现精准治疗，最终打破国外垄断，并逐步实现质子放疗装备国产化。   
    投资建议：   
    我们预计公司17-19 年归母净利润3.49/5.17/6.93 亿元，受益激光装备和传感器等的快速提升，未来公司有望持续40%以上的高速增长，考虑公司拥有激光器核心技术，未来高速成长性及与其他激光装备公司的市值比，目标价20 元，给予买入评级。   
    风险提示：激光行业发展不达预期，传感器应用需求不达预期。"
华工科技(000988)三季报点评：立足激光业务 高成长有望延续,公司,国海证券股份有限公司,王凌涛,2017-11-03,"事件：   
    华工科技30 日晚发布三季报：公司前三季度实现营业收入32.93 亿元，同比增长34.38%，归属于上市公司股东的净利润2.55 亿元，同比增长52.06%，归属于上市公司股东的扣除非经常性损益的净利润1.94 亿元，同比增长72.77%。   
    投资要点：   
    三季度业绩符合预期，激光及传感器业务高成长 公司三季度实现单季营收12.62 亿元，同比增长56.43%，基本符合我们之前报告的预期。公司今年业绩成长主要来自两个方面：1. 激光加工设备占大客户份额快速提升，以及激光加工在消费电子、汽车等领域的应用不断深化；2. 受益于今年新能源汽车和家电市场高景气，公司传感器在汽车电子及家电领域需求旺盛，带动公司整体业绩高速成长。   
    激光加工市场蓬勃发展，高成长可持续 中小功率激光领域，智能手机全面屏、OLED 显示、无线充电等创新带动激光精密加工需求倍增，A 客户新机型X 第一周预售即超市场预期，国产厂商阵营有望迅速跟进类似的设计结构，带动产业链对激光加工设备的需求大幅增长。   
    公司下游客户覆盖面不断拓宽，同时明年占大客户份额有望继续提升；大功率领域，汽车轻量化发展及航空、船舶、家电等领域产线智能化对激光加工需求也呈现高速增长趋势，公司具备国内领先的全自动化激光加工生产线的提供能力，未来有望持续切入新的一线客户。   
    行业的高速发展叠加公司自身在激光加工领域的技术的不断进步，未来两年公司在激光加工设备领域的高成长将是十分明确和可持续的。   
    汽车智能化趋势带动车用传感器市场加速发展 在汽车智能化发展趋势下，汽车传感器作为汽车的“感知器官”，在车身上的应用将不断深化，车用传感器的种类和单价均有望大幅提升，微型化、多功能化和智能化传感器将逐步成为汽车传感器的主流。华工科技作为最早一批切入车用传感器领域的公司，掌握从芯片到器件的核心技术，目前公司研制的汽车传感器种类已达30 多种，并已成功进入特斯拉、上汽等一线车厂供应链。未来随着新能源汽车和自动驾驶技术的快速渗透，车用传感器将有望成为公司新的业务增长极。   
    盈利预测和投资评级：维持买入评级 公司以激光智能制造为出发点和立足点，五大板块业务协同发展，是市场上少有的制造平台型公司，未来两年激光加工设备和传感器业务的业绩弹性明确。暂不考虑本次定增对公司业绩和股本的影响，预计公司17-19 年净利润3.70 亿、5.62 亿、7.70 亿元，对应每股EPS 0.42、0.63、0.86 元，对应PE为40、27、20 倍，维持买入评级。   
    风险提示：1）激光加工设备行业景气度不及预期；2）车用传感器成长不及预期；3）非公开发行进度不及预期；4）募投项目进展不及预期。"
华工科技(000988)首次覆盖：立足高端制造 融入全球创新产业链,公司,西部证券股份有限公司,王艳茹,2017-10-19,"核心结论   
    激光加工需求大增。公司围绕激光技术应用，是全产业链的整合模式。在小功率激光方面，今年OLED 加工需求显著提升，叠加A 客户份额大幅提升，全面进入到整机组和部件组，订单规模大增；高功率激光方面，公司“白车身激光焊接” 技术，打破国外行业垄断，国内市场份额稳居第一。   
    传感器及光通信触及新领域。传感器方面，公司为全球最大的温度传感器供应商，是Tesla 核心供应商，同时发力小家电领域；光通信器件业务稳中有升，扩大PON 产品线开发实力，完善公司智能终端产品线。   
    募投项目将释放产能，公司前景广阔。2016 下半年，公司发布定增预案，计划募集18 亿元投向激光材料加工、传感器及光通信业务。目前，公司定增已于今年9 月获批。项目建成达产后，预计每年为公司增厚41.38 亿收入及3.92 亿净利润，带动盈利水平显著提升。   
    财务预测与投资建议。我们预测公司2017-2019 年EPS 分别为0.40、0.60、0.92 元，基于可比公司估值以及公司成长性，我们给予目标价21.69元，对应17/18/19 年估值分别为54/36/24 倍，首次给予买入评级。   
    风险提示：1）激光加工设备行业景气不及预期；2）传感器行业景气不及预"
华工科技(000988)：激光与汽车应用共振 业绩持续向好,公司,天风证券股份有限公司,农冰立/霍甲,2017-10-15,"公告   
    公司发布前三季度业绩预告，1-9 月归母净利润2.43 亿元至2.6 亿元，同比增45.03%-55.17%。其中，7-9 月归母净利润6700 万元至8400 万元，同比增33.03%-66.78%。报告期内，公司激光加工系列成套设备和敏感元器件销售收入同比有较大幅度增长。   
    激光产品成熟，行业需求持续增长   
    华工科技背靠光谷、华科、激光技术国家重点实验室，多个院士自主研发激光器，掌握了核心技术。在激光技术应用方面，公司通过自主研发在光纤激光器、紫外激光器、皮秒激光器、半导体激光器等产品全面突破。公司的皮秒激光器打破光源及激光器长期被发达国家垄断的现象。公司小功率产品借助锐科和华日的自主激光器，在A 客户中份额稳健提升，同时在微软、华为、OPPO 等重要客户取得快速增长。激光加工设备日益成熟，无论技术还是成本均达到了逐步替代传统机械加工手段的时点，随着消费电子和汽车两大行业需求持续增加，大方向将持续受益。   
    汽车行业变局下持续催生传感器与激光加工需求   
    随着新能源车销量逐步回暖，中国在全球新能源产业变局中逐步迎来了弯道超车的关键时间节点。公司具有年产传感器 10 亿支的能力，占据全球温度传感器 70%以上市场份额。作为全球最大的温度传感器供应商和领先的多功能传感器方案提供商，产品聚焦智能家居和智能汽车应用领域，提供温度、湿度、光、空气等多维感知和一体化控制解决方案。凭借“汽车制造中的高品质高效率激光焊接、切割关键工艺及成套设备”打破国外企业垄断，其自动化产线已在上汽通用、东风神龙等品牌车企中应用。随着物联网和新能源汽车时代的到来，传感器需求迎来高速增长。   
    增发落地，顺应行业趋势加速发展   
    公司已经拿到增发批文，拟募集资金18 亿元用于投资激光精密微纳加工智能装备产业化项目、智能工厂建设项目，物联网用新型传感器产业化等项目。此次定增将推动核心技术向产业化的发展，为制造的更高荣耀。   
    投资建议：   
    我们预计公司17-19 年归母净利润3.64/5.42/7.32 亿元，受益激光装备和传感器等的快速提升，未来公司有望持续40%以上的高速增长，考虑公司拥有激光器核心技术，未来高速成长性及与其他激光装备公司的市值比，目标价20 元，给予买入评级。   
    风险提示：激光行业需求不达预期，传感器应用需求不及预期。"
华工科技(000988)公司快报：盈利能力提高加快业绩增长 上调业绩预测,公司,华金证券股份有限公司,张仲杰,2017-09-13,"投资要点   
　　事件： 2017 年中期华工科技实现营业收入20.31 亿元，同比增长23.56%；归属母公司净利润1.76 亿元，同比增长50.18%；公司净利润增速高于我们的预期，主要是综合毛利率水平同比提高1.96 个百分点。   
　　激光设备业务快速增长：2017 年上半年公司激光加工及系列成套设备收入7.41 亿元，同比增长25.59%，毛利率为35.16%，同比提高5.75 个百分点。其中，公司高功率激光装备在汽车行业的应用销售额同比提升68%，主要是公司利用自动化领域优势，更多的将智能化技术、信息化技术和自动化技术整合成生产线，成功开发了引领行业的动力电池焊接设备，全面进军汽车智能化焊装生产线，汽车板拼焊生产线、高功率智能激光切割机、全自动集成料库的激光切割生产线均有可喜进展。   
　　公司中小功率激光及自动化配套装备销售规模同比增长100%以上，主要在消费电子行业，公司凭借核心单元技术的优势，在国际大客户的份额大幅提升，订单规模同比增长200%以上。由此，公司旗下核心子公司激光公司销售规模增长24%的同时，净利润增长88%。该业务对公司业绩增长贡献最大。   
　　敏感元器件业务较快增长：2017 年上半年公司敏感元器件实现销售收入3.99 亿元，同比增长36.18%，毛利率29.26%，提高1.62 个百分点。公司在家电领域的技术领先优势和规模化优势进一步释放，传感器在家电市场销售同比增幅超过46%。在汽车领域，公司多款汽车传感器成功导入全球日产，日本市场成为最大海外市场，同比增幅超过40%；公司在国内市场份额进一步提升，新客户同比增幅超过370%。公司新能源汽车加热器占据国内市场60%以上份额，是特斯拉、比亚迪核心供应商，掌握全球领先的PWM 控制技术。公司新研发的PTC 水加热系统领先国内企业两代产品，再次打破国外垄断。国际化战略有效实施，导致公司传感器产品国际市场销售同比增长30%。   
　　光通信器件产业稳健增长：2017 年上半年实现销售收入7.42 亿元，同期增长20.95%，毛利率11.99%，保持稳定。尽管上半年各运营商投资力度均有所减缓，但公司在各主要客户处存量业务份额稳中有升；高速产品市场占有率提升4 个百分点；国际业务资源投入取得成效，国际大客户成功导入，国际市场销售同比增长48%。   
　　激光防伪产品表现相对平稳：2017 年上半年激光全息防伪系列产品实现销售收入0.98 亿元，同比增长2.24%，毛利率为63.34%，提高4.05 个百分点。激光全息防伪与材料产业在新市场开拓、新产品推广等方面成效明显，成功开发耐磨性防伪材料，在证卡上实现应用，并已形成批量销售；水转印生产线建成投产，完成三款全息水转印材料设计与开发。   
　　软件业务基本稳定：2017 年上半年计算机软件及信息系统集成业务营业收入2129万元，同比增长30.81%，毛利率12.97%，略降0.91 个百分点。该业务规模较小，规模变化不大。   
　　维持“买入-A”的投资评级，上调目标价至22.68 元：公司上半年综合毛利率水平为26.39%，同比提高1.96 个百分点，净利润增速高于收入，说明增长质量较好。国际业务销售收入同比增长43.88%，而国内收入增速为21.98%，可见海外市场开拓成效明显。综上所述，我们将2017-2019 年每股收益预测值分别上调11.11%、14.89%、18.64%至0.4、0.54、0.7 元，9 月12 日华工科技收盘价为17.01 元，按照2018 年42 倍PE，目标价为22.68 元，维持“买入-A”的投资评级。   
　　风险提示：行业竞争激烈可能导致毛利率下降，海外业务拓展面临较多风险，下半年可能国内投资增速放缓影响客户设备采购，其他不确定因素可能导致业绩低于预期。"
华工科技(000988)半年报点评：业务多点开花 成长性逐步显现,公司,海通证券股份有限公司,佘炜超/沈伟杰/耿耘/杨震,2017-08-25,"事件：2017 年8 月24 日，公司发布2017 年半年度报告，公司实现营业收入20.31 亿元，同比增长23.56%；归属母公司净利润1.76 亿元，同比增长50.18%。业绩增长原因主要是2017 年上半年公司激光加工系列成套设备和敏感元器件业务收入实现较大幅度增长。   
　　公司激光设备业务逐步放量。2017H1 公司激光设备业务实现销售收入7.41亿元，同比增长25.58%；毛利率为35.16%，同比增5.75 个百分点。公司全面进军汽车智能化焊装生产线，上半年实现高功率激光装备在汽车行业销售额同比提升68%。此外，公司顺应精密激光加工大趋势，为3C 行业提供焊接、脆性材料加工、打标、切割钻孔、划线等各类设备，实现订单规模同比增长200%以上，中小功率激光及自动化配套装备销售规模同比增长100%以上，大客户放量明显。我们认为公司的竞争力已有明显体现，未来有较大发展空间。   
　　传感器业务增幅明显，车用传感器前景广阔。2017H1 敏感元器件实现销售收入3.99 亿元，同比增36.53%；毛利率为29.26%，同比增1.62%。公司生产的传感器产品主要应用于家电和汽车行业。上半年，受益于家电智能升级带来的传感器需求增加，公司在家电市场销售同比增幅超过46%。汽车领域，公司上半年将汽车传感器成功导入全球日产，实现同比增幅超过40%；松芝、延峰汽车、空调国际等大客户同比增幅则超过370%。此外，公司在稳固现有客户的基础上不断拓展国际市场，2017H1 传感器产品国际市场销售同比增长30%。   
　　受益于国内OLED 产线建设，公司激光加工设备需求有望被引爆。随着电子行业对AMOLED 面板的需求与日俱增，国内厂商加大对OLED 产线建设投资。OLED 较LCD 工艺更复杂，且需要用到大量的激光加工技术。公司已布局面板修复和切割设备，并与京东方、天马、华星光电等面板厂商展开合作，与京东方共同申报的“第6 代柔性 AMOLED 生产线智能制造新模式应用”   
　　项目处于公示阶段。我们预计AMOLED 面板行业将是公司激光加工大展身手的舞台。   
　　盈利预测与估值。我们预测公司2017-2019 年的净利润分别为3.70/4.67/5.71亿元，EPS 分别为0.41/0.52/0.64 元。考虑到公司在激光技术应用领域竞争实力强，参考可比公司估值，我们给予公司2017 年43 倍PE，目标价为17.63元，维持“买入”评级。   
　　风险提示。市场开拓不及预期，激光行业景气度不及预期。"
华工科技(000988)：激光+传感器成主力 持续受益消费电子+物联网浪潮,公司,天风证券股份有限公司,农冰立/霍甲,2017-08-24,"公告：   
    公司2017 年上半年营收20.31 亿元，同比增23.56%，归母净利润1.76 亿元，同比增50.18%。审议通过了《关于购置土地建设质子放疗装备研发及产业化基地的议案》。以自有资金购置土地70 亩，用于建设质子刀项目研发及产业化基地，打造高端医疗装备及健康服务新业务。   
    启动业绩高增长通道，激光+传感器成主力   
    旗下核心子公司中，激光公司销售规模长24%的同时，净利润增长88%；高理公司（传感器）收入、净利润同比分别增长36%和 49%。公司这两个子板块对应原有的家电和汽车客户，在产品上进行了交叉复用，即给各个板块的客户提供从打标、焊接、切割等激光应用和各种传感器产品的全产业链解决方案。未来客户和产品复用逻辑下将持续保持高速增长。   
    把握激光技术核心，消费电子+汽车行业增长浪潮下持续受益   
    华工科技背靠光谷、华科、激光技术国家重点实验室，多个院士自主研发激光器，掌握了核心技术。公司小功率产品借助锐科和华日的自主激光器，在A 客户中份额稳健提升，同时在微软、华为、OPPO 等重要客户取得快速增长。凭借“汽车制造中的高品质高效率激光焊接、切割关键工艺及成套设备”打破国外企业垄断，其自动化产线已在上汽通用、东风神龙等品牌车企中应用。此外随着新能源汽车的发展，激光设备加工工艺将逐步替代传统加工工艺，市场空间巨大。产品在神龙、广汽本田、江铃福特、江淮、一汽红旗、东风柳汽、众泰汽车等众多品牌车企中应用，国内市场份额稳居行业第一。   
    传感器向多品类延伸，物联网带来持续增长   
    公司具有年产传感器 10 亿支的能力，占据全球温度传感器 70%以上市场份额。作为全球最大的温度传感器供应商和领先的多功能传感器方案提供商，产品聚焦智能家居和智能汽车应用领域，提供温度、湿度、光、空气等多维感知和一体化控制解决方案。随着物联网和新能源汽车时代的到来，传感器需求迎来高速增长。   
    坚持自主研发，激发更大潜能   
    在激光技术应用方面，公司通过自主研发在光纤激光器、紫外激光器、皮秒激光器、半导体激光器等产品全面突破。公司的皮秒激光器打破光源及激光器长期被发达国家垄断的现象。在面板方面，公司与京东方、天马、华星光电等面板厂商合作申报“第6 代柔性 AMOLED 生产线智能制造新模式应用”项目，目前已取得重大进展。在高端医疗业，华工科技牵头总投资5.97 亿元的国家重点研发计划专项“基于超导回旋加速器的质子放疗装备研发”项目，由此全面进军医疗大健康领域，将成为公司新的增长点。   
    投资建议：   
    我们预计公司17-19 年归母净利润3.64/5.42/7.32 亿元，受益激光装备和传感器等的快速提升，未来公司有望持续40%以上的高速增长，考虑公司拥有激光器核心技术，未来高速成长性及与其他激光装备公司的市值比，目标价20 元，给予买入评级。   
    风险提示：激光行业需求不达预期，传感器应用需求不及预期。"
华工科技(000988)深度研究：十八载砥砺前行 开创激光制造全新格局,公司,国海证券股份有限公司,王凌涛,2017-08-04,"投资要点：   
　　立足激光业务，打造高端装备制造平台。华工科技以“激光技术及其应用”为立足点，在能量激光、信息激光和传感器领域纵深发展，已具备行业领先优势。未来公司将继续集中优势资源发展“智能制造”和“物联科技”两大业务方向，产品广泛应用于机械制造、航空航天、汽车工业、钢铁冶金、船舶工业、通信网络、国防军工等重要领域，高端装备制造平台雏形已现。   
　　激光加工行业蓬勃发展，3C、面板、动力电池、汽车等下游领域需求旺盛。激光加工可用于切割、打标、雕刻和焊接等多种工业应用，替代传统加工方式优势明显。中小功率激光领域，华工激光已实现焊接、脆性材料、自动化、切割、打标等产品线全覆盖，解决方案覆盖众多行业应用领域，消费电子领域，公司大客户份额持续提升，OLED面板、动力锂电池、PCB 等子领域需求迎来爆发；大功率激光领域，随着汽车轻量化发展，激光加工在汽车行业的应用不断深化，公司整身激光焊接技术国内领先，未来几年激光加工设备行业将迎来快速发展的机遇期。   
　　家电传感器龙头，聚焦汽车电子新方向。华工高理是全球最大的敏感功能陶瓷器件产业基地，在高精度微型NTC 温度传感器、PTC 加热器制备方面拥有自主核心技术，家电温度传感器市占率70%以上，是传统家电传感器龙头。随着汽车行业智能化发展，新能源汽车快速崛起，公司积极布局车用传感器市场，为燃油汽车、新能源汽车提供系统解决方案，目前公司汽车传感器种类已达30 多种，成功进入特斯拉、比亚迪、上汽等一线车厂，车用传感器市场空间不可限量。   
　　布局光通信全产业链，构建高速网络世界。作为国内主流光模块供应商，华工正源依托强大的供应链管理及全球销售网络，实现了云-管-端全产业链布局。公司把握5G 时代高速网络的发展契机，积极布局10G PON 产品线，扩大数据中心业务，并不断完善智能终端产品线，光通信全产业链布局将提升公司竞争力再上一个平台。   
　　盈利预测和投资评级：维持买入评级。公司以激光智能制造为出发点和立足点，五大板块业务协同发展，是市场上少有的制造平台型公司。受益于工业自动化和物联网发展，公司已迎来快速发展的战略机遇期。暂不考虑本次定增对公司业绩和股本的影响，预计公司17-19年净利润3.70 亿、5.62 亿、7.70 亿元，对应每股EPS 0.42、0.63、0.86 元，对应PE 为36、24、17 倍，维持买入评级。   
　　风险提示：1）激光加工设备行业景气度不及预期；2）车用传感器成长不及预期；3）非公开发行进度不及预期；4）募投项目进展不及预期。"
华工科技(000988)深度研究：光技术时代的领跑者 为制造的更高荣耀,公司,天风证券股份有限公司,农冰立/霍甲/潘暕,2017-08-04,"立足激光核心技术,成本优化刺激智能手机和汽车行业需求升级   
    公司在核心激光器自主研发的背景下,背靠光谷、华科、激光技术国家重点实验室和多个院士,已经发展成中国最具实力的激光设备制造商之一,并参与多项国际标准和国家标准制定。随着高校产学研推进速度越来越快,公司技术和产品出现了加速迭代,成本不断下降,刺激了智能手机和汽车等下游产业对激光加工设备的需求增长。近年来A 客户对华工激光的认可度提升,小功率精密激光出现了翻倍式增长。大功率激光设备将享受汽车尤其是新能源车行业变革,将激光技术和自动化相结合到整个生产制造线。随着自主车厂的崛起和中低端车逐步采用激光焊接,我们预计公司今年激光装备业务收入有望同比翻倍,并将可持续加速扩张。   
    传感器产品线不断拓宽,以新能源车为入口切入物联网感知   
    华工高理是全球最大的温度传感器供应商,占据全球70%以上份额。目前公司传感器业务成功切入新能源车全球领导品牌,以PTC 加热器为主要产品扩展了光传感器、PM2.5 传感器、薄膜型NTC 温度传感器等产品系列。同时在传统优势家电行业应用不断深耕,与国际家电巨头的合作在向小家电多个品类配套延伸。立足于传统家电消费升级带来的稳健增长,随着新能源车以及未来车联网中对传感器的海量需求显现,公司凭借着在传感器领域的核心竞争优势将充分享受行业增长红利。   
    创新管理和创新研发将给公司带来全新发展   
    公司高层长期战略性增持,彰显长期发展信心。公司董事长及高管承诺自2017 年起每年年度绩效薪资的30%用于增持公司股份,同时所增持的股份在华工科技工作期间不减持。同时,6 月30 日公司完成董事会换届,以此为契机启动管理体制创新改革。1、减少管理层级、扁平化运营,同时加速信息化提升效率。2、管理下沉,进一步通过薪酬变革,“创客与产品线”模式激发员工潜能。3、加大营销管理,塑造狼性团队。研发创新方面,公司增发方案已经获批,拟募集资金18 亿元用于投资激光精密微纳加工智能装备产业化项目、智能工厂建设项目,物联网用新型传感器产业化等项目。此次定增将推动核心技术向产业化的发展,为制造的更高荣耀。   
    投资建议:我们预计公司17-19 年归母净利润3.64/5.42/7.32 亿元,受益激光装备和传感器等的快速提升,未来公司有望持续40%以上的高速增长,考虑公司拥有激光器核心技术,未来高速成长性及与其他激光装备公司的市值比,上调目标价至20 元,给予买入评级。   
    风险提示:激光装备业务发展不及预期,传感器行业需求不及预期。"
华工科技(000988)深度报告：激光雕刻智能制造 全面打造物联航母,公司,长江证券股份有限公司,莫文宇,2017-07-28,"报告要点：   
　　华工科技：高端智造先行者   
　　华工科技以高端制造为己任，依托深厚高校背景，以激光技术为核心，打通物联体系脉络，承接智能制造趋势。雄厚科研实力叠加产业经验，公司将激光加工、传感器、光器件、激光全息防伪、信息追溯与智能医疗六大领域的前沿技术转化为切实可行的生产实力。近30 年的深厚底蕴给予华工科技引领高端智造强大基础，在“激光黄金十年”与“智造中国”的时代再造荣耀。   
　　激光步入高速期，助推智能制造   
　　华工科技作为中国高端加工装备和通信设备的技术龙头，是中国工业信息化融合战略的尖兵，在智能制造业领域更是拥有着其先天优势。以激光为核心，公司建立“激光加工+光器件”的智能制造装备垂直生态圈。一方面，智能终端形态升级，精密加工需求激增，激光应用广泛铺开；另一方面，汽车市场受德企车厂带动激光比例大幅提升。公司在激光切割、焊接、打标等领域拥有全功率系列产品，在精密与智装两大领域发挥作用。比较国际同行，激光加工实力的评判核心是激光器自制能力，子公司华日在皮秒、飞秒、紫外激光器上拥有先决优势，具有前端关键设备自研实力，能真正把握激光未来趋势。此外，华工正源是信息激光方面的优质公司，紧握4G、5G 潮流，扩展10G 以上产品，优化结构，提升盈利能力。   
　　感知层率先发力，立体物联系统成型   
　　公司五大领域完美布局物联网三大层次。华工高理发扬其在家电领域有温度传感器的领先实力，将覆盖领域拓展至汽车、智能穿戴等新型终端领域，迈入高速发展时代；华工图像的激光全息防伪技术与物联网技术相结合，开发出激光全息二维码产品；华工赛百主攻信息追溯，提供RFID 电子标签、RFID读写设备、服务器、PC 等产品。此外，华工正源与华工激光分列网络层与应用层，作为下游环节，打造立体物联体系。   
　　投资建议   
　　公司新增华工医疗子公司，布局未来质子诊疗市场，前景巨大；管理层承诺未来自 2017 年起以绩效薪资的30%用于增持公司股份，彰显信心；增发项目聚焦激光、传感器与光器件扩产与技术升级，看好下一轮发展趋势。我们给予公司“推荐”评级，预计公司2017-2019 年EPS 为0.40、0.60、0.89元，对应PE 为38.03、25.35、17.09。   
　　风险提示： 1. 激光加工技术的应用面扩展受阻；2. 公司后续产能与创新技术落地不及预期。"
华工科技(000988)公司跟踪报告：激光大制造平台逐步发力 业绩高增长有望持续,公司,海通证券股份有限公司,佘炜超/沈伟杰/耿耘,2017-07-13,"事件：公司公告2017 年半年报业绩预告，预计2017H1 实现归属于上市公司股东净利润1.71 亿元-1.82 亿元，较上年同期增长45.80%-55.18%，实现每股盈利0.19 元-0.20 元。   
　　本次公司业绩增长的原因为2017 年上半年公司激光加工系列成套设备和敏感元器件销售收入同比有较大幅度的增长，从而推动公司盈利水平提升。   
　　激光行业持续高景气，预计公司业绩保持快速增长。随着国家“十三五”规划以及工业4.0 国家战略的推进下，我们预计激光行业今年将维持较高景气度。公司是国内激光行业的龙头企业，16 年激光设备实现营收10.96 亿元，同比增41.45%。此外，“华工激光”开启智能制造新征程，研制智能制造生产线，围绕产品和技术创新，深入推进大客户战略，持续提高重点客户数量和销售贡献率，确保公司业绩的持续增长。   
　　敏感元器件客户优质广泛，市场地位持续增强。子公司华工高理主要产品包括NTC 系列热敏电阻、PTC 系列热敏电阻和汽车电子。其空调温度传感器，占据全球70%以上市场份额；PWM 控制系统和薄膜型NTC 温度传感器模组类产品进入国际新能源汽车龙头公司。公司拥有三星、LG、松下、西门子、格力、海尔、马自达、一汽、东风等100 余家国内外知名客户。随着物联网时代的到临，公司在传感器领域市场地位将得到进一步增强。   
　　定增方案已过会，募投项目建成将进一步增强公司竞争力。公司拟募集资金18 亿元用于激光精密微纳加工智能装备项目、激光机器人系统智能工厂建设项目、物联网用新型传感器项目、智能终端产业基地项目，该方案已获得证监会核准。此次定增项目的顺利实施将扩大公司现有产能、提供新的业绩增长点，从而进一步增强公司竞争力。   
　　盈利预测与估值。基于公司激光设备产品逐步得到大客户的认可并快速放量，我们上调了公司的盈利预测和目标价。我们预测公司2017-2019 年的净利润分别为3.62 亿元、4.57 亿元和5.59 亿元，EPS 分别为0.41 元、0.51 元和0.63 元。考虑到公司在激光技术应用领域竞争实力强，参考可比公司估值，我们给予公司2017 年43 倍PE，目标价为17.63 元，上调至“买入”评级。   
　　风险提示。宏观经济大幅度波动，市场开拓不及预期，激光行业景气度不及预期。"
华工科技(000988)调研简报：激光行业龙头 打造高端装备制造集团,公司,国海证券股份有限公司,王凌涛,2017-06-22,"投资要点：   
　　国内激光行业龙头，聚焦智能制造和物联科技业务方向。华工科技是国内激光设备行业龙头，公司以激光技术及应用为发展基点，凭借自身优秀的技术研发实力，不断延拓新业务领域，目前已形成覆盖激光先进装备制造、光通信器件、激光全息仿伪、传感器、现代服务业五大业务板块的产业链布局，未来将进一步聚焦智能制造和物联科技业务方向，打造高端装备制造集团。   
　　技术驱动公司成长，大功率激光设备持续开拓新客户。公司在激光装备制造领域技术优势突出，去年牵头组织的多个项目获批国家科技部“2016 年重点研发计划专项”。大功率激光装备领域，公司联合华工科技大学、神龙、通用等多家下游车企共同研发的“汽车制造中的高质高效激光焊接、切割关键工艺及成套装备”项目获得国家科技进步一等奖，填补了该项领域的国内空白，公司汽车白车身焊接产线凭借更高的焊接速度和更低的工艺成本获得客户认可，成功切入一汽、广汽等一线车厂，今年一季度实现业绩翻番，未来有望持续开拓新客户。   
　　中小功率激光设备在国际大客户供货份额快速提升。公司中小激光设备显著受益于下游3C 行业需求大幅增长，持续推进国际一线大客户，设备订单占大客户比重由去年的10%迅速提升至30%左右，一季度订单同比增长一倍，实现焊接、脆性材料、自动化、切割、打标等产品线全覆盖。二三季度将迎来3C 电子订单集中交货期，公司业绩增速预计超越一季度，奠定全年高成长趋势。同时，公司已在海外多地设立研发中心，贴近国际大客户需求，有望在新产品上获取更大市场份额。   
　　传感器业务受益于下游白电市场需求爆发，汽车电子具备广阔成长空间。子公司华工高理是国内最大的NTC、PTC 传感器生产商，在家电温度传感器行业市占率超过70%，今年美的、格力、海尔 、海信科龙等大客户订单均大幅增长，公司NTC 产品供不应求，预计全年家电传感器增速将保持在50%以上。汽车电子领域，公司一季度国际客户销售大幅增长，公司与韩国佑理成立合资公司，是特斯拉PTC 加热器的独家供应商。同时，公司汽车传感器种类已多达30 余种，并拥有多项专利技术，未来持续开拓新能源汽车产品，产品也将从单功能产品向系统解决方案转型，目前已成功突破了包括上汽等一线大厂以及法雷奥等国际一线T1 供应商，为公司传感器业务打开广阔成长空间。   
　　定增项目加码主业，股价具备安全边际。公司去年3 月发布定增预案，拟以不低于15.8 元/股非公开发行不超过1.2 亿股，募集资金总额不超过18.07 亿元，用于激光精密微纳加工智能装备产业化项目、基于激光机器人系统的智能工厂建设项目、物联网用新型传感器产业化项目和智能终端产业基地项目。此次定增全力加码主业，四个项目均为扩产项目，订单明确，预计投产后公司产能和技术实力将获大幅提升。去年12 月公司定增方案已获证监会审核通过，预计正式批文也已不远，公司目前股价14.06 元，相比定增价仍倒挂1.8 元，股价具备安全边际。   
　　盈利预测和投资评级：给予买入评级 公司以智能制造和物联科技为发展方向，建立了从感知层、传输层到应用层的全产业链布局，受益于工业自动化和物联网发展，打造高端装备制造集团，公司已迎来快速发展的战略机遇期。基于审慎性原则，暂不考虑本次定增对公司业绩和股本的影响，预计公司2017-2019 年净利润3.40 亿、4.45亿、5.74 亿元，对应|每股EPS 0.38、0.50、0.64 元，对应PE 为37、28、22 倍，公司激光设备与传感器业务具备明确的业绩弹性，目前股价具备安全边际，给予买入评级。   
　　风险提示：募投项目进展慢于预期；新型传感器市场开拓低于预期；产品毛利率下滑；公司定增实施的不确定性风险。"
华工科技(000988)公司研究报告：国内领先的激光技术应用平台型公司,公司,海通证券股份有限公司,沈伟杰/佘炜超/耿耘,2017-05-08,"投资要点：   
　　公司是激光行业龙头企业，消费电子激光设备快速放量。公司是中国激光行业的领军企业，成立于1999 年。公司激光技术优势突出，在大功率及中小功率激光加工设备产品和技术研发方面均具备非常强的竞争力。受益于以A 客户为代表的下游客户对中小功率激光设备及相关产品的采购放量，公司2016年激光设备实现营收10.96 亿元，同比增长41.45%。2017 年是消费电子外观功能革新的大年，预计公司产品在3C 业务领域的销售有望继续放量。   
　　光通信器件持续放量，发展前景广阔。子公司华工正源是中国最具影响力的光通信器件供应商之一，受益于宽带提速相关政策推动，运营商对网络升级改造的需求将保持稳定增长，2016 年，该业务板块实现销售收入12.93 亿元，同比增长26.71%。随着公司不断推出更高速率的光器件产品，相关业务有望继续保持增长。   
　　传感器全面开花，充分享受物联网时代红利。子公司华工高理的主要产品为各类传感器，在空调领域拥有绝对的市场优势，同时近年来在其它小家电、办公设备、汽车等领域的销售逐步打开，从而实现较快业务的增长。2016 年，传感器板块实现销售收入6.15 亿元，同比增长20.12%。凭借多年在传感器制造领域积累的优势，公司有望充分享受物联网时代传感器行业的快速增长红利。   
　　设立子公司切入高端医疗领域大有作为。日前，公司联合武汉华融合资成立武汉华工医疗科技有限公司。华工医疗从事高端数字诊疗装备研发及产业化，是国内首批进行质子放疗装备自主研发的企业。公司将以此为契机全面进军医疗大健康领域，全力打造高端医疗装备及健康服务产业板块。   
　　定增方案已过会，募投项目建成将进一步增强公司竞争力。公司拟募集资金18 亿元（增发底价为15.83 元/股）用于激光精密微纳加工智能装备项目、激光机器人系统智能工厂建设项目、物联网用新型传感器项目、智能终端产业基地项目，该方案已获得证监会核准。此次定增项目的顺利实施将扩大公司现有产能、提供新的业绩增长点，从而进一步增强公司竞争力。   
　　盈利预测与估值。我们预测公司2017-2019 年的净利润分别为3.02 亿元、3.78 亿元和4.58 亿元，EPS 分别为0.34 元、0.42 元和0.51 元。考虑到公司在激光技术应用领域竞争实力强，参考可比公司估值，我们给予公司2017 年47 倍PE，目标价为15.98 元，首次覆盖，给予“增持”评级。   
　　风险提示。宏观经济大幅度波动，市场开拓不及预期。"
华工科技(000988)公司快报：内生竞争实力提升 外部市场需求上涨,公司,华金证券股份有限公司,张仲杰,2017-04-25,"投资要点   
　　公司五大板块协同效应综合体现： 在物联科技不智能制造高度重合的大背景下，华工科技五大业务板块激光先进装备制造、激光全息防伪、光通信器件、传感器、信息追溯等领域的产品不服务，分别定位在信息的感知、传输、分析、执行，既自成体系，又相互支撑，近年来协同效应愈发明显，一体化运作更趋顺畅。这种内生竞争实力的优化不提升，形成公司差异化的竞争特点，有助于公司的可持续发展。   
　　下游领域需求旺盛订单充裕：华工科技下游应用领域，汽车、3C、汽车电子、可穿戴设备等大行业，近年来显示强劲的拉动效应，激光制造正在进入“黄金十年”，蓝宝石玻璃激光切割﹑太阳能电池激光钻孔、电子电路激光直接成型、激光3D 打印等新的应用领域不断拓展延伸。随着国内企业自主创新能力增强和国家政策的支持，我国传感器进口替代正在加速，华工高理将进一步强化温度传感器在家电领域的领导地位，深度拓展汽车、办公自动化和智能穿戴领域，掌握行业主导权，并积极拓展其他传感器。激光设备、光通讯器件、敏感元器件等板块订单充裕，部分板块产能已经不足，2017年一季度公司亦积极备货，加大原材料零配件采购，未来几年发展态势乐观。   
　　保持高强度研发投入，高校背景相得益彰：公司多年来重规研发投入，研发费用占销售收入的比例，2014-2016年的均值为5.17%，研发投入强度较大。加之国家和地方政府支持，2014-2016年政府补贴分别为4571、8727、10560万元，呈逐年递增之势。公司背靠华工科技大学的科研优势，国家级产业研发中心相互支撑，科技产业化渠道顺畅。国家千人计划有10 位与家在公司，如此密集的高技术人才在上市公司中也较为少见，每位与家都带动一个人才梯队。我们认为研发体系建设已对公司发展形成有效支撑，高校背景的资源价值凸显，综合研发实力有效拉大不竞争对手的距离。   
　　定增募投项目主要为扩产，预计释放业绩较快：华工科技此次定增募投4 个项目，其中激光精密微纳加工智能装备产业化项目、基于激光机器人系统的智能工厂建设项目、物联网用新型传感器产业化项目均是扩充产能项目，技术优势明显，产品工艺成熟，公司已使用有资金先期投入，快速推进募投项目实施，预计见效较快。公司定增项目在2016年12月28日获证监会发実委审核通过，预计按照正常时间取得证监会正式批文。华工科技2009、2011年2 次再融资，均取得较好的效果，有力支撑了公司的发展，我们看好公司此次募投项目的前景。   
　　投资建议：我们认为公司综合竞争实力不断提升，受益于顶层产业布局的前瞻性，公司正在进入新的战略发展机遇期，未来3年有望快速发展，我们预测公司207-2019年每股收益分别为0.36、0.47、0.59元，维持“买入-A”的投资评级，以及22.12元的6 个月目标价。   
　　风险提示：行业竞争态势激烈导致毛利率下滑，定增项目进程不及预期等不确定因素导致业绩低于预期。"
华工科技(000988)：激光成长大周期 预期成长超预期,公司,天风证券股份有限公司,农冰立,2017-04-10,"激光行业今年持续景气，预计公司能够维持50%增长   
	我们近期产业链上下游调研了激光行业，行业景气程度超预期，上游供货除以福晶科技为主的激光晶体出现高增长外，激光器甚至维持同比100%增长，同时预期二季度能够维持高增长。目前市场对于公司预期极低，公司2016 年实现营业收入33.14 亿元，同比增长26.50%，归母净利润2.30亿元，同比增长52.36%，市场一致预期今年增长20%以内，根据近期行业持续景气程度，我们预计公司有望超市场预期，能够维持50%增长。   
    国际大客户持续推进，激光业务有望实现100%以上增长公司激光装备业务去年实现10.96 亿元收入，同比增长41.45%，我们预计今年收入有望超20 亿。公司是国际大客户两大激光设备供应商之一，在美国设立分公司后快速拓展业务，预计今年订单相对去年翻两番。同时国际大客户产品利润率水平高于其他客户，整体产品利润率有望提升。   
    公司增发方案已经获批，加大投入传感器项目等有望受益新能源汽车发展公司12 月28 日定增方案已经获批，本次非公开发行股票的发行底价由不低于每股15.83 元。非公开发行不超过1.2 亿股，募集资金不超过18.07 亿元用于激光精密微纳加工智能装备产业化项目、基于激光机器人系统的智能工厂建设项目、物联网用新型传感器产业化项目、智能终端产业基地项目。公司PWM 控制系统和薄膜型NTC 温度传感器模组类产品已经通过高理公司进入国际新能源汽车龙头公司，预计目前单车价值量3000 元左右。   
    根据公司投资者关系公告，围绕公司发展战略，有望在压力传感器、气体传感器、车身电子控制系统方面，寻找并锁定1-2 家标的公司，达成初步收购意向，实现业务横向扩张。   
    投资建议   
    我们预计公司今年业绩有望大超市场预期，激光行业上半年持续景气，国际大客户未来业绩持续提升弹性空间大，同时募投项目有望带来业绩进入高速成长期，传感器有望在新能源汽车中放量，预计17-19 年归母净利润3.56、5.74、7.98 亿元 （18 年EPS 已经考虑增发摊薄股本），维持50%以上增长，考虑公司未来成长性及与其他激光装备公司的市值比，我们首次覆盖公司，给予买入评级，目标价19.68 元。   
    风险提示：激光行业成长持续性低于预期"
华工科技(000988)年报点评：各项业务发展态势良好 智能装备前景乐观,公司,华金证券股份有限公司,张仲杰,2017-04-06,"投资要点   
    2016 年业绩略高于预期： 2016 年华工科技主营业务收入33.14 亿元，同比增长26.5%；归属于母公司净利润2.29 亿元，同比增长52%。我们预测净利润为2.17亿元，公司业绩略高于预期。   
    激光装备业务增长强劲： 2016 年激光先进装备制造产业板块实现销售收入10.96亿元，同比增长41.45%，增速比我们的预测值高6.45 个百分点。该板块重点是围绕3C 电子行业、汽车激光焊接生产线和动力电池焊接进行行业拓展，同时大力推进国际化战略，提升出口业务销售规模。我们预计2017 年该业务增长动力依然饱满，可望保持32%的增速。2016 年该项业务毛利率为30.3%，提高2.16 个百分点，比我们预测值高1.3 个百分点。2016 年原材料占比88.8%，和2015 年基本一致，我们预计2017 年该业务毛利率为30.5%。   
    光电器件业务保持较快增长： 2016 年光电器件系列产品实现销售收入12.93 亿元，同比增长26.71%，增速比预测值低3.29 个百分点，该项业务毛利率为13.03%，提高0.64 个百分点，比预测值高0.53 个百分点。该业务将继续加大国际业务资源投入，持续提高国际业务收入。纵向延伸产业链，导入自制10G 芯片，提升公司前端技术和产品能力。加速数通、PON 产品线推进，成立10G PON 研发中心，努力提升数通产品和PON 产品销售规模。我们预计2017 年营业收入可望达到30%的增速。在成本构成中，该业务毛利率相对稳定，我们预计2017 年毛利率为13.1%。   
    激光防伪产品表现相对平稳：激光全息防伪系列产品实现销售收入2.16 亿元，同比增长12.2%，增速比预测值低17.8 个百分点，该项业务毛利率为52.66%，下降7.21 个百分点，比预测值低7.34 个百分点。未来该业务将扩大现有市场规模，同时扩大电化铝、转移纸和高端防伪产品在其他行业的推广应用，促进销售规模的进一步提升。我们预计2017 年增速可望达到25%。2016 年原材料成本上升55.05%，人工与折旧变化不大，我们预计2017 年的毛利率水平为53%，基本持平。   
    敏感元器件业务弹性较大：敏感元器件实现销售收入6.15 亿元，同比增长20.12%，增速比预测值高5.12 百分点，该业务将围绕智能家居和智能汽车两大战略方向，努力拓展，进一步丰富传感器种类，高端产品放量。同时寻找业务横向扩张机会。   
    进一步开拓国际市场，提升海外市场销售规模。我们预计2017 年该板块营业收入增速为27%。该项业务毛利率为29.65%，下降1.05 个百分点，比预测值低1.35个百分点。近年来该业务毛利率基本保持在30%左右，我们预计2017 年基本如此。   
    计算机信息集成业务扭亏为盈：2016 年计算机软件及信息系统集成业务营业收入3025 万元，同比下滑43.96%，不过毛利率达到21.04%，明显改善，该业务扭亏为盈。未来将继续打造“以信息追溯为核心业务的数据运营服务商”的专业化品牌形象，聚力食品、药品、农产品、烟酒快消品、汽车及零配件等行业，加快推进产品质量追溯、行业质量监管系统，智能制造生产执行、数据采购与决策系统，以及全网市场营销系统的产品全生态、多层级追溯系统布局。为政府及企业提供专业、高效、系统型的增值服务。我们认为未来该业务的发展前景较好。   
    主要业务战略布局值得期待：2016 年，华工科技旗下华工高理与韩国最大的汽车零部件制造商——韩国佑理株式会社，正式签约组建中韩合资公司，共同开发全球新能源汽车市场。华工科技旗下华日激光完成了对加拿大领先的超快激光器Attodyne 公司股权的整体收购工作。为了尽快开辟北美市场，2016 年华工激光在美国成立子公司。华工医疗公司以推进“十三五”国家重点研发计划专项“基于超导回旋加速器的质子放疗装备研发”项目的实施落地为契机，致力于开发建造具有中国自主知识产权的基于超导回旋加速器质子放疗设备，解决质子装备核心部件产品化、产业化等应用难题，成为我国高端医疗装备国产化的标志性产品。我们认为华工科技产业布局可圈可点，为后续发展奠定坚实基础。   
    定增通过，预计募投项目盈利规模可观：2016 年12 月28 日，公司定增申请获得审核通过。本次非公开发行股票的数量不超过12,000 万股，拟募集资金不超过18.07 亿元，其中激光精密微纳加工智能装备产业化项目将有利于实现激光加工装备生产制造的精密化，智能化；基于激光机器人系统的智能工厂建设项目可以促进公司形成高效率、个性化、智能化的产品生产模式；物联网用新型传感器产业化项目将进一步提高公司在传感器方面的研发和生产优势，巩固公司在传感器领域的市场地位；智能终端产业基地项目有助于进一步凸显华工正源核心技术的市场价值，巩固市场地位。公司预计本次非公开发行四个项目投产后可新增销售收入超过40亿元，新增净利润约3.9 亿元，2016 年主营业务收入33 亿元，归母净利润为2.3亿元，此次定增最终可形成华工科技发展新的增长点。   
    维持“买入-A”的投资评级和22.12 元的目标价：我们预计2017 年公司各项主要业务发展态势良好，维持2017 每股收益0.36 元的预测值不变，将2018 年每股收益下调至0.47 元，2019 年预计每股收益0.59 元，4 月5 日收盘价15.15 元，我们维持“买入-A”的投资评级，以及22.12 元的6 个月目标价，对应2017-2019 年动态市盈率分别为61.4、47.1、37.6 倍。   
    风险提示：风险提示：宏观经济形势出现较大波动，行业竞争态势更加激烈，公司业务进程迟缓等不确定因素导致业绩低于预期。"
华工科技(000988)年报点评：营收利润皆亮眼 定增获批助发展,公司,东北证券股份有限公司,刘军,2017-03-30,"报告摘要:2016年公司实现营业收入33.14 亿元,同比增长26.50%,归母净利2.30 亿元,同比增长52.36%,公司总资产55.87 亿元,同比增加11.62%。报告期内,光电器件和激光加工业务板块收入比有较大幅度的增长,提升了公司盈利水平。   
    全力打造智能制造和物联科技龙头企业:公司在以“激光技术及其应用”的基础上,进一步发挥自身优势,挖掘智能制造和物联网的发展机会,全面布局“智能制造”和“物联科技”两大业务,公司在激光先进装备制造产业具有领先技术,包括激光先进装备制造、激光全息防伪等领域,现正全力打造“智能制造”和“物联科技”的龙头企业。定增获批,发债完成,业务发展进入快车道:12 月28 日,公司定增方案获批,公司拟非公开发行不超过12,000 万股,拟募集资18 亿元用于投资激光精密微纳加工智能装备产业化项目、智能工厂建设项目,物联网用新型传感器产业化等项目,此举培育了新的利润增长点,顺应了物联网发展趋势。随着募投项目的成功投入建设及后续效益的实现,公司的业务结构及收入来源更为丰富,有利于公司进一步提高竞争实力,巩固市场地位。公司一期超短融资券发行完成,实际发行总额为5 亿元,用于补充公司流动资金。公司定增和发债有利于优化产业结构,最终形成新的增长点,公司发展进入快车道。   
    发起出资成立华工医疗,布局健康医疗新版块:公司拟出资6000 万元,与华融开放(出资1000 万)共同设立“武汉华工医疗科技有限公司”。公司已明确向高端医疗装备健康领域进军,筹备、建设和管理质子诊疗临床医院。此次华工医疗的设立将实现质子治疗项目的产业化,达成国内的核医学设备的生产制造能力。   
    投资建议与评级:我们预计公司2017-2019 年净利润为2.90 亿元、 3.60亿元和4.15 亿元,EPS 为0.33 元、0.40 元和0.47 元,PE 为47 倍、38 倍和33 倍,给以“增持”评级。   
    风险提示:激光和光电产品销售低于预期;重大项目不能如期实施"
华工科技(000988)季报点评：三季度业绩亮眼 光电器件和激光加工双星闪耀,公司,东北证券股份有限公司,刘军/高鹏,2016-10-24,"报告摘要：   
　　三季度绩高速增长，光电器件和激光加工双星闪耀：2016 年前三季度，公司实现营业收入24.51 亿元，同比增长28.04%，归母净利 1.68 亿元，同比增长53.24%，其中，第三季度营收8.07 亿元，同增23.44%，归母净利5036.57 万元，同增146.12%。报告期内，光电器件和激光加工业务板块收入比有较大幅度的增长，提升了公司盈利水平。   
　　智能制造和物联科技龙头企业：公司瞄准智能制造和物联网的快速发展，充分整合公司优质资源和产品全面布局“智能制造”和“物联科技”两大业务，在激光先进装备制造、激光全息防伪等领域具有领先技术，正着力打造智能制造和物联科技龙头企业。   
　　定增加码激光先进制造装备、传感器及超清电视业务：公司9 月公告定增修改方案，拟非公开发行不超过12,000 万股，拟募集资18 亿元用于投资激光精密微纳加工智能装备产业化项目、智能工厂建设项目，物联网用新型传感器产业化等项目，此举（一）将实现公司产品结构调整和优化升级，进一步提升公司盈利能力和市场整体竞争力；（二）依托新材料的应用，研制生产新型多功能传感器，实现物联网用传感器的进一步发展；（三）基于公司在自制光芯片方面的优势，结合控制接口技术和海量智能终端制造能力，实现智能终端再发展。随着募投项目的成功投入建设及后续效益的实现，公司的业务结构及收入来源更为丰富，有利于公司进一步提高竞争实力，巩固市场地位。   
　　子公司芯片将应用于特斯拉，切入新能源汽车领域：子公司华工高理与特斯拉核心供应商韩国佑理成立了合资公司，强强联手，将进一步整合技术、市场等资源，全面导入特斯拉新系列车型共同开发全球新能源汽车市场，对扩展公司业务和提升公司业绩有巨大推动效应。   
　　投资建议与评级：我们预计公司2016-2018 年净利润为2.20 亿元、 2.67亿元和3.28 亿元，EPS 为0.25 元、0.30 元和0.37 元，PE 为71 倍、58 倍和47 倍，给以“增持”评级。   
　　风险提示：激光加工系列成套设备和光电器件产品销售低于预期。"
华工科技(000988)点评报告：光通信业绩亮眼 激光装备不断深入精密制造,公司,长江证券股份有限公司,莫文宇,2016-10-11,"事件描述   
　　10 月10 日晚，华工科技公告《2016 年前三季度业绩预告》。公告称，前三季度预计实现归母净利1.65-1.69 亿元，同比增长51.08%-54.73%。其中三季度归母净利预计为0.48 亿元-0.52 亿元，同比增长134.5%-154.11%   
    事件评论   
　　上半年公司即交出亮眼业绩，在激光装备、自动化配套、光通信、激光防伪和传感器全线爆发的背景下，消费电子大年里激光装备增长和光通信模块的突进成为三季度业绩最大推动力，激光及自动化配套装备深度受益精密制造和材料更新换代，核心技术优势则构筑壁垒，公司长期享受先进制造和智能制造红利。   
　　沉寂的光通信龙头顺势觉醒。光通信作为公司占比超过40%的业务支柱，在15 年遭受增速放缓。16 年光通信板块再度觉醒，运营商采购增长有力，公司是4G 基站光通信模块销售规模全球前三的光通信龙头，今年大力发展10G 新品，提升高速通信模块市场份额，BOSA 成为新增长点。   
　　精密制造与材料革新永恒的旋律。先进制造高精密、高速、高可靠性加工的刚性需求决定激光装备的长期旺盛需求，此外无论是钢质、玻璃还是蓝宝石，新符合材料处理的复杂性也决定激光加工的不变地位。   
　　华工科技背靠国家级激光技术平台，激光底蕴深厚，小功率快速放量，大功率市场化落地临近。公司以精密激光加工配合自动化设备对接3C及汽车制造产业打造智能制造今年贡献大量业绩，未来则持续对接广袤的汽车产线改造市场。   
　　世界级传感器不断攻城略地。华工高理子公司拥有国际水准的高精度微型NTC 温度传感器和PTC 加热器产品，在高端智能家电、新能源汽车领域应用广泛。公司目光长远，加码可穿戴设备温度传感器和物联网新型传感器，前景值得期待。   
　　公司五大子公司齐头并进，切入智能制造及万物互联大市场，激光设备、自动化集成和大数据平台协同作用，未来前景光明。我们维持“推荐”评级，预计2016~2018 年EPS 分别为0.25、0.36、0.49 元。   
　　风险提示：业绩释放持续性不及预期"
华工科技(000988)调研简报：激光设备、传感器、光器件多轮驱动快速成长,公司,国海证券股份有限公司,王凌涛,2016-09-26,"投资要点：   
　　 激光行业龙头企业，从激光器到设备垂直整合 华工科技是中国激光行业的领军企业，公司技术优势突出，联合华工科技大学、神龙、通用等多家下游车企共同研发的“汽车制造中的高质高效激光焊接、切割关键工艺及成套装备”项目获得国家科技进步一等奖。   
　　公司从装备集成到上游激光器垂直一体化整合，皮秒/飞秒激光器关键技术研发及产业化项目获得6 月科技部专项资金5118 万，也体现出公司上游激光器领域核心技术优势。2016 年上半年公司大功率激光设备在汽车白车身焊接等领域保持国内领先，拥有上汽、一汽、北汽等国内一线车厂客户；小功率激光器方面公司突破国际重要客户，随着客户工厂未来不断从东部沿海向中西部转移，公司的区位配套优势将越发明显。随着工业4.0 国家战略的推进，激光成套设备在工业领域的用量将呈现快速增加态势，公司将双重受益于国内需求放量和国产替代趋势。   
　　 汽车电子和物联网给传感器业务带来广阔增量 子公司华工高理是全球最大的高精度温度传感器制造商，其在家电行业温度传感器市场中全球份额超过70%，处在绝对领先地位。公司利用自身技术优势，积极研发汽车用热敏传感器、光通量、雨通量传感器、PM2.5传感器等多种传感器，突破了包括上汽等一线大厂以及法雷奥等国际一线T1 供应商。同时由于新能源车的快速发展，给公司PTC 器件发展带来了新的机遇，目前公司新能源车发热器件已经占到公司PTC 总销量的50%。未来随着万物互联时代的到来，传感器作为物联网的触角，在各类终端设备中都具有刚性需求，将给公司传感器业务带来广阔的市场空间。   
　　 光器件业务持续保持高增长 子公司华工正源主营光器件业务，受益于中国推进宽带中国战略，三大运营商资本开支向光网络倾斜，公司光器件从2014 年开始连续三年保持了中高速增长。顺应带宽不断增长的趋势，公司上半年积极推进10G 产品出货，同时积极研发40G、100G 产品。同时公司将业务向下游延伸，切入宽带接入终端、智能路由器行业，形成了垂直一体化布局，未来能够为客户提供整合解决方案。   
　　 盈利预测和投资评级：给予增持评级 公司多年发展形成激光、传感器、光器件、全息防伪、现代服务业多个业务板块，受益于工业自动化浪潮、物联网发展和宽带中国战略，我们认为公司处于快速发展的战略机遇期，预计公司16-18 年每股EPS 是0.25、0.33、0.43，对应PE 为68.5、51.7、39.9，给予增持评级。   
　　 风险提示：激光设备客户拓展不及预期；新型传感器市场拓展慢于预期；光器件新品量产慢于预期。"
华工科技(000988)半年报点评：激光设备和光电器件双星闪耀 中报业绩靓丽,公司,中航证券有限公司,李欣/王茂森,2016-08-24,"事件：2016 年1-6 月，公司实现营收16.44 亿，同比增长30.43%，归属于上市公司股东净利润1.17 亿，同比增长31.87%，基本每股收益0.13 元/股，同比增长30%。   
　　投资要点   
　　企业加快转型升级和海外市场开拓，营收和净利润大幅增长。报告期内，公司业务拓展和产能扩充成效显著：1）智能终端和无源光器件产业基地竣工投产，产能顺利扩充；2）图像公司荆门光电子信息产业园建设完成，8 条激光全息定位转移纸生产线和12 条模压生产线全面达产；3）赛百公司与地方政府达成智慧城市建设的全面合作协议，迈出从项目实施向平台营运业务形态转型的第一步。公司扩产顺利，市场开拓也初显成效，尤其是海外市场，报告期内，子公司激光公司新增6 家海外代理商，正源公司则成功切入爱立信上游供应链，上半年海外市场营收1.85 亿，同比增长111.15%。在制造业总体不景气的大背景下，公司逆势维持高速增长，营收和归母净利润增幅均超过30%，继续保持行业领先地位。   
　　激光智能制造和光电器件双星闪耀，成为业绩高增长的中流砥柱。公司最大的两大业务是激光设备制造和光电器件生产销售。上半年，公司继续加大向智能制造的转型力度，打造全新的“创客+产品线模式”，快速实现产品附加值的提升和销量的突破。报告期内激光公司毛利率同比上升3.46%，收入同比增长71.08%。光电器件业务逐步完成转型，10G 产品规模增长明显，新产品开发导入客户加快，测绘和光通讯类产品开始贡献业绩。   
　　上半年，光电器件业务实现营收6.14 亿，同比增长29.23%。激光设备制造和光电器件两项业务合计营收12.04 亿，占总营收的73.25%，两项业务的成功转型和高速增长为公司的持续发展注入了最强劲的动力。   
　　敏感元器件和激光全息防伪业务维持稳定。受经济下行影响，敏感元器件业务稍有萎缩，上半年营收同比下降3.13%。NTC 温度传感器成功切入格力和美的供应链，销量有所突破；PTC 加热器大举挺进空调加热和新能源汽车领域，两者的突破有效弥补了经济下行带来的不利影响。激光全息防伪业务在烟草业日益紧缩情况下，加快了其他行业的拓展，报告期内成功进军乳品行业并中标公安部的高端防伪项目，实现营收5.98%的小幅增长。   
　　定增18 亿加码“智能制造+物联科技”，全面奠定公司未来发展基石。上半年，公司围绕智能制造、物联科技领域，以工业互联网生态链为核心，计划非公开发行12000 万股，定增18 亿用于智能制造和物联网项目的实施。目前项目进展顺利，项目的实施将奠定公司未来5-10 年的发展基础，使公司从中低端制造企业逐步成长为高端制造和服务型企业，有效提升公司产品附加值和市场竞争力，全面增强公司的盈利能力。   
　　风险提示：定增项目推进不达预期，传统业务竞争加剧，海外市场开拓不力。"
华工科技(000988)中报点评：业绩符合预期：各业务表现喜忧参半;激光设备销售是亮点,公司,北京高华证券有限责任公司,杜茜,2016-08-15,"与预测不一致的方面   
　　华工科技公布2016 年上半年收入/净利润为人民币16.44 亿元/1.17 亿元，同比增长30%/32%，达到我们全年预测的51%/49%，也符合7 月12 日发布的业绩预告。隐含的2016 年二季度收入/净利润的同比增幅为29%/21%。2016 年上半年毛利率/营业利润率为24.4%/8.0%（同比上升0.3 个/2.3 个百分点）。   
　　投资影响   
　　收入受到激光设备和光电子器件销售（共占2016 年预期收入的75%）的提振：   
　　2016 年上半年激光设备和光电子器件收入分别为人民币5.9 亿元/6.14 亿元，同比增长71%/29%。我们认为原因在于：1） 消费电子订单强劲，以及大功率激光在汽车白车身焊接方面不断渗透；2） 新一波的电信宽带资本开支可能会进一步支撑华工直到第三季度收发模块收入。然而，激光全息防伪产品和敏感元器件收入大致持平（同比增长6%/下降3%），受到烟草和空调市场整体疲软的影响，同时公司正在积极扩大其客户基础并提升其PTC 产品在新能源车市场上的份额。综合毛利率依然稳定：2016 年上半年激光设备毛利率同比上升3 个百分点，被敏感元器件毛利率同比下降5 个百分点所抵消。营业利润率上升1.6 个百分点，得益于2016 年二季度销售管理费用率改善（14%，而2015 年一季度为17%，2016 年我们的预测为18%）。   
　　估值：我们将2016-17 年每股盈利预测微调了-2%，因为高利润率激光全息防伪产品的进展不及预期。因此，我们将12 个月目标价格下调至人民币14.8 元（原为15.1 元），仍基于12 个月预期EV/GCI vs. CROCI/WACC（现金回报倍数为3.1 倍，溢价10%）。我们维持对该股的中性评级，因其不同业务板块的表现分化。   
　　主要风险：来自国内外品牌的竞争加剧；由于业务结构转离高利润率激光全息防伪产品而导致毛率走软。"
华工科技(000988)快报：激光设备大幅增长 海外市场成为亮点,公司,华金证券股份有限公司,张仲杰,2016-08-14,"投资要点   
    华工科技中期业绩实现较快增长: 2016 年中期公司实现营业收入16.44 亿元,同比增长30.43%;归属母公司净利润1.17 亿元,同比增长31.87%。公司业绩较快增长,发展态势符合预期。   
    激光设备收入大幅增长,毛利率明显提高:2016 年上半年,激光板块收入同比增长71.08%,毛利率同比上升3.46%。其中,精密事业部全力打造高性能产品,着力加强国际市场开拓力度,中小功率系列产品销售额大幅提升。高功率智能装备业务深挖行业大客户,进一步扩大了汽车白车身激光焊接及自动化装备在汽车制造领域的品牌影响力,巩固并提升了市场占有率。激光两大系列产品呈现齐头并进的良好态势。   
    敏感元器件业务保持平稳态势:该板块上半年收入2.93 亿元,同比略降3.13%。其中NTC 获得格力室外温度传感器和美的商用空调两大新项目,在热水器、咖啡壶领域实现新的突破; PTC 大举挺进空调加热领域,在奥克斯、TCL、格兰仕、创维、松下、海尔实现推广应用,新能源汽车加热产品市场份额进一步提升,发热器件占PTC 总体销售比重超过50%;汽车电子在巩固三电集团、日本JCS 独家供应的同时,多点突破、全面拓展,新开发长城、法雷奥等客户,PM2.5 传感器在上汽实现示范应用。我们认为该项业务在家电领域保持平稳,后续汽车电子市场开拓尤其值得关注。   
    光通信器件继续保持较快增长:该板块上半年收入6.14 亿元,同比增长29.23%,符合预期。其中10G 产品规模增长明显,新产品开发导入客户加快,并取得较好的市场份额,高速产品销售规模进一步扩大,累计增长近160%;自制BOSA 成功开发,并实现批量销售。可见测绘和光通讯类产品逐步形成公司业务新增长点。   
    激光全息防伪产品保持稳定:该板块上半年收入0.96 亿元,同比增长5.98%,即使烟草行业需求日益紧缩,公司仍然一举夺下各大中烟新品数量的90%以上。并成功中标公安部因私护照、银联卡标识等高端防伪项目,战略转型的二维码在传统的消费品标签之外,又打开乳品行业大门。定位转移纸客户拓展有序推进,上半年累计收入、利润同比保持稳步增长。该业务中期毛利率59.29%,保持较好盈利能力,   
    现代服务业板块处于开拓初期:公司围绕“以信息追溯为核心业务的数据服务商”的定位,完成东风乘用车发动机、武汉东方骏驰、南阳飞龙、芜湖飞龙等追溯项目的成功交付,已实现汽配行业从铸造,机加,装配整个环节的生产过程追溯;食品行业着力拓展防伪追溯营销信息管理平台以开展酒类、乳品、饮料等行业深度应用;进一步发挥渠道优势,整合“同质配件”产业链上下游资源,构筑公共服务于平台,着力拓展同质配件汽车后市场。该业务2016 年中期收入1628 万元,尽管目前该项业务规模尚小,但符合未来客户对产品信息全程追溯的广泛需求,增长潜力很大。   
    海外业务收入大幅增长形势喜人:2011-2015 年公司海外业务收入一直徘徊在0.8亿元左右。2016 年上半年海外业务收入达到1.85 亿元,同比增长111%。其中激光业务拓宽国际业务销售渠道,新增6 家海外代理商,上半年累计出口同比增长249%。光通讯器件依靠国际大客户诺基亚,并不爱立信达成合作协议、实现批量销售,销售较上年度同期实现约一倍的增长。敏感元器件巩固开利、JCS、佑理等国际大客户的销售份额,同时大发项目实现销售,上半年国际业务同比增长26.54%。2015 年公司海外业务收入占比18.26%,凭借公司产品结构和品牌优势,我们认为公司海外业务仍然一定的成长空间。   
    维持“买入-A”的投资评级和22.12 元的目标价:总体上公司上半年业绩符合预期,我们维持2016-2018 年每股收益0.24、0.36、0.51 元的预测值不变。公司非公开发行股票事项进展顺利,已经进入反馈意见阶段,募投项目有着良好的发展前景,有望为公司带来持续的发展动力,我们维持“买入-A”的投资评级。以及22.12 元的6 个月目标价。   
    风险提示:宏观经济形势出现较大波动,行业竞争态势更加激烈,公司业务进程迟缓等不确定因素导致业绩低于预期。"
华工科技(000988)点评：中报业绩亮眼 打造物联科技龙头,公司,东北证券股份有限公司,高鹏/张晗,2016-08-14,"报告摘要:   
    2016年上半年公司业绩高速增长:2016 年上半年,公司实现营业收入16.44 亿元,同比增长30.43%;归属于上市公司股东的净利润1.17亿元,同比增长31.87%,报告期内,公司光电器件和激光加工业务板块收入比有较大幅度的增长,从而提升了公司盈利水平。   
    着力打造智能制造和物联科技的龙头企业:公司瞄准智能制造和物联网的快速发展,充分整合公司优质资源和产品全面布局“智能制造”和“物联科技”两大业务,在激光先进装备制造、激光全息防伪等领域具有领先技术,正着力打造智能制造和物联科技龙头企业。   
    定增和发债齐头并进,业绩增长值得期待:公司3 月公告定增方案,拟非公开发行不超过12,000 万股,拟募集资18 亿元用于投资激光精密微纳加工智能装备产业化项目、智能工厂建设项目,物联网用新型传感器产业化等项目,目前该方案已经获得财政部批复。同时,公司董事会通过发债方案,拟发行不超过人民币10 亿元,期限不超过270天的超短期融资券,用于补充流动资金。公司定增和发债方案齐头并进,有利于进一步补充公司流动资金,优化产业结构,提升公司整体盈利水平。   
    子公司芯片将应用于特斯拉:子公司华工高理与特斯拉核心供应商韩国佑理成立了合资公司,双方强强联手,将进一步整合技术、市场、人才等资源,全面导入特斯拉新系列车型共同开发全球新能源汽车市场,对扩展公司业务和提升公司业绩有巨大推动效应。   
    投资建议与评级:我们预计公司2016-2018 年净利润为2.20 亿元、 2.67亿元和3.28 亿元,EPS 为0.25 元、0.30 元和0.37 元,PE 为77 倍、63 倍和51 倍,给以“增持”评级。   
    风险提示:激光加工系列成套设备和光电器件产品销售低于预期;下游客户需求放缓,新技术和产品无法满足客户需求。"
华工科技(000988)中报点评：激光与传感器动力十足 智能制造与物联网事业不断深入,公司,长江证券股份有限公司,莫文宇,2016-08-12,"报告要点    
    事件描述    
    8 月11 日晚,华工科技公告《2016 年中期报告》。报告期间内,公司实现营业收入16.44 亿元,同比增长30.43%;归属上市公司股东净利润1.17 亿元,同比增长31.87%。     
    事件评论     
    上半年公司取得营收利润双增长,是公司此前强化战略布局和高端核心产品研发的回报。具体业务看,华激光制造表现抢眼,是主要成长动力,传感器不断拓展应用领域,光通信新产品导入持续,激光、防伪在汽车和烟草行业产品优势带动赛百综合服务升级。    
    激光主业爆发,智能制造标杆。华工激光拥有国家级激光技术平台, 激光底蕴深厚,公司以精密激光加工配合自动化设备对接3C 及汽车制造产业打造智能制造的战略十分成功。上半年,激光公司收入同比增长71.08%,毛利率同比上升3.46%。随着公司定增项目推进,高功率智能装备客户有望突破,公司激光+自动化之路将不断深入。    
    世界级传感器不断攻城略地。华工高理子公司拥有国际水准的高精度微型NTC 温度传感器和PTC 加热器产品,在高端智能家电、新能源汽车领域应用广泛。上半年在新项目--格力室外温度传感器和美的商用空调、新领域--热水器和咖啡壶领域实现新突破。此外,公司目光长远,加码可穿戴设备温度传感器和物联网新型传感器,前景值得期待。    
    光通信与激光防伪转型发力。光通信10G 新品市场份额提升,BOSA 成为新增长点;全息防伪从烟草向个人信息与乳制品拓展。作为长期以来的业绩支撑,正源和图像不断增添新活力,看好裸眼3D、全息定位等新领域的突破。    
    公司五大子公司齐头并进,切入智能制造及万物互联大市场,激光设备、自动化集成和大数据平台协同作用,未来前景光明。我们维持“推荐”评级,预计2016——2018 年EPS 分别为0.25、0.36、0.49 元。      
    风险提示:业绩释放持续性不及预期"
华工科技(000988)中报点评：激光设备销售大超预期 整体业绩高增长值得期待,公司,国金证券股份有限公司,徐才华/潘贻立,2016-08-12,"事件   
　　公司公布2016 年半年报，实现营业收入16.44 亿元，同比增长30.43%，实现归属母公司净利润1.17 亿元，同比增长31.87%，EPS 为0.13 元。   
　　点评   
　　整体收入增长符合预期，董事会换届后公司将进入新的成长通道。公司背靠华中科技大学，下属产业板块涵盖智能制造、光通信、传感器、物联网、军工电子、量子通信等科技前沿领域，其最大的优势在于其多年来在激光领域的技术储备，包括在能量激光、激光防伪、激光通信等领域都处于国内行业前列，下游市场空间广阔。我们认为公司厚积薄发，产业布局和卡位具备明显优势，未来有很大的增长潜力。此外，董事会于2014 年6 月换届，新一届董事会对公司战略进行了梳理和调整，目前可见其成效初步显现，我们认为公司有望进入新的成长期。   
　　激光设备和光通信器件销售高增长，大超市场预期。激光设备制造板块实现销售收入5.90 亿元，同比增长71.08%，毛利率提升3.46%至29.41%，主要因国际市场的拓展成效显现，中小功率系列产品销售额大幅度提升，以及高功率智能装备业务的稳步推进。光通信器件板块实现销售收入6.14 亿元，同比增长29.23%，主要因行业的快速增长以及公司新产品的快速放量。我们认为公司的这两大核心业务板块高增长的主要原因除了行业因素外，还在于其技术实力得到了下游重要大客户的认可，有望支撑其未来几年的 发展。   
　　增发稳步推进，业绩逐步释放。公司于2016 年3 月31 日公布了18 亿元定增方案，拟发行不超过1.2 亿股，发行价格不低于15.86 元/股（中报分红后调整为15.83 元/股），用于投向激光精密微纳加工、大型激光先进制造装备及智能工厂、传感器（智能穿戴设备）、智能终端、高速光接入通讯终端和智能路由器等项目。此次增发是新一届董事会规划的第一次资本运作，也是公司下一阶段业务发展的重心，对于公司而言意义重大。同时，根据我们长期跟踪，判断公司很有可能进入业绩释放期，未来几年高成长值得期待。   
　　量子通信板块或迎来重磅催化剂，公司是核心标的之一。国家对于量子通信高度重视，8 月份可能择机发射量子通信卫星，同时，全球首条量子通信保密干线“京沪干线”有望建成，将对板块形成刺激。公司有专家团队专门从事量子点激光器的研发，技术上具备领先性，未来将逐步实现产业化。   
　　盈利预测   
　　考虑到激光设备的高增长以及其他业务板块的情况，我们小幅上调了公司的盈利预测，预测公司2016-2018 年的收入分别为32.90/41.50/51.60 亿元，同比增长25.6%/26.1%/24.3%，净利润为2.40/3.16/4.02 亿元，同比增长58.9%/32.0%/27.23%，EPS 为0.27/0.36/0.45 元。   
　　投资建议   
　　我们认为公司的新一届管理层具备优秀的能力和较强的动力做大企业规模，同时其前期的技术积累有望逐步转化为产品和市场，公司内部的资源整合也逐步显现成效，加上激光加工设备、光通信、传感器等行业下游需求回暖，未来几年公司的业绩增长确定性较高，且具备较大超预期的可能性。目前股价2016-2018 年的PE 分别为71 倍、53 倍和42 倍，我们维持公司的“买入”评级，6-12 个月目标价为22 元。"
华工科技(000988)调研简报：协同共进 打造智能制造和物联科技平台,公司,东北证券股份有限公司,高鹏/张晗,2016-07-31,"协同发展，打造智能制造和物联科技平台： 华工科技旗下五大核心子公司，以感知层的高理公司和图像公司为战略基点，以华工正源为传输层，以赛百公司为数据层，以华工激光为主要执行层，打造以传感器和光通信器件销售，信息处理传送，数据服务和激光领域自动化装备和产线整体解决方案的贯通全产业链的高科技型公司。公司瞄准智能制造和物联网的快速发展，充分整合公司优质资源和产品着力打造成智能制造额物联科技的龙头企业。   
　　定增加码主业，高速成长值得期待： 公司3 月公告拟非公开发行不超过12000 万股，拟募集资金18 亿元，用于投资激光精密微纳加工智能装备产业化项目，基于激光机器人系统的智能工厂建设项目，物联网用新型传感器产业化项目和智能终产业基地项目。本次非公开发行，主要为研制生产新型多功能传感器，实现物联网用传感器的进一步发展，也将实现公司产品结构进一步升级，提升公司整体盈利水平，公司未来高增长值得期待。   
　　发挥人才创新优势，创新驱动公司发展：坚持以人为公司发展的第一要素，公司现有研发人员1000 余人，其中国家千人计划8 人。公司发挥人才驱动创新优势，完善技术创新体系。加大研发投入，紧跟国家战略进行研发部署。2015 年，公司主导的“汽车制造中的高质高效激光焊接、切割关键工艺及成套装备项目”获国家科技进步一等奖。   
　　投资建议与评级：预计公司2016-2018 年的净利润为2.2 亿元、2.67亿元和3.28 亿元，EPS 为0.25 元、0.3 元、0.37 元，市盈率分别为76倍、63 倍、51 倍，给予“增持”评级。   
　　风险提示：下游客户需求放缓，新技术和产品无法满足客户需求"
华工科技(000988)深度分析-四大业务各具特色 智能制造崭露头角,公司,华金证券股份有限公司,张仲杰,2016-05-22,"新的战略新的看点：华工科技四大业务各具特色，在四位一体的综合战略指引下，凭借强大的研发实力所形成的有力支撑，有望在工业互联网时代打造出“智能制造，物联科技”的综合实力，公司即将迎来业绩增长与价值提升的新时代。   
    激光加工设备需求广泛，市场兴旺：公司大功率激光加工设备因技术重大突破带来订单持续放量，3C行业快速发展拉动中小功率激光设备旺盛需求。激光技术+自动化+精密加工取得新突破意味着智造转型，激光精密微纳加工智能装备产业化项目确有不同凡响之处，基于激光机器人系统的智能工厂建设项目立足高端，达产后预计盈利规模可观，预计2016-2018年公司激光设备业务有望呈现较快增长。光通讯器件业务布局“端管云”，智能终端备战5G时代：我国4G投资已近高潮，公司收入也几近翻番，目前经营上聚焦优质大客户，实施产品精耕细作，推动光模块到“端、管、云”的战略转型，预计未来3年该业务保持平稳发展态势。智能终端项目实为备战5G时代，预计到2019年实现量产，再现新的发展篇章。   
    传感器感知世界，天地广阔：公司在家电传感器领域龙头地位稳固，智能家居新潮袭来带来新机遇；近年汽车电子强势发展，传感器需求将快速增长；新能源汽车更是一枝独秀，传感器配置数量激增；未来可穿戴设备需求量也是非常可观；工业4.0催动传感器升级换代，物联网用新型传感器项目业务收入有望3年翻番。预计2017-2018该业务将进入新一轮快速发展阶段。   
    激光全息防伪产品定位独特，市场潜力可观：全息二维码兼具物联追溯和防伪双重功能，市场广阔。激光全息转移纸项目也有望成为新的增长点。该项业务毛利率较高，收入稳步推进，可持续性较强。估计2016-2018年该项业务收入有望呈现平均30%左右的较快增速。   
    公司战略从四个层次布局“智能制造+物联科技：感知层以传感器+图像信息为基点，传输层以光器件与智能终端为基础，数据层以追随系统提供综合信息服务，执行层以激光智能装备为有效突破口。总体上公司将四大产业有机结合，最终应用于智能工厂，公司四大业务的叠加效应将会形成独有的核心竞争力。   
    公司研发持续投入，实力雄厚，亮点频现：公司历年来新技术新产品成果丰硕，有赖于研发体系实力强大，研发投入持续强势，销售占比维持高位，关键技术优势明显，公司研发投入增速在15家可比公司中名列前茅。   
    公司业绩有望保持较快增长：综合上述分析，我们预测2016-2018年公司主营业务收入分别为33.61、43.14、56.36亿元，归属于母公司的净利润分别为2.16、3.17、4.56亿元，对应每股收益分别为0.24、0.36、0.51元，这意味着公司2016-2018年的净利润年复合增速为44.17%。   
    公司合理价值明显高于目前市价：为更好的评估华工科技四大业务板块的潜在价值，我们根据不同业务分别选取相应的上市公司作为估值对比参照样本，以5月20日收盘价计算，光电器件系列产品、激光加工及系列成套设备、敏感元器件、激光全息防伪系列产品、计算机软件及信息系统集成的市值分别为27.8、165、30.55、32.83、5.5亿元合计总市值为261.69亿元5月30日公司总市值为1541.49亿元，二者相差72.74%，从长期来看，公司合理价值明显高于目前的市场价值。合理股价23.69元，投资评级“买入-A”：参照6家可比公司估值，考虑相应的安全边际，华工科技每股合理价值为22.12元，对应2017年61.4倍的市盈率，5月20日的收盘价为17元，公司动态市盈率、市净率、市销率均低于历史均值，给予“买入-A”的投资评级。   
    风险提示：我们的业绩假设前提是宏观经济基本维持稳定运行的格局，智能装备行业稳中有进，同时供给侧低端产能逐步消减，若上述基本面出现较大变化，有可能导致盈利预测不达预期。"
华工科技(000988)一季报点评：增速符合预期 定增募集资金扩大产能 后续发展值得期待 维持“买入”评级,公司,上海申银万国证券研究所有限公司,孔凌飞/李凡,2016-05-05,"投资要点：   
　　公司公告：一季度营收7.69 亿元，去年同期5.83 亿元，同比增长32%，净利润4490 万，去年同期2895 万元，同比增长55%。   
　　净利润增长55%，增长符合预期。公司业绩增长的主要原因是本期激光加工成套设备、光电器件产品、激光全息防伪产品销售收入增长。能量激光板块：大功率激光在汽车焊接切割技术获得重量级突破，打破国外垄断。高端精密加工上，公司皮秒级激光技术走在蓝宝石切割前列。通讯激光板块：板块发展受益国家4G 网络的铺设以及国家对网络提速的升级要求。   
　　定增募集资金扩大产能，公司后续增长值得期待。定向增发拟募集资金约18 亿元，发行股份梳理不超过1.2 亿股，发行价格不低于15.86 元/股。激光精密微纳加工智能装备产业化项目，拟投资3.5 亿元。激光机器人系统的智能工厂建设项目，拟投资3.5 亿元。物联网用新型传感器产业化项目，拟投资5 亿元。物联网用新型传感器产业化项目，拟投资5亿元。   
　　公司将以“智能制造”和“物联科技”两条主线带动五大业务板块融合发展。公司将致力打造成为一家以华工高理为输入端、华工正源为传输层、华工赛百为数据服务层以及华工激光为执行层的工业互联网企业。   
　　维持16 年盈利预测，维持“买入”评级。暂时不考虑定增募投项目所带来的利润贡献，我们预计16-18 年EPS 为0.33/0.45/0.54 元，目前股价对应PE 为54/40/33倍。同时考虑公司在蓝宝石切割、量子通信以及工业物联网上技术优势，给予“买入”评级。"
华工科技(000988)季报点评：新一轮快速成长期可能已经到来,公司,国金证券股份有限公司,徐才华/潘贻立,2016-05-03,"事件   
公司公布一季度报告，实现销售收入7.69 亿元，归母净利润0.45 亿元，分别同比增长31.94%和55.10%，扣非后归母净利润为0.38 亿元，同比增长49.79%，EPS 为0.05 元。   
    我们近期对公司进行调研，对于公司的发展经营情况进行了跟踪。   
　　点评   
    公司主要依靠技术推动产品销售，实现业绩的较快增长：公司最大的优势在于其多年来在激光领域的技术储备，包括在能量激光、激光防伪、激光通信等领域都处于国内行业前列。从长期来看，公司的发展主要依靠技术优势转化为产品的竞争优势，紧紧抓住激光行业和物联网产业发展的大趋势，在大小功率激光切割、焊接设备，光通讯器件，全息图像防伪以及物联网等领域实现业绩的较快增长。   
    公司的内部资源整合效果已有显现，企业效率有望提升：自新一届董事会上任以来，公司在内部资源整合方面有诸多动作，围绕着打通上市公司下属几大核心子公司的渠道、客户、技术等方面开展整合，提升企业整体运营效率。同时，公司加大了内部激励机制，特别是对于子公司管理层的考核和激励力度比以往有大幅度提升。我们认为，此举对于公司未来发展有重要意义，能够帮助公司提升增长质量。   
    增发项目布局几大战略性项目，有助于企业长期发展，提升企业竞争力：公司于2016 年3 月31 日公布了18 亿元定增方案，拟发行不超过1.2 亿股，发行价格不低于15.86 元/股，用于投向激光精密微纳加工、大型激光先进制造装备及智能工厂、传感器（智能穿戴设备）、智能终端、高速光接入通讯终端和智能路由器等项目。此次定增募投的几大项目有望为公司带来新的增长点，对于公司未来实现长期可持续发展有重要作用。   
    公司逐步成为一个高端制造大平台，未来成长空间大、确定性高。公司围绕“制造向高端，服务型制造” 的转型战略，在智能制造和物联科技两大领域做产业转型升级和布局。我们认为公司有多方面的竞争优势，再考虑到内部资源的整合效果逐步显现，未来其优势将逐步发挥出来。考虑到公司下游应用需求不断升级，未来公司的发展空间仍然很大。   
　　盈利预测   
    我们预测公司2016-2018 年的收入分别为31.35/38.00/45.40 亿元，同比增长19.7%/21.2%/19.5% ， 净利润为2.30/3.08/3.95 亿元， 同比增长52.42%/33.94%/28.23%，EPS 为0.26/0.35/0.44 元。   
　　投资建议   
    我们认为公司的新一届管理层具备优秀的能力和较强的动力做大企业规模，同时其前期的技术积累有望逐步转化为产品和市场，公司内部的资源整合也逐步显现成效，加上激光加工设备、光通信、传感器等行业下游需求回暖，未来几年公司的业绩增长确定性较高，且具备较大超预期的可能性。目前股价对应2016-2018 年的PE 分别为66/50/39 倍，综合考虑公司的成长性和市场未来可能的热点偏好，我们给与公司“买入”评级，6-12 个月目标价为22 元。"
