浦发银行(600000)调研简报：强化对公业务 有望受益于金融中心建设,公司,广发证券股份有限公司(2010-02-09合并前),余晓宜/沐华,2009-05-18,"强化对公业务的发展战略将延续浦发银行是对公业务主导的股份制银行，近期发展目标仍然是强化对公业务，尤其是加强对重点地区的服务。长远上看，浦发银行以零售业务为重点进行转型。薪酬结构是其零售业务转型中需要调整的部分。上海国际集团对浦发银行的投资属于战略性投资。由于浦发在发展中起核心平台作用，上海国际集团在现阶段不会减持解禁的股份，未来的持股比例也将保持在30%左右。此次浦发银行计划定向增发150 亿，上海国际集团也将参与部分，具体时间需待监管部门批准，银行方面在积极推进中。   
    息差有望1季度见底09 年1 季度，浦发银行贷款增速为25.39%，居于上市银行前列，贷款主要投向省级和市级的政府项目，地产类贷款中的开发贷占比上升，同时出于风控考虑，适当压缩了批发零售类贷款。四月份的情况与行业整体一致，短期贷款出现负增长，中长期贷款继续增加。   
    息差方面，08 年3 季度是银行近期息差的高点，银行认为1 季度息差已基本见底，同业业务收益已能保本，并逐渐转正，预期对此后的息差有所帮助。   
    资产质量较为可靠08 年末关注类及不良贷款量的上升，部分由于监管当局要求下浦发银行在08 年末相应严格了贷款划分及拨备计提。09 年1 季度，浦发银行的资产质量各项指标出现好转，不良、关注及逾期类贷款均出现双降。1 季度没有核销，仍计提了14.25 亿拨备，同比增加42%，拨备覆盖率进一步提升至218.32%。我们认为浦发银行的拨备计提审慎，资产质量较为可靠。当前的拨备及不良水平处于业内优良水平，09 年在清收核销不良的基础上，拨备有望对利润形成反哺。   
    投资建议与风险提示   
    我们维持对浦发银行的盈利预测。预计浦发银行2009年净利润为137.70亿元，同比增长10.02%，我们认为在经济下行周期，稳健经营的浦发银行是股份制银行中防御性较高的品种，且受益于上海市金融平台建设具有较大的发展机遇。维持对其“买入”评级，目标价为27元/股，对应12.68倍2009年PE，2.85倍2009PB。风险提示方面，建议关注其制造业及零售贷款质量的变化，以及定向增发募资能否取得顺利进展。"
浦发银行(600000)：拨备前营业利润符合预期 净利息收入略低于预期,公司,北京高华证券有限责任公司,徐然/高钥群,2009-05-07,"与预测不一致的方面   
    浦发银行公布09 年一季度实现税后净利润人民币30 亿元，同比上涨5%，占我们全年预测的23%。拨备前营业利润符合预期，主要原因在于：1) 手续费及佣金收入增长强劲，同比上涨25%，环比上涨7%（占我们全年预测的22%）；2) 成本控制有效，营业费用同比下降22%，而营业收入同比仅下降1%。资产质量仍保持稳定，不良贷款环比下降3%，关注类贷款环比下降9%；不良贷款拨备覆盖率从08 年四季度的193%升至218%。净利息收入由于净息差收缩至2.07%（环比下降61 个基点，同比下降118 个基点）而同比下降4%，占我们全年预测的21%（略低于预期）。净息差收窄的主要原因在于：1) 资金成本降幅小于资产收益率；2) 低收益率的票据贴现贷款快速增长（环比增长280%，占09 年一季度总贷款的12%，而08 年四季度为4%）。   
    投资影响   
    我们维持对该股的中性评级。我们认为，浦发银行增发不超过人民币150 亿元股票的计划仍然是其股价的短期不确定因素。增发计划尚待监管机构批准。   
    我们维持基于2.19 倍的2009 年预期市净率计算得出的12 个月目标价格人民币19.4 元不变。风险：宏观经济复苏好于/弱于预期，资产质量风险高于/低于预期，浦发银行业绩好于/弱于预期。"
浦发银行(600000)调研简报：非公开增发利于估值提升,公司,华泰证券股份有限公司,刘晓昶,2009-05-06,总体来看，浦发银行业务经营良好，地域优势明显，受益于上海打造国际金融中心和召开世博会所提供的机遇，未来发展前景较好，目前估值合理，维持 “推荐”的投资评级。
浦发银行(600000)2009年1季报点评：1季度盈利符合预期 维持全年盈利预测和增持评级,公司,国泰君安证券股份有限公司,伍永刚/邱冠华,2009-05-05,"09 年1 季度浦发银行业绩增长符合预期，归属于母公司股东的税后净利润为29.60 亿元，同比正增长5.29%，环比正增长10.79%。   
    09 年1 季度浦发净利润同比正增长最主要的两个驱动因素是：（1）平均生息资产同比增长51.12%；（2）非利息净收入同比增长51.97%。   
    09 年1 季度浦发银行总资产、存款和贷款余额分别同比增长57.90%、35.08%和47.63%，均远高于行业平均。其中，信贷增长和同业资产是资产规模快速扩张的主要引擎。   
    09 年1 季度浦发银行的净息差和净利差分别为2.10%和2.00%，分别较08 年第四季度收窄63 和64 个bp。09 年1 季度浦发银行实现非利息净收入6.74 亿元，同比大增51.97%，环比下降2.29%。   
    09 年1 季度浦发银行不良贷款余额及比例实现双降，拨备覆盖率继续提高。其中，不良贷款余额为81.81 亿元，比年初下降2.86 亿元；   
不良贷款率为0.96%，比年初下降0.26 个百分点；不良贷款拨备覆盖率为218.32%，比年初增厚25.83 个百分点。   
    综上所述，浦发银行09 年1 季度净利润同比正增长主要源自规模扩张和非息净收入快增。净息差经过08 年第四季度和09 年第一季度的快速降低，已基本见底。   
    由此我们维持年报分析中对浦发银行的盈利预测。即预测浦发银行2009 年、2010 年分别实现净利润136.8、156.9 亿元，同比分别增长9.26%、14.76%；摊薄每股净收益分别为2.42 元、2.77 元；每股净资产分别为9.72 元、12.46 元。   
    按目前价格计算，浦发2009 年动态PB、PE 分别为2.38、9.59 倍；   
2010 年动态PB、PE 分别为1.86、8.36 倍。维持对浦发的增持评级和1 年内30 元的目标价，该目标价对应的2009 年PB、PE 为3.09倍、12.42 倍，2010 年PB、PE 为2.41 倍、10.82 倍。"
浦发银行(600000)季报点评：拨备充足 全年有望实现以量补价,公司,申万宏源集团股份有限公司,励雅敏/姚晨曦,2009-05-04,"季报业绩良好。总资产同比增长57.9%，环比增长14.5%；存款同比增长35.1%，环比增长14.6%；贷款同比增长48.7%，环比增长22.8%；主营净收入减少1.1%，拨备前利润增长12.9%，净利润增长5.5%，实现EPS0.52 元，年化ROE 26.4%。   
    成本收入比大幅下降是促使1 季度利润实现正增长的最重要因素。成本收入比由往年35%左右的水平下降至25.1%，但这么低的成本收入比就全年看较难持续，我们预计全年该比例在约36%左右，与08 年大体持平。   
    净息差收窄明显，量暂时补不了价。虽然贷款规模大幅增长，但由于新增贷款中票据贴现占比较高，部分贷款重新定价，贷款议价能力下降，基准及下浮贷款比例上升，以及存款定期化等因素，净息差也大幅收窄（估计约100bp），导致1 季度净利息收入同比下降4.3%，量暂时补不了价。但我们认为净息差在1 季度见底，并将于2、3 季度开始回升，全年约收窄55bp，有望实现以量补价。原因在于：（1）新增贷款中票据贴现占比将明显下降；（2）随着经济的回暖，相对高收益的中小企业贷款比例将有所回升；（3）存款重定价比例将多于贷款；（4）存款定期化趋势将有所缓和，并有向活期化演变的可能。   
    资产质量保持稳定，充足拨备提供缓冲空间。1 季度相比年初，浦发银行五级分类口径下不良贷款余额和比例出现双降（1.21%下降至0.96%），一逾二呆口径下余额上升但比例下降（0.87%下降至0.74%），拨备覆盖率由年初192%的高水平再次提升至218%。   
    维持增持评级。定向增发还在进行中，资本金的补充将解除未来两年公司发展的最大瓶颈，并保证公司有能力通过规模的快速扩张来实现业绩的持续增长。根据我们的预测，公司09、10 年净利润增速为4%和5%，目前股价对应09 年11.5 倍PE 和2.18 倍PB，结合ROE 和成长性看仍具备估值优势。"
浦发银行(600000)：2009年第一季度季报点评,公司,东北证券股份有限公司,唐亚韫,2009-05-04,"2009 年一季度末,公司实现主营业务收入79 亿元，同比下降1.7%，实现净利润29.6 亿元，同比增长5.3%，实现每股收益0.523 元，实现每股净资产7.95 元。实加权平均净资产收益率6.58%。   
    净息差的快速下降是银行营业收入同比下降的主要原因，净利润能够同比保持正向增长的主要原因是成本收入比的迅速下降、非息业务收入的增长和有效税率的下降。   
    从数据上看，浦发银行的资产质量出现了持续的优化，按照中国银监会的五级分类标准继续实现了不良贷款余额和不良贷款率的双降，按照银监会的五级分类的情况看；截止2009 年3月31 日，浦发银行的五级分类的不良贷款余额为81.82 亿元，比去年年底的84.67 亿元减少了2.85 亿元，不良贷款率为0.96%；比去年年底的1.21%下降了25 个基本点。 不良贷款覆盖率为218.32%，比去年年底的192.49%提高了25.83 个百分点。   
    维持前期盈利预测和谨慎推荐投资评级。"
浦发银行(600000)季报点评：不良贷款“双降” 拨备水平再度提高,公司,海通证券股份有限公司,范坤祥,2009-05-04,盈利预测和估值建议。2009 年1 季度浦发整体的经营情况符合我们的预期，息差有所收窄，经营费用支出较少，同时公司的资产质量良好，拨备覆盖率进一步提升，但由于2008 年净利润基数较高，我们认为公司2009 年业绩面临一定负增长的压力。我们预计2009 年至2011 年公司的EPS 分别为1.67 元、2.11 元和2.82 元，BVPS 分别为10.04 元、11.43元和13.26 元，按最新的收盘价计算，公司2009 年至2011 年的PE 分别为13.8x、10.9x 和8.2x；PB 分别为2.3x、2.0x和1.7x。公司在上市银行中估值水平偏高，这很大程度上由于公司较高ROE 水平的支撑，公司今年定向增发的完成可能会在一定程度上降低ROE，并对公司股价产生一定的负面影响。我们维持前期的观点，定向增发具体细节公布后股价如果短期调整会带来较好的投资时机，维持“增持”的投资评级。
浦发银行(600000)：1 季报点评,公司,国金证券股份有限公司,张英/陈建刚/李伟奇,2009-05-04,"09 年1 季度公司实现归属母公司股东净利润19.61 亿（EPS0.523），同比增长5.5%，符合我们以及市场的预期。公司资产质量表现以及拨备覆盖率仍然较好，但息差下降幅度较快，在生息资产同比增速非常高的基础上，净利息收入仍然下降了4.3%。   
    业绩简评：   
    同业带动资产规模快速增长。公司08 年3 季度开始持续吸收同业存放（08 年3 季度、4 季度、09 年1 季度分别新增同业负债734 亿、1083亿、1128 亿），同业负债的增加对规模增长的作用明显。截止1 季度末公司资产规模已达1.5 万亿，同比增长57.9%。公司利用资金业务突破严重依赖对公业务的瓶颈战略上看没有错，只是08 年4 季度以来资金市场收益率下降速度过快，1 季度回购利率到达1%以下，同业这块业务利差很有可能产生倒挂。   
    息差下降幅度超过预期。我们测算公司1 季度净息差为2.09%，比08年1 季度下降了1.2%，比08 年全年下降了91BP，下降幅度超过我们预期。公司的息差下降幅度与交行相似，而这两个银行的特点都是在08年4 季度以及09 年1 季度持续吸收了同业负债。   
    资产质量维持双降，拨备覆盖率提升。不良余额比年初下降2.8 亿，不良率0.96%，比年初下降25BP。关注类贷款余额比年初下降8.96 亿，关注类占比1.1%，比年初下降37BP。拨备计提14.25 亿，比08 年同期上升了4.22 亿，导致拨备覆盖率进一步上升到218.32%，比年初还提高了25.83BP。资产质量以及拨备情况较好。   
    1 季度下降幅度较快。费用同比下降了26.8%，考虑到公司的资产贷款快速增长、利息收入也增长了12%，费用下降幅度的来源值得探讨。从资产负债表看，公司应付工资从08 年底的69 亿下降到62 亿，下降幅度也很正常。费用的下降使成本收入比从08 年的37%下降到25%。   
    盈利预测与投资建议：   
    我们维持公司摊薄后09/10 年EPS2.12/2.26 元的盈利预测，同比增长7.7%和7.6%。目前股价对应2.21x09PB/10.44x09PE，估值处于合理区间。我们认为浦发在规模增长与业绩增长上的确定性高于同业，公司较高的费用以及拨备覆盖率使其具备很强的财务平滑能力。同时作为上海市政府的核心金融平台，公司将受益于上海金融中心的建设，我们维持对公司的“买入”评级。"
浦发银行(600000)年报点评：定向增发补充资本 以量补价效果未明,公司,平安证券股份有限公司,刘英华,2009-04-30,"业绩预测及估值   
    维持“中性”评级。按4月10日收盘价计算，08年PB、PE分别为2.99和9.97倍。预计09年EPS为2.01，BVPS为10.35，对应PB、PE分别为2.15和11.05倍。维持“中性”评级。"
浦发银行(600000)年报点评：依靠高拨备释放业绩,公司,天相投资顾问有限公司,王逸峰/石磊,2009-04-30,"浦发银行2008年实现营业收入346亿元，同比增长33.6%；实现净利润125.16亿元，同比增长127.6%。基本每股收益为2.21元。分配预案为每10股送4股派2.3元（含税）。   
    开始通过拨备释放业绩：2008年末，浦发银行的不良贷款率为1.21%，较年初下降25BP，但较3季度末上升2BP；拨备覆盖率为192.49%，较年初提高1.41个百分点，但较3季度末23.42个百分点。这表明浦发银行已开始通过拨备释放业绩。   
    规模增长快于预期：2008年末，浦发银行贷款总额为6976亿元，较年初增长26.6%；存款总额为9473亿元，较年初增长24.1%。存贷款增速均高于预期。期末活期存款比重为41.9%，较年初下降6.4个百分点，较中期末下降2.3个百分点，活期存款比重的快速下降使未来的资金成本高于预期。期末贴现贷款的比重为3.7%。   
    净利息收益率小幅下降：2008年，浦发银行净利息收益率为3.05%，同比下降7BP。这主要是受贷款占生息资产的比重下降，活期存款定期化等因素影响。我们预计，2009年上述负面因素将有望反转，但随着降息效应的逐步体现，其净利息收益率仍将大幅下降。   
    高拨备是实现2009年净利润目标的保障：对于2009年，浦发银行制定了资产规模增长18%，存款增长19%，贷款增长28%的目标，同时将不良贷款率控制在1.2%以内；净利润与2008年扣除一次性退税款9.4 亿元后的净利润相比，增长10%左右。我们预计，通过贷款的继续高速增长，2009年浦发银行的净利息收入有望同比上升；尽管最终净利润可能小幅增长，但将可能需要通过大幅降低拨备覆盖率来释放业绩。   
    2008年末，浦发银行的资本充足率为9.06%，核心资本充足率为5.03%。浦发银行重提增发A股议案，拟向特定对象非公开发行不超过150亿元，预计可提升核心资本充足率约2%。   
为此，浦发银行可能通过拨备的释放来改善短期业绩。   
    我们认为，浦发银行有望通过规模的快速增长和拨备的释放完成净利润目标，但拨备释放的效果缺乏持续性。暂不考虑潜在的股本变动因素，预计2009-2010年的EPS分别为2.22元和2.29元。考虑到短期内净利润仍可能有较快同比增长，维持“增持”评级。"
浦发银行(600000)：低收益资产占比提高收窄四季度息差,公司,中国中金财富证券有限公司,陈水祥,2009-04-30,"公司净利润同比增长127.61％，利润增长的主要驱动因素是生息资产增长、非息收入增长、所得税率降低。公司08 年的成本收入比基本保持不变，2008 年贷款同比增长26.6％，生息资产同比增长44.76%，生息资产大幅增长的主要原因是同业资产与投资资产分别增长143.3%与66.3％。   
    年度净息差收窄7 个基点，四季度净息差环比大幅收窄52 个基点。公司08 年4季度大幅增加了同业与债券投资等相对收益较低的生息资产配置比重，导致其净息差大幅收窄52 个基点。四季度净利息收入环比下降2.3 亿，预计与08 年3 季度开始的降息以及存款的定期化相关。   
    手续费及佣金收入增加7.3 亿元，增长45.67％。主要来源是顾问咨询费、银行卡与担保费用。而非息收入大幅增长9.1 亿元，公允价值变动由07 年的-2.1 亿元增加到3.0 亿元，与债券在年底降息周期公允价值增加有关。   
    四季度大幅增加拨备，但全年信贷成本率仍显著低于07 年。公司08 年各季度的拨备成本不均衡，前三季度计提16.7 亿元，而4 季度计提20.49 亿元，我们猜测加大计提力度的原因是不良贷款余额增加以及拨备的转出，08 年打包出售不良贷款17.65 亿元，同时转出拨备。   
    不良指标环比小幅上升。公司不良贷余额环比增加了8 亿元，不良贷款率上升了2个基点。相比年初余额上升约4 亿元，而不良贷款率则下降了25 个基点。按照加回打包出售的不良贷款计算公司年度的不良贷款毛形成率0.52％，预计与去年长三角某些企业出现问题有一定联系。   
    税收返还使实际税率降至18％。公司在4 季度收到以前年度的税收返还共9.4 亿元，再加上税改与工资费用税前扣除获批，公司所得税率大幅降低至18.2％。   
    盈利预测与投资评级：增发8 亿股的假设下，按送股前股本计算，维持公司09-10 年1.90、2.33 元的盈利预测，09 年PB 估值低于行业平均，维持“推荐”评级。"
浦发银行(600000)1季报快评：息差降幅较大 费用大幅压缩,公司,国信证券股份有限公司,邱志承/谈煊,2009-04-30,"维持“谨慎推荐”投资评级   
    浦发银行的1 季报略有增长，与市场预期基本一致。好于预期的主要是而费用支出、资产质量和规模的高增长，但息差回落幅度较大，要大于市场预期。我们之前的调研报告中曾认为，浦发银行目前战略目标更倾向于规模的扩大，此外，浦发有较大的拨备和费用支出的缓冲空间。这些因素共同作用，使浦发银行2009 年虽然息差下降较多，但全年营业收入能有所增长，而支出包括经营费用和拨备支出，都能得到较好的控制，进而带来全年业绩的平稳增长。   
    我们全年预测基本不变，维持“谨慎推荐”投资评级。"
浦发银行(600000)2009年1季报点评：负债成本大幅上升导致息差收窄 疑与定期化有关,公司,安信证券股份有限公司,高源,2009-04-30,"浦发银行2009年1季度实现归属母公司利润29.6亿，同比增速5.3%。银行去年1季度单季的利润基数较低，因此同比增速优于已公布季报的行业平均，这一业绩符合我们之前的预期。   
    浦发1季度贷款新增23%，但单季度净利息收入环比负增长10%，主要的压力来资金成本的大幅度上升。1季度单季付息率上升67bp到2.63%，导致利息支出环比上升54%。   
    其他利润项基本正常，单季度信用成本偏高，但季度的信用成本参考意义不大。   
    负债成本大幅上升导致息差收窄，疑与定期化有关   
    1季度单季浦发银行的息差降低69bp到2.46%，息差降低的幅度大概在行业平均。   
浦发银行的生息率几乎与四季度持平，单季度付息率却出人意料的上升67bp到2.63%   
    考虑到1季度同业间资金成本低于去年年末，我们怀疑资金成本的快速上升更大程度来自存款的定期化（并且很可能集中在3、6个月定期）。   
    1季度末，含贴现贷存比上升至77%   
    1季度末，含贴现贷存比上升到77%。虽然预计扣除贴现后在75%以下，但银行资金运用的压力已经比较大。这也可能是银行负债成本上升的原因之一。   
    资产质量   
    1季度末银行不良双降，资产质量情况非常好，仅在损失类贷款余额出现了1.8亿的上升。   
    季末银行的拨备覆盖率从去年末的192%提高到218%，单季度的信用成本75bp。   
但我们认为单季度的信用成本参考意义不大，银行的拨备政策走向仍需持续观察。   
    维持“增持-A”投资评级。"
浦发银行(600000)调研报告：长远前景广阔 短期效益可期,公司,华泰证券股份有限公司,刘晓昶,2009-04-22,"浦发银行是上海打造国际金融中心的第一受益银行股。目前公司规模、盈利能力等在国内中型股份制银行中位居前列。2008 年末公司总资产达到13094.25 亿元；当年实现净利润125.16 亿元，比上年同期增长127.61%，折合基本每股收益2.21 元。   
    2008 年末公司吸收存款9472.94 亿元，比年初增长24.08%；发放贷款6975.65 亿元，比年初增长26.60%。贷款增速超越存款增速。   
存款以企业活期存款和企业定期存款为主。 08 年公司的存款定期化倾向更加明显，各项定期存款（包括企业定期和储蓄定期）合计比重达到43.10%。预计未来央行如果不进一步降息，则09 年公司净息差或基本见底，净息差在未来几个季度可能回升。   
    浦发银行的贷款行业分布较为分散，主要集中在制造业、批发零售业、房地产业、地质水利业和交通通信业等，贷款地区主要集中在长三角的浙江、上海和江苏省。目前浦发银行的公司业务在同业中具有相对领先的竞争优势。公司表示2009 年对于省级政府支持的大项目、手续齐全的项目将是公司新增贷款的重要目标。   
    公司资产质量较为稳定。2008 年不良贷款率为1.21%，准备金覆盖率达到192.49%，在所有上市银行中处于领先地位。受益于银行卡、担保承诺、黄金、外汇等业务的扩大，公司中间业务收入增长良好。公司经营管理能力略有提升，体现在成本收入比下降、网均和人均经营业绩提升、总资产回报率和净资产收益率提升等多个方面。   
    2009 年公司将以服从效益为前提，并提出了明确的年度经营目标和中期愿景规划，具有一定的可操作性。   
    预计公司09 年实现净利润139.64 亿元，比上年增长11.57%，折合每股收益2.47 元。09 年动态市盈率和动态市净率分别为9.96倍和2.25 倍左右，目前估值基本合理，维持“推荐”评级。"
浦发银行(600000)：2008年业绩发布会议纪要,公司,中国中金财富证券有限公司,陈水祥,2009-04-15,"08 年下半年的不良贷款主要来自长三角加工制造企业，1 季度贷款质量表现较好。08 年新增不良贷款主要是来自沿海区域，公司业务集中于长三角地区，受经济波动影响较大，主要是加工型制造企业。公司今年加大核销与清收力度，遏制了资产质量下滑的趋势，风险预警方面已作了新的布置，在今年1 季度效果比较明显，资产质量情况较好。   
    如无降息政策，息差可能会在1 季度见底。08 年1 季度息差3.26%，08 年4 季度的息差大约是2.3＋%，如果央行没有新的降息政策，息差应该在今年1 季度已经见底。原因是在降息周期中，银行议价能力降低，贷款重定价快于存款，贷款采用借新还旧重定价直接到位。公司将调整资产结构，如无进一步降息政策，以后季度息差将回升。   
    主要争取省一级项目控制地方政府项目贷款风险。浦发银行在同类型同业（中型银行）中公司业务处于较好的水平，有一定的竞争优势，重点项目也有一定优势。主要选择省政府一级、手续完备、有还款保证的项目来控制贷款风险。   
    08 年4 季度加大资金业务是主动调整的结果。公司在08 年4 季度加大资金业务与个人业务的发展，主动加大了资金业务，4 季度息差下降并不是收益的下降，由于同业资产占比提高拉低了息差水平，而不是净利息收入。09 年将开始投资一些投资级信用债券。   
    盈利预测与投资建议：增发8 亿股的假设下，按送股前股本计算，维持公司09-11 年1.90、2.33、2.72 元的盈利预测，09 年PB 估值低于行业平均，08 年下半年公司不良贷款生成率虽有波动，但是1 季度贷款质量已得到较好的控制，我们维持“推荐”评级。"
浦发银行(600000)业绩发布会纪要,公司,国都证券股份有限公司,邓婷,2009-04-15,"4 月10 日参加公司业绩发布会，了解情况如下：   
    1. 业务发展情况。公司计划09 年贷款余额增长28%，新增贷款规模约为1924 亿。一季度公司新增贷款1500 亿，其中一般性贷款为900亿，占比为60%，这一规模和占比在中型股份制银行中都是最高的，这表明公司在对公贷款领域的竞争优势还是比较强的。   
    2．关于息差。08 年公司全年的净息差是3.06%，其中一季度最高为3.26%，四季度息差降至2.3%。四季度公司的息差降幅很大，这不仅与降息有关，还与同业资产占比大幅提高拉低了生息资产总体收益有关。   
虽然存贷款利率同时下降，但是由于银行间竞争激烈，公司的贷款利率一般通过借新还旧方式提前调整到位，而存款利率下调则相对滞后，因此公司息差下降的压力主要在去年四季度和今年一季度释放，一季度公司息差为2.2%,预计息差已在一季度见底, 后几个季度将会略有回升。   
    3．资产质量。 08 年末，公司不良贷款余额84.67 亿元，比中期增加8.5 亿，比07 年末增加4.67 亿元。报告期内，公司核销打包出售不良资产损失及一般损失类贷款共计23 亿元,清收18 亿元, 因此公司当年新生成的不良贷款约为45.7 亿元。 由于具有高拨备的基础，08 年公司的拨备计提力度开始放缓, 全年计提贷款减值损失约35 亿元，信贷成本下降至0.56%，拨备覆盖率为192.5%，只比07 年提高1.4% 。   
09 年公司的目标是把不良控制在1.2%以内，目前公司整体的资产质量仍然较好，预计公司09 年的拨备计提压力仍然比较小，并且公司有能力继续小幅提高拨备覆盖率。   
    4．关于融资计划。公司表示上市10 年以来，公司在资本市场总计融资只有130 亿元，这使得公司在资本充足度上与后来新上市的银行存在一定差距。资产规模的扩张、新业务的申请及综合经营的开展都对公司的资本提出了更高的要求，为此解决资本不足的短板成为公司09 年的重要任务。由于公开增发受阻，公司改以向不超过10 家机构投资者定向增发融资。目前增发具体对象尚未确定，由于增发将摊薄每股收益，预计这将在一定程度上制约公司的股价表现。   
    5．盈利预测及投资建议。公司今年制定了比较高的贷款规模增长目标，这既是应对息差下降之计，也是受融资压力驱使。贷款的高增长及拨备计提力度的减少将成为公司业绩实现利润增长的主要保障。我们预计公司09、10 年利润分别同比增长7.5%和14.1%（09 年比较基数为08年净利润扣除9.4 亿元一次性退税后），在股本摊薄15%的假设下，公司09、10 年每股收益分别为1.91 元和2.18 元。"
浦发银行(600000)年报交流会实录：扩张2009,公司,东方证券股份有限公司,顾军蕾/王鸣飞,2009-04-15,"此次年报交流会印证了我们对公司息差趋势的判断。我们认为，2008 年1季度以来息差的逐季回落有望在2009 年1 季度见底，从二季度开始，实体经济的回暖迹象和银行的资产负债结构调整将有助于息差企稳回升。   
    此次年报交流会还印证了我们对公司2008/2009 年规模快速发展的趋势判断。我们根据公司经营计划微调了2009/2010 年浦发银行的利润预测，预计2009 年公司净利润总量与2008 年基本持平，可比口径增长8%左右。   
由于资产总量的大幅扩张，在利率环境不发生重大变化情况下，不考虑增发，2010 年公司净利润增速在30%以上，但净资产收益率将逐步回归正常水平至20%左右。在这一时期完成核心资本的补充将对其未来三至五年的发展具有重要意义。   
    2009 年我们对银行的投资逻辑是“高贝塔、低估值”。浦发在经营管理层调整后，经营风格更为积极，其主动负债管理和积极资本运作在宽松的货币环境下均有利于利润的增长。浦发银行的资本杠杆原处于不低的水平，而规模扩张将进一步提升其经营杠杆，接近我们“高贝塔”的选择标准。其相对估值在行业中处于中等偏高，目前动态PB2.41X，动态PE10.2X。因此维持“增持”评级。"
浦发银行(600000)业绩发布会会议纪要,公司,申万宏源集团股份有限公司,姚晨曦/励雅敏,2009-04-15,2009 年4 月10 日下午，浦发银行在上海举行了2008 年业绩发布会。浦发银行董事长吉晓辉、副董事长陈辛、行长傅建华、副行长刘信义、财务总监傅能、风险总监穆矢、董秘沈思等高管出席了会议。以下是我们经过价值筛选整理后的会议纪要，供大家参考。
深度＊公司＊浦发银行(600000)：定向增发促进规模增长,公司,中银国际证券股份有限公司,袁琳,2009-04-15,"上海浦发银行08年实现净利润125.2亿元，同比上涨127.6%，这主要得益于税收支出减少、贷款规模迅速扩张和相对较低的拨备费用水平。资本充足率依然是制约浦发银行扩张的瓶颈因素，董事会决定定向增发150亿以补充资本金。08年四季度浦发银行的净息差下降较快，未来一两个季度，该行仍将通过做大规模来弥补息差下滑的压力。由于高风险地区和行业的贷款比重相对偏高，资产质量依然面临较大风险。   
    支撑评级的要点   
    资本充足率成为制约其扩张的瓶颈，定向增发150亿如果能够顺利完成将有利于该行未来的长远发展和业务扩张。   
    09年该行将会施行较大规模的扩张，一方面弥补了息差下滑的损失，另一方面也推迟了不良贷款的显现。但是增加较快的次级类不良贷款和90天以内的逾期贷款值得进一步关注。贷款的地区和行业分布所面临的高风险仍然存在。   
    影响评级的主要风险   
    定向增发计划难以施行，同时监管层拒绝将一级混合资本债纳入核心资本；   
    宏观经济出现剧烈波动，导致其规模扩张的风险迅速上升。   
    估值   
    按照未来的预测值并考虑增发的影响，目前的估值分别在2.2倍09年市净率和1.9倍10年市净率，高于行业的平均水平。考虑到浦发银行的规模扩张较快，将目标价由17.17元上调至20.49元，但仍然维持卖出评级。"
浦发银行(600000)：息差见底 规模先行,公司,上海证券有限责任公司,郭敏,2009-04-14,"投资建议：   
    未来六个月内，“跑赢大市”；   
    公司经营稳健，资产质量相对较稳健，09 年规模增长仍将保持较快速度，若定向增发完成后，将解决公司未来发展的资本金制约因素，有利于提升公司长期竞争实力。不考虑增发对净资产影响，我们预计09 年、10 年公司的每股收益为2.31 元和2.61 元，当前股价对应09年、10 年的每股市净率和市盈率分别为9.53 倍、8.46 倍和2.45 倍、2.04 倍，给予公司“跑赢大市”评级。"
浦发银行(600000)调研简报：业绩发布会纪要,公司,海通证券股份有限公司,范坤祥,2009-04-14,"简单分析和投资建议。本报告将这些会上投资者比较关注的信息进行了整理和分析，深入的交流加深了我们对公司的了解。我们认为，公司4 季度由于同业业务比重的大幅增加，带动了浦发4 季度息差水平的明显收窄，4 季度单季息差为2.69%，较前三季度合计的3.17%下降了48 个bp。而4 季度存贷业务增长都比较稳健，收益率和资金成本也相对稳定，资金业务高增长拉低息差，我们认为是对货币市场收益率下行的“提前”反映和“过度”反映。由于2009 年3 月份以后货币市场资金价格相对平稳，浦发2009 年2 季度以后息差的弹性会高于大部分同业。浦发2008 年网点人员增加较快，2009年的新增规划也较多，由此对2009 年的费用控制会产生一定压力，尽管巨额的应付工资开始有所下降对形成一定缓冲作用。另外，由于信贷高增长使得短期内不良贷款不会出现大幅暴露，浦发高拨备覆盖率反哺利润的现象已经开始显现，我们认为2009 年公司的信贷成本在同业中具有一定优势。总的来看，我们对于公司未来两年的业绩增长持谨慎乐观的看法，上海地方政府背景可以帮助公司2009 年2 季度后兼具增长弹性和业绩的可持续性。目前浦发PE 和P/A 估值在股份制商业银行中都具有一定的吸引力，PB 估值偏贵，接近了我们认为合理区间的上限，但这也属于公司高ROE 的反映。   
    公司估值水平面临的最大不确定性在于增发的实施，如果增发得以完成，浦发的ROE 必然大幅下降，这会对估值水平产生一定的不利影响。我们依然认为增发方案公布后或可带来较好的投资机会，目前依然维持“增持”的投资评级。"
浦发银行(600000)：息差快速下降 新增信贷结构较好,公司,国海证券有限责任公司,冯伟,2009-04-14,"有效税率的大幅下降及生息资产快速增长助推亮丽业绩。浦发银行2008 年净利润实现127.61%的同比增长，基本与预期一致。其中，有效税率的大幅下降、生息资产规模的快速增长以及拨备支出增速下降是净利润大幅增长的主要原因。   
    利息净收入季度环比下降，源于息差下降较多。浦发银行2008年生息资产快速增长，尤其是在08 年4 季度，余额环比增长19%左右。而浦发银行08 年净息差较07 年下降了7bp，尤其是08 年4 季度明显下降，环比下降超过40bp，在已披露上市银行中下降最快。这直接导致4 季度净利息收入环比迅速下降。   
    存款定期化延续，新增贷款结构较好。公司存款定期化趋势延续。新增贷款结构较好，08 年末票据贴现在总贷款中的比重较中期不仅没有上升，反而有所下降，下降46bp，反映新增贷款中一般性贷款比重较大。   
    信贷质量面临压力，但拨备较为充足。年末公司不良环比“双升”，不良余额较3 季末上升8.03 亿元，不良率由3 季末的1.19%升至1.21%，信贷质量面临一定压力。公司4 季度大幅计提拨备约20.5 亿元，08 年末公司的拨备覆盖率192.49%，依然处于较高水平   
    公司董事会通过定向增发方案，预计募集资金不超过150 亿元。在08 年成功发行了82 亿元次级债后，公司资本充足率提高至9.06%，如果09 年定向增发成功，将突破目前资产扩张的瓶颈。   
     估值及投资建议。在考虑09 年定向增发成功后，目前公司09年动态PE、PB 分别为10.79 倍和2.18 倍，处于上市银行的中端水平。上海金融中心等概念也持续给公司带来一定正面影响，我们维持之前“增持”的投资评级。"
浦发银行(600000)：融资势在必行 助推扩张超预期,公司,兴业证券股份有限公司,王倩,2009-04-14,"“税改红利”是业绩快增的最大贡献因子,有效税率大幅下降超过30 个百分点至18.22%，仅税率单项因素就贡献36%的净利润，推动业绩快速增长。   
    受降息、存款定期化、资金业务扩张影响，净息差明显收窄，08 年四季度单季净息差仅为2.3%，预计09 年一季后净息差将触底回升。   
    受区域性业务结构影响，不良贷款形成率大幅增长。实际新增不良贷款突破46 亿元，不良贷款形成率自07 年0.10%大幅增加至0.86%，资产质量压力显现。   
    我们按照8 亿股募集150 亿元以及发行150 亿元次级债计算，公司09 年底资本充足率将达到11%以上、核心资本充足率7%左右，能满足监管和扩张需要。   
    我们看好公司在基建贷款和个人贷款上的优势，公司09 年完成融资的确定性较大，如果考虑09 年完成8 亿股增发，融资150 亿元，则2009 年、2010 年、2011 年每股收益2.07 元、2.38 元、3.17 元，每股净资产为10.60 元、12.69 元、15.48 元，增速分别为7%、15%、33%，维持“推荐”的长期投资评级"
浦发银行(600000)年报点评：贷款投放力度加大保业绩增长,公司,方正证券承销保荐有限责任公司,张景,2009-04-14,"存在风险：    
    宏观经济面下滑使银行的系统性风险增大    
    公司的制造业贷款占比高    
    综合评价及评级调整：    
    以增发8亿股计算，我们预计2009、2010年每股收益为2.0元、2.28元（以增发前股本计算分别为2.28元、2.60元）。公司一季度非贴现贷款增长较快有利于提高收益率，一季度利润同比正增长的可能性较大，维持公司的""谨慎推荐""投资评级。"
浦发银行(600000)年报点评：定向增发将助解决公司资金瓶颈,公司,上海证券有限责任公司,郭敏,2009-04-13,"投资建议：   
    未来六个月内， “跑赢大市”；   
    公司经营稳健，资产质量相对较稳健，09 年规模增长仍将保持较快速度，若定向增发完成后，将解决公司未来发展的资本金制约因素，有利于提升公司长期竞争实力。不考虑增发对净资产影响，我们预计09 年、10 年公司的每股收益为2.31 元和2.61 元，当前股价对应09年、10 年的每股市净率和市盈率分别为9.53 倍、8.46 倍和2.45 倍、"
浦发银行(600000)年报点评：经营稳健 税改受益明显,公司,广发证券股份有限公司(2010-02-09合并前),余晓宜/沐华,2009-04-13,"净利润同比大增127.61%，税改受益明显   
    实现净利润125.16亿元，每股收益2.21元，同比大幅增长127.61%，税改受益明显。除去税收因素， 08年实现营业收入345.61亿元，同比增长33.56%，各季度增长较为平稳；实现税前利润153.03亿元，同比增长42.25%。推动业绩增长的主要因素为有效税率下降、利息收入增长及非息收入增长。   
    资金业务成亮点，息差下降压力中等   
    08 年浦发银行非息收入同比增长78.38%，资金业务在其中贡献最大，债券投资收益和承销手续费收入均出现较高正增长。手续费及佣金净收入增速保持较好，但对营业收入贡献度依然偏低。08 年末净息差为3.05，较年初下降7BP，从季度环比看呈下滑趋势，09 年息差缩窄的压力加大，预计下滑55BP 左右。   
    不良风险可控，但有进一步提升拨备的必要   
    08 年整体拨备计提力度相比以往并未出现大幅增加，不良余额虽然出现反弹但仍在可控范围。鉴于未来不良的反弹趋势，银行仍有进一步提高拨备的必要。   
    盈利预测与风险提示   
    预计09 年浦发银行净利润为137.70 亿元，同比增长10.02%，每股收益为2.13 元。我们认为在经济下行周期，稳健经营的浦发银行是股份制银行中防御性较高的品种，且受益于上海市金融平台建设具有较大的发展机遇。给予其“买入”评级。须关注其地产业及零售贷款的不良风险，以及其定向增发募资能否取得顺利进展。"
浦发银行(600000)：08年业绩交流会议纪要,公司,国泰君安证券股份有限公司,伍永刚/邱冠华,2009-04-13,"交流主要围绕净息差、资产质量、新增信贷、资金业务和资本扩充计划等方面展开。   
    净息差   
    1、08 第4 季度浦发银行的净息差收窄至2.3%左右，若央行不进一步大幅降息，管理层预计净息差会在09 年1 季度见底；   
    2、08 年浦发银行个贷收益率高达9%以上，主要是经营性贷款利率上浮做的贡献。   
    资产质量   
    1、09 年一季度浦发银行的资产质量保持良好，在去年底基础上有所优化；   
    2、08 年浦发打包处置不良资产20 亿，现金清收18 亿，核销5.9 亿。   
    资金业务   
    为促使浦发银行的发展走在股份制银行前列，未来几年管理层很可能会加大同业资金业务的运作力度。   
    资本补充计划   
    1、定向增发议案正在董事会讨论过程中，定向增发对象尚未最终确定。   
    2、未来几年，浦发银行将通过多元化经营和资本管理策略，争取将风险资产权重维持在60%的常态水平。"
浦发银行(600000)年报点评：扩张2009,公司,东方证券股份有限公司,顾军蕾,2009-04-13,"浦发银行2008 年度实现净利润125 亿,同比增长127.6%。每股收益2.21元,分红计划为10 送4 股派现2.3 元。公司推出非公开增发计划,拟发行不超过总股本20%股份,筹资不超过150 亿元,每股发行价格按定价规则计不低于18.61 元(按送股后价格计不低于13.29 元)。   
    年报中值得注意的有如下几点:   
    规模增长冲抵利差下降。2008 年度生息资产增长46%,尤其是08 年三、四季度生息资产增长较快。全年贷款增长27%,其中公司贷款和个人贷款分别增长28%和19%。除存款增长外,下半年同业存放的快速增长也成为主要的资金来源之一。利差在08 年1 季度高见3.39%后逐季回落至四季度的2.71%,下降20%,两相冲抵,拨备前利润增长34%。   
    税收因素贡献较大。由于法定税率的下降和年内退税清缴,有效所得税率由2007 年的48.9%下降至2008 年的18.22%,为净利润的增长做出极大贡献。   
    下半年不良贷款余额上升4.4 亿至84.7 亿,全年不良贷款率有所下降至1.21%。公司加大了现金清收力度,拨备覆盖率继续提升至192%。   
    2009 年,尽管税收因素不再重现,公司将依然依靠规模的快速增长弥补利差的下降。预计2009 年首季公司的贷款增速仍居可比公司前列,公司新的五年规划也提出资产规模上2 万亿的目标。我们维持先前的判断,即公司与业内大部分公司相似,首季利差延续下降趋势。但由于实体经济自3 月起有回暖迹象,贷款需求和信贷质量将转向正面,利差下降趋势有望在二季度至三季度结束。   
    预计2009 年浦发银行的拨备前利润略有增长,净利润比2008 年增长6%,考虑完成派发红股情况下每股收益1.67 元。目前动态市盈率9.41 倍,考虑增发融资150 亿的动态PB2.05X,不考虑增发动态PB2.33X。   
    浦发在经营管理层调整后,经营风格更为积极,开始主动负债管理,2009年将有150 亿金融债、150 亿次级债和100 亿混和资本债的融资计划,以及150 亿核心资本的增发计划。这种相对积极的风格在宽松的货币环境下有利于利润的增长。   
    我们认为2009 年银行的投资主题将是“高贝塔、低估值”的个股。我们认为浦发银行未来会更充分地利用资本市场进行资产负债管理,同时在金融创新上可能有更多看点。因此公司的贝塔值将会抬高,2009 年的市场环境下结合公司的融资计划股价将较为活跃。维持“增持”评级。"
浦发银行(600000)：公开增发改定向增发有效保护了流通股东利益,公司,国金证券股份有限公司,张英/陈建刚/李伟奇,2009-04-10,"浦发08 年度实现净利润125.2 亿（EPS2.21），同比增长127.5%，符合我们及市场预期。127.5%的增速是上市银行中最高的。   
    年报最值得关注之处在于：董事会决议通过向特定对象非公开发行股票的议案，这表明08 年3 月的 “公开增发”将改为“定向增发”。议案称，发行价格将由竞价确定，但不得低于公告前20 日均价20.64 元的9 折，即18.58 元。融资金额为150 亿，按最低价认购，为8 亿股左右。锁定期限为1 年。我们认为，增发补充核心资本有助于公司的业务发展；公开增发改定向增发有利于保护流通股东利益；对投资者来说是利好消息。   
    财务数据点评：4 季度规模快速增长，导致4 季度单季息差下降较快；4 季度不良贷款略有反弹，但整体不良率及不良新生成率仍然稳定。   
    4 季度生息资产环比增长19.1%。为了加大放贷力度“以量补价”，公司希望提高负债储备以满足信贷资金需求，因此4 季度公司仍然持续吸纳同业存款，同业存款比3 季度末增加了1037 亿（占到3 季度期末生息资产余额的约10%）。同时由于放贷力度加大，派生存款也增加较快，4 季度末存款环比增长了约9%。这两个原因造成公司生息资产增速大幅提升。   
    受规模余额快速增长的影响，4 季度息差下降较为明显。公司公告08年息差3.05%，比07 年下降了7BP。我们测算4 季度单季度息差在2.71%，环比下降了约50BP。规模高增长部分抵消了息差下降的影响，4 季度净利息收入环比略有下降。   
    整体不良率及不良新生成率仍然稳定。08 年底不良率1.21%，比年初下降了25BP， 不良贷款余额略上升了4.4 亿；关注类贷款比例1.47%，比年初下降了36BP。4 季度不良贷款余额与关注类贷款余额略有反弹，分别比3 季度末上升了8.0 亿、6.8 亿。公司核销6.0 亿， 不良净生成率为0.17%；公司打包处置了不良资产转回拨备17.65 亿元，4 季度末可疑类与损失类合计比3 季度末下降了约17 亿（分别为7.2亿、10.3 亿），因此打包处置的不良资产可能大部分来源于这两类。   
    4 季度拨备力度加大。4 季度单季度拨备计提20.5 亿，是1-3 季度总和的123%，这是4 季度单季度净利润环比下降的最主要原因。08 年信贷成本0.60%，拨备覆盖率192.5%，信贷成本与拨备仍然是较谨慎。   
    盈利预测与投资建议：   
    我们维持公司摊薄后09/10 年EPS2.12/2.26 元的盈利预测，同比增速9.26%和6.86%。预计09/10 年BVPS 分别是10.14/11.95 元。公司目前估值水2.17x09PB/10.43x09PE，维持我们昨天报告中的观点：相对于公司的ROE 水平，以及业绩的确定性来说，目前估值水平具有吸引力。在市场的质疑声中，我们一直首推浦发银行，目前公司的投资价值得到了市场的认可，送配方案方案较好（每10 股派送红股4 股、现金股利2.3 元人民币(含税),），我们继续维持公司的“买入”评级。"
浦发银行(600000)简要分析：不良贷款增加率较高 宣布融资计划,公司,北京高华证券有限责任公司,徐然/高钥群,2009-04-10,"主要负面因素：1) 折年不良贷款净增加率在08 年下半年升至1.07%的高位，如果下半年没有核销及出售不良贷款（分别为人民币3.66 亿元和18 亿元），则不良贷款余额将达到人民币106 亿元水平（环比增长25%）；2) 净息差收缩幅度超过预期，部分原因在于目前息差较窄的银行间存款增幅较高（08 年下半年增长282%）；3) 风险上升，原因在于表外信贷业务继续高速增长导致下半年风险加权资产的环比增幅18%超过了贷款的环比增幅12%。主要积极因素：下半年经营环境困难重重，08 年手续费及佣金收入较预期高6%。   
潜在影响   
    在我们看来，浦发银行不良贷款增加率较高的原因在于：1) 高风险的制造业贷款比重较高，占总贷款的25%，而行业平均水平为23%；2) 贷款相对集中于受全球经济衰退打击较为严重的长三角地区（占贷款的44%）。积极的方面在于，浦发银行可能已经在08 年下半年执行了更保守的不良贷款分类制度，因其不良贷款余额明显超过了逾期贷款余额。我们期待从浦发银行的业绩推介会上了解以下更多消息：1) 08 年四季度不良贷款趋势以及09 年一季度相关前景的详细情况；2)浦发银行的定向增发计划。我们正在重新评估我们对该行的预测及目标价格。"
浦发银行(600000)年报点评：息差收窄提前反映 未来业绩弹性增强,公司,海通证券股份有限公司,范坤祥,2009-04-10,"增发压力依然较大，公司的ROE 和估值水平会受到一定压制   
    4 季度浦发的核心资本充足率再次下降，而同时风险加权资产的增速超过我们此前的预期，公司的增发压力依然较大。从公司对2009 年的展望来看，管理层希望资产增速达到18%，而贷款增长则高达28%。在分享浦发高增长的同时，我们认为公司的留存利润难以支持如此快速的规模增长，不考虑增发的情景中，我们估计公司的核心资本充足率仍有下降的可能。而如果增发得以完成，浦发的ROE 必然大幅下降，这会对估值水平产生一定的不利影响。   
    在不考虑增发的情景中，我们预计2009 年至2011 年公司的EPS 分别为1.94、2.64 和3.07 元，BVPS 分别为8.59、10.35和12.28 元。浦发2009 年2 季度之后息差具有较强的弹性，公司稳健的经营作风以及高拨备覆盖率可为2009 年和2010年的业绩增长提供一定支撑，加上浦发较快的规模增长，我们对未来两年的业绩增速持谨慎乐观的看法。按最新的收盘价计算，公司2009 年至2011 年的PE 分别为11.4x、8.4x 和7.2x；PB 分别为2.5x、2.1x 和1.8x。目前浦发PE 和P/A估值在股份制商业银行中都具有一定的吸引力，PB 估值偏贵，接近了我们认为合理区间的上限，但这也属于公司高ROE的反映。公司估值水平面临的最大不确定性在于增发的实施，我们依然认为增发方案公布后或可带来较好的投资机会，目前依然维持“增持”的投资评级。"
